date,sequence,frame_id,image_path,lidar_path,image_ok,lidar_ok,image_height,image_width,lidar_points
2011_09_26,2011_09_26_drive_0001_sync,0000000000,E:\monodepth_project\data\kitti\2011_09_26\2011_09_26_drive_0001_sync\image_02\data\0000000000.png,E:\monodepth_project\data\kitti\2011_09_26\2011_09_26_drive_0001_sync\velodyne_points\data\0000000000.bin,True,True,375,1242,121015
2011_09_26,2011_09_26_drive_0001_sync,0000000001,E:\monodepth_project\data\kitti\2011_09_26\2011_09_26_drive_0001_sync\image_02\data\0000000001.png,E:\monodepth_project\data\kitti\2011_09_26\2011_09_26_drive_0001_sync\velodyne_points\data\0000000001.bin,True,True,375,1242,121151
2011_09_26,2011_09_26_drive_0001_sync,0000000002,E:\monodepth_project\data\kitti\2011_09_26\2011_09_26_drive_0001_sync\image_02\data\0000000002.png,E:\monodepth_project\data\kitti\2011_09_26\2011_09_26_drive_0001_sync\velodyne_points\data\0000000002.bin,True,True,375,1242,121483
2011_09_26,2011_09_26_drive_0001_sync,0000000003,E:\monodepth_project\data\kitti\2011_09_26\2011_09_26_drive_0001_sync\image_02\data\0000000003.png,E:\monodepth_project\data\kitti\2011_09_26\2011_09_26_drive_0001_sync\velodyne_points\data\0000000003.bin,True,True,375,1242,121604
2011_09_26,2011_09_26_drive_0001_sync,0000000004,E:\monodepth_project\data\kitti\2011_09_26\2011_09_26_drive_0001_sync\image_02\data\0000000004.png,E:\monodepth_project\data\kitti\2011_09_26\2011_09_26_drive_0001_sync\velodyne_points\data\0000000004.bin,True,True,375,1242,121779
2011_09_26,2011_09_26_drive_0001_sync,0000000005,E:\monodepth_project\data\kitti\2011_09_26\2011_09_26_drive_0001_sync\image_02\data\0000000005.png,E:\monodepth_project\data\kitti\2011_09_26\2011_09_26_drive_0001_sync\velodyne_points\data\0000000005.bin,True,True,375,1242,121948
2011_09_26,2011_09_26_drive_0001_sync,0000000006,E:\monodepth_project\data\kitti\2011_09_26\2011_09_26_drive_0001_sync\image_02\data\0000000006.png,E:\monodepth_project\data\kitti\2011_09_26\2011_09_26_drive_0001_sync\velodyne_points\data\0000000006.bin,True,True,375,1242,121848
2011_09_26,2011_09_26_drive_0001_sync,0000000007,E:\monodepth_project\data\kitti\2011_09_26\2011_09_26_drive_0001_sync\image_02\data\0000000007.png,E:\monodepth_project\data\kitti\2011_09_26\2011_09_26_drive_0001_sync\velodyne_points\data\0000000007.bin,True,True,375,1242,121997
2011_09_26,2011_09_26_drive_0001_sync,0000000008,E:\monodepth_project\data\kitti\2011_09_26\2011_09_26_drive_0001_sync\image_02\data\0000000008.png,E:\monodepth_project\data\kitti\2011_09_26\2011_09_26_drive_0001_sync\velodyne_points\data\0000000008.bin,True,True,375,1242,122227
2011_09_26,2011_09_26_drive_0001_sync,0000000009,E:\monodepth_project\data\kitti\2011_09_26\2011_09_26_drive_0001_sync\image_02\data\0000000009.png,E:\monodepth_project\data\kitti\2011_09_26\2011_09_26_drive_0001_sync\velodyne_points\data\0000000009.bin,True,True,375,1242,122402
2011_09_26,2011_09_26_drive_0001_sync,0000000010,E:\monodepth_project\data\kitti\2011_09_26\2011_09_26_drive_0001_sync\image_02\data\0000000010.png,E:\monodepth_project\data\kitti\2011_09_26\2011_09_26_drive_0001_sync\velodyne_points\data\0000000010.bin,True,True,375,1242,122486
2011_09_26,2011_09_26_drive_0001_sync,0000000011,E:\monodepth_project\data\kitti\2011_09_26\2011_09_26_drive_0001_sync\image_02\data\0000000011.png,E:\monodepth_project\data\kitti\2011_09_26\2011_09_26_drive_0001_sync\velodyne_points\data\0000000011.bin,True,True,375,1242,122554
2011_09_26,2011_09_26_drive_0001_sync,0000000012,E:\monodepth_project\data\kitti\2011_09_26\2011_09_26_drive_0001_sync\image_02\data\0000000012.png,E:\monodepth_project\data\kitti\2011_09_26\2011_09_26_drive_0001_sync\velodyne_points\data\0000000012.bin,True,True,375,1242,122460
2011_09_26,2011_09_26_drive_0001_sync,0000000013,E:\monodepth_project\data\kitti\2011_09_26\2011_09_26_drive_0001_sync\image_02\data\0000000013.png,E:\monodepth_project\data\kitti\2011_09_26\2011_09_26_drive_0001_sync\velodyne_points\data\0000000013.bin,True,True,375,1242,122566
2011_09_26,2011_09_26_drive_0001_sync,0000000014,E:\monodepth_project\data\kitti\2011_09_26\2011_09_26_drive_0001_sync\image_02\data\0000000014.png,E:\monodepth_project\data\kitti\2011_09_26\2011_09_26_drive_0001_sync\velodyne_points\data\0000000014.bin,True,True,375,1242,122501
2011_09_26,2011_09_26_drive_0001_sync,0000000015,E:\monodepth_project\data\kitti\2011_09_26\2011_09_26_drive_0001_sync\image_02\data\0000000015.png,E:\monodepth_project\data\kitti\2011_09_26\2011_09_26_drive_0001_sync\velodyne_points\data\0000000015.bin,True,True,375,1242,122455
2011_09_26,2011_09_26_drive_0001_sync,0000000016,E:\monodepth_project\data\kitti\2011_09_26\2011_09_26_drive_0001_sync\image_02\data\0000000016.png,E:\monodepth_project\data\kitti\2011_09_26\2011_09_26_drive_0001_sync\velodyne_points\data\0000000016.bin,True,True,375,1242,122296
2011_09_26,2011_09_26_drive_0001_sync,0000000017,E:\monodepth_project\data\kitti\2011_09_26\2011_09_26_drive_0001_sync\image_02\data\0000000017.png,E:\monodepth_project\data\kitti\2011_09_26\2011_09_26_drive_0001_sync\velodyne_points\data\0000000017.bin,True,True,375,1242,122260
2011_09_26,2011_09_26_drive_0001_sync,0000000018,E:\monodepth_project\data\kitti\2011_09_26\2011_09_26_drive_0001_sync\image_02\data\0000000018.png,E:\monodepth_project\data\kitti\2011_09_26\2011_09_26_drive_0001_sync\velodyne_points\data\0000000018.bin,True,True,375,1242,122219
2011_09_26,2011_09_26_drive_0001_sync,0000000019,E:\monodepth_project\data\kitti\2011_09_26\2011_09_26_drive_0001_sync\image_02\data\0000000019.png,E:\monodepth_project\data\kitti\2011_09_26\2011_09_26_drive_0001_sync\velodyne_points\data\0000000019.bin,True,True,375,1242,121870
2011_09_26,2011_09_26_drive_0001_sync,0000000020,E:\monodepth_project\data\kitti\2011_09_26\2011_09_26_drive_0001_sync\image_02\data\0000000020.png,E:\monodepth_project\data\kitti\2011_09_26\2011_09_26_drive_0001_sync\velodyne_points\data\0000000020.bin,True,True,375,1242,121860
2011_09_26,2011_09_26_drive_0001_sync,0000000021,E:\monodepth_project\data\kitti\2011_09_26\2011_09_26_drive_0001_sync\image_02\data\0000000021.png,E:\monodepth_project\data\kitti\2011_09_26\2011_09_26_drive_0001_sync\velodyne_points\data\0000000021.bin,True,True,375,1242,121514
2011_09_26,2011_09_26_drive_0001_sync,0000000022,E:\monodepth_project\data\kitti\2011_09_26\2011_09_26_drive_0001_sync\image_02\data\0000000022.png,E:\monodepth_project\data\kitti\2011_09_26\2011_09_26_drive_0001_sync\velodyne_points\data\0000000022.bin,True,True,375,1242,121316
2011_09_26,2011_09_26_drive_0001_sync,0000000023,E:\monodepth_project\data\kitti\2011_09_26\2011_09_26_drive_0001_sync\image_02\data\0000000023.png,E:\monodepth_project\data\kitti\2011_09_26\2011_09_26_drive_0001_sync\velodyne_points\data\0000000023.bin,True,True,375,1242,121321
2011_09_26,2011_09_26_drive_0001_sync,0000000024,E:\monodepth_project\data\kitti\2011_09_26\2011_09_26_drive_0001_sync\image_02\data\0000000024.png,E:\monodepth_project\data\kitti\2011_09_26\2011_09_26_drive_0001_sync\velodyne_points\data\0000000024.bin,True,True,375,1242,121180
2011_09_26,2011_09_26_drive_0001_sync,0000000025,E:\monodepth_project\data\kitti\2011_09_26\2011_09_26_drive_0001_sync\image_02\data\0000000025.png,E:\monodepth_project\data\kitti\2011_09_26\2011_09_26_drive_0001_sync\velodyne_points\data\0000000025.bin,True,True,375,1242,121376
2011_09_26,2011_09_26_drive_0001_sync,0000000026,E:\monodepth_project\data\kitti\2011_09_26\2011_09_26_drive_0001_sync\image_02\data\0000000026.png,E:\monodepth_project\data\kitti\2011_09_26\2011_09_26_drive_0001_sync\velodyne_points\data\0000000026.bin,True,True,375,1242,121544
2011_09_26,2011_09_26_drive_0001_sync,0000000027,E:\monodepth_project\data\kitti\2011_09_26\2011_09_26_drive_0001_sync\image_02\data\0000000027.png,E:\monodepth_project\data\kitti\2011_09_26\2011_09_26_drive_0001_sync\velodyne_points\data\0000000027.bin,True,True,375,1242,121556
2011_09_26,2011_09_26_drive_0001_sync,0000000028,E:\monodepth_project\data\kitti\2011_09_26\2011_09_26_drive_0001_sync\image_02\data\0000000028.png,E:\monodepth_project\data\kitti\2011_09_26\2011_09_26_drive_0001_sync\velodyne_points\data\0000000028.bin,True,True,375,1242,121524
2011_09_26,2011_09_26_drive_0001_sync,0000000029,E:\monodepth_project\data\kitti\2011_09_26\2011_09_26_drive_0001_sync\image_02\data\0000000029.png,E:\monodepth_project\data\kitti\2011_09_26\2011_09_26_drive_0001_sync\velodyne_points\data\0000000029.bin,True,True,375,1242,121340
2011_09_26,2011_09_26_drive_0001_sync,0000000030,E:\monodepth_project\data\kitti\2011_09_26\2011_09_26_drive_0001_sync\image_02\data\0000000030.png,E:\monodepth_project\data\kitti\2011_09_26\2011_09_26_drive_0001_sync\velodyne_points\data\0000000030.bin,True,True,375,1242,121129
2011_09_26,2011_09_26_drive_0001_sync,0000000031,E:\monodepth_project\data\kitti\2011_09_26\2011_09_26_drive_0001_sync\image_02\data\0000000031.png,E:\monodepth_project\data\kitti\2011_09_26\2011_09_26_drive_0001_sync\velodyne_points\data\0000000031.bin,True,True,375,1242,121214
2011_09_26,2011_09_26_drive_0001_sync,0000000032,E:\monodepth_project\data\kitti\2011_09_26\2011_09_26_drive_0001_sync\image_02\data\0000000032.png,E:\monodepth_project\data\kitti\2011_09_26\2011_09_26_drive_0001_sync\velodyne_points\data\0000000032.bin,True,True,375,1242,121239
2011_09_26,2011_09_26_drive_0001_sync,0000000033,E:\monodepth_project\data\kitti\2011_09_26\2011_09_26_drive_0001_sync\image_02\data\0000000033.png,E:\monodepth_project\data\kitti\2011_09_26\2011_09_26_drive_0001_sync\velodyne_points\data\0000000033.bin,True,True,375,1242,121237
2011_09_26,2011_09_26_drive_0001_sync,0000000034,E:\monodepth_project\data\kitti\2011_09_26\2011_09_26_drive_0001_sync\image_02\data\0000000034.png,E:\monodepth_project\data\kitti\2011_09_26\2011_09_26_drive_0001_sync\velodyne_points\data\0000000034.bin,True,True,375,1242,121266
2011_09_26,2011_09_26_drive_0001_sync,0000000035,E:\monodepth_project\data\kitti\2011_09_26\2011_09_26_drive_0001_sync\image_02\data\0000000035.png,E:\monodepth_project\data\kitti\2011_09_26\2011_09_26_drive_0001_sync\velodyne_points\data\0000000035.bin,True,True,375,1242,121210
2011_09_26,2011_09_26_drive_0001_sync,0000000036,E:\monodepth_project\data\kitti\2011_09_26\2011_09_26_drive_0001_sync\image_02\data\0000000036.png,E:\monodepth_project\data\kitti\2011_09_26\2011_09_26_drive_0001_sync\velodyne_points\data\0000000036.bin,True,True,375,1242,121194
2011_09_26,2011_09_26_drive_0001_sync,0000000037,E:\monodepth_project\data\kitti\2011_09_26\2011_09_26_drive_0001_sync\image_02\data\0000000037.png,E:\monodepth_project\data\kitti\2011_09_26\2011_09_26_drive_0001_sync\velodyne_points\data\0000000037.bin,True,True,375,1242,121197
2011_09_26,2011_09_26_drive_0001_sync,0000000038,E:\monodepth_project\data\kitti\2011_09_26\2011_09_26_drive_0001_sync\image_02\data\0000000038.png,E:\monodepth_project\data\kitti\2011_09_26\2011_09_26_drive_0001_sync\velodyne_points\data\0000000038.bin,True,True,375,1242,121378
2011_09_26,2011_09_26_drive_0001_sync,0000000039,E:\monodepth_project\data\kitti\2011_09_26\2011_09_26_drive_0001_sync\image_02\data\0000000039.png,E:\monodepth_project\data\kitti\2011_09_26\2011_09_26_drive_0001_sync\velodyne_points\data\0000000039.bin,True,True,375,1242,121535
2011_09_26,2011_09_26_drive_0001_sync,0000000040,E:\monodepth_project\data\kitti\2011_09_26\2011_09_26_drive_0001_sync\image_02\data\0000000040.png,E:\monodepth_project\data\kitti\2011_09_26\2011_09_26_drive_0001_sync\velodyne_points\data\0000000040.bin,True,True,375,1242,121587
2011_09_26,2011_09_26_drive_0001_sync,0000000041,E:\monodepth_project\data\kitti\2011_09_26\2011_09_26_drive_0001_sync\image_02\data\0000000041.png,E:\monodepth_project\data\kitti\2011_09_26\2011_09_26_drive_0001_sync\velodyne_points\data\0000000041.bin,True,True,375,1242,121467
2011_09_26,2011_09_26_drive_0001_sync,0000000042,E:\monodepth_project\data\kitti\2011_09_26\2011_09_26_drive_0001_sync\image_02\data\0000000042.png,E:\monodepth_project\data\kitti\2011_09_26\2011_09_26_drive_0001_sync\velodyne_points\data\0000000042.bin,True,True,375,1242,121387
2011_09_26,2011_09_26_drive_0001_sync,0000000043,E:\monodepth_project\data\kitti\2011_09_26\2011_09_26_drive_0001_sync\image_02\data\0000000043.png,E:\monodepth_project\data\kitti\2011_09_26\2011_09_26_drive_0001_sync\velodyne_points\data\0000000043.bin,True,True,375,1242,121230
2011_09_26,2011_09_26_drive_0001_sync,0000000044,E:\monodepth_project\data\kitti\2011_09_26\2011_09_26_drive_0001_sync\image_02\data\0000000044.png,E:\monodepth_project\data\kitti\2011_09_26\2011_09_26_drive_0001_sync\velodyne_points\data\0000000044.bin,True,True,375,1242,121149
2011_09_26,2011_09_26_drive_0001_sync,0000000045,E:\monodepth_project\data\kitti\2011_09_26\2011_09_26_drive_0001_sync\image_02\data\0000000045.png,E:\monodepth_project\data\kitti\2011_09_26\2011_09_26_drive_0001_sync\velodyne_points\data\0000000045.bin,True,True,375,1242,121226
2011_09_26,2011_09_26_drive_0001_sync,0000000046,E:\monodepth_project\data\kitti\2011_09_26\2011_09_26_drive_0001_sync\image_02\data\0000000046.png,E:\monodepth_project\data\kitti\2011_09_26\2011_09_26_drive_0001_sync\velodyne_points\data\0000000046.bin,True,True,375,1242,121463
2011_09_26,2011_09_26_drive_0001_sync,0000000047,E:\monodepth_project\data\kitti\2011_09_26\2011_09_26_drive_0001_sync\image_02\data\0000000047.png,E:\monodepth_project\data\kitti\2011_09_26\2011_09_26_drive_0001_sync\velodyne_points\data\0000000047.bin,True,True,375,1242,121505
2011_09_26,2011_09_26_drive_0001_sync,0000000048,E:\monodepth_project\data\kitti\2011_09_26\2011_09_26_drive_0001_sync\image_02\data\0000000048.png,E:\monodepth_project\data\kitti\2011_09_26\2011_09_26_drive_0001_sync\velodyne_points\data\0000000048.bin,True,True,375,1242,121607
2011_09_26,2011_09_26_drive_0001_sync,0000000049,E:\monodepth_project\data\kitti\2011_09_26\2011_09_26_drive_0001_sync\image_02\data\0000000049.png,E:\monodepth_project\data\kitti\2011_09_26\2011_09_26_drive_0001_sync\velodyne_points\data\0000000049.bin,True,True,375,1242,121875
2011_09_26,2011_09_26_drive_0001_sync,0000000050,E:\monodepth_project\data\kitti\2011_09_26\2011_09_26_drive_0001_sync\image_02\data\0000000050.png,E:\monodepth_project\data\kitti\2011_09_26\2011_09_26_drive_0001_sync\velodyne_points\data\0000000050.bin,True,True,375,1242,121799
2011_09_26,2011_09_26_drive_0001_sync,0000000051,E:\monodepth_project\data\kitti\2011_09_26\2011_09_26_drive_0001_sync\image_02\data\0000000051.png,E:\monodepth_project\data\kitti\2011_09_26\2011_09_26_drive_0001_sync\velodyne_points\data\0000000051.bin,True,True,375,1242,121735
2011_09_26,2011_09_26_drive_0001_sync,0000000052,E:\monodepth_project\data\kitti\2011_09_26\2011_09_26_drive_0001_sync\image_02\data\0000000052.png,E:\monodepth_project\data\kitti\2011_09_26\2011_09_26_drive_0001_sync\velodyne_points\data\0000000052.bin,True,True,375,1242,121740
2011_09_26,2011_09_26_drive_0001_sync,0000000053,E:\monodepth_project\data\kitti\2011_09_26\2011_09_26_drive_0001_sync\image_02\data\0000000053.png,E:\monodepth_project\data\kitti\2011_09_26\2011_09_26_drive_0001_sync\velodyne_points\data\0000000053.bin,True,True,375,1242,121923
2011_09_26,2011_09_26_drive_0001_sync,0000000054,E:\monodepth_project\data\kitti\2011_09_26\2011_09_26_drive_0001_sync\image_02\data\0000000054.png,E:\monodepth_project\data\kitti\2011_09_26\2011_09_26_drive_0001_sync\velodyne_points\data\0000000054.bin,True,True,375,1242,121937
2011_09_26,2011_09_26_drive_0001_sync,0000000055,E:\monodepth_project\data\kitti\2011_09_26\2011_09_26_drive_0001_sync\image_02\data\0000000055.png,E:\monodepth_project\data\kitti\2011_09_26\2011_09_26_drive_0001_sync\velodyne_points\data\0000000055.bin,True,True,375,1242,122072
2011_09_26,2011_09_26_drive_0001_sync,0000000056,E:\monodepth_project\data\kitti\2011_09_26\2011_09_26_drive_0001_sync\image_02\data\0000000056.png,E:\monodepth_project\data\kitti\2011_09_26\2011_09_26_drive_0001_sync\velodyne_points\data\0000000056.bin,True,True,375,1242,122170
2011_09_26,2011_09_26_drive_0001_sync,0000000057,E:\monodepth_project\data\kitti\2011_09_26\2011_09_26_drive_0001_sync\image_02\data\0000000057.png,E:\monodepth_project\data\kitti\2011_09_26\2011_09_26_drive_0001_sync\velodyne_points\data\0000000057.bin,True,True,375,1242,122223
2011_09_26,2011_09_26_drive_0001_sync,0000000058,E:\monodepth_project\data\kitti\2011_09_26\2011_09_26_drive_0001_sync\image_02\data\0000000058.png,E:\monodepth_project\data\kitti\2011_09_26\2011_09_26_drive_0001_sync\velodyne_points\data\0000000058.bin,True,True,375,1242,122415
2011_09_26,2011_09_26_drive_0001_sync,0000000059,E:\monodepth_project\data\kitti\2011_09_26\2011_09_26_drive_0001_sync\image_02\data\0000000059.png,E:\monodepth_project\data\kitti\2011_09_26\2011_09_26_drive_0001_sync\velodyne_points\data\0000000059.bin,True,True,375,1242,122405
2011_09_26,2011_09_26_drive_0001_sync,0000000060,E:\monodepth_project\data\kitti\2011_09_26\2011_09_26_drive_0001_sync\image_02\data\0000000060.png,E:\monodepth_project\data\kitti\2011_09_26\2011_09_26_drive_0001_sync\velodyne_points\data\0000000060.bin,True,True,375,1242,122421
2011_09_26,2011_09_26_drive_0001_sync,0000000061,E:\monodepth_project\data\kitti\2011_09_26\2011_09_26_drive_0001_sync\image_02\data\0000000061.png,E:\monodepth_project\data\kitti\2011_09_26\2011_09_26_drive_0001_sync\velodyne_points\data\0000000061.bin,True,True,375,1242,122306
2011_09_26,2011_09_26_drive_0001_sync,0000000062,E:\monodepth_project\data\kitti\2011_09_26\2011_09_26_drive_0001_sync\image_02\data\0000000062.png,E:\monodepth_project\data\kitti\2011_09_26\2011_09_26_drive_0001_sync\velodyne_points\data\0000000062.bin,True,True,375,1242,122266
2011_09_26,2011_09_26_drive_0001_sync,0000000063,E:\monodepth_project\data\kitti\2011_09_26\2011_09_26_drive_0001_sync\image_02\data\0000000063.png,E:\monodepth_project\data\kitti\2011_09_26\2011_09_26_drive_0001_sync\velodyne_points\data\0000000063.bin,True,True,375,1242,122270
2011_09_26,2011_09_26_drive_0001_sync,0000000064,E:\monodepth_project\data\kitti\2011_09_26\2011_09_26_drive_0001_sync\image_02\data\0000000064.png,E:\monodepth_project\data\kitti\2011_09_26\2011_09_26_drive_0001_sync\velodyne_points\data\0000000064.bin,True,True,375,1242,122376
2011_09_26,2011_09_26_drive_0001_sync,0000000065,E:\monodepth_project\data\kitti\2011_09_26\2011_09_26_drive_0001_sync\image_02\data\0000000065.png,E:\monodepth_project\data\kitti\2011_09_26\2011_09_26_drive_0001_sync\velodyne_points\data\0000000065.bin,True,True,375,1242,122474
2011_09_26,2011_09_26_drive_0001_sync,0000000066,E:\monodepth_project\data\kitti\2011_09_26\2011_09_26_drive_0001_sync\image_02\data\0000000066.png,E:\monodepth_project\data\kitti\2011_09_26\2011_09_26_drive_0001_sync\velodyne_points\data\0000000066.bin,True,True,375,1242,122627
2011_09_26,2011_09_26_drive_0001_sync,0000000067,E:\monodepth_project\data\kitti\2011_09_26\2011_09_26_drive_0001_sync\image_02\data\0000000067.png,E:\monodepth_project\data\kitti\2011_09_26\2011_09_26_drive_0001_sync\velodyne_points\data\0000000067.bin,True,True,375,1242,122763
2011_09_26,2011_09_26_drive_0001_sync,0000000068,E:\monodepth_project\data\kitti\2011_09_26\2011_09_26_drive_0001_sync\image_02\data\0000000068.png,E:\monodepth_project\data\kitti\2011_09_26\2011_09_26_drive_0001_sync\velodyne_points\data\0000000068.bin,True,True,375,1242,122850
2011_09_26,2011_09_26_drive_0001_sync,0000000069,E:\monodepth_project\data\kitti\2011_09_26\2011_09_26_drive_0001_sync\image_02\data\0000000069.png,E:\monodepth_project\data\kitti\2011_09_26\2011_09_26_drive_0001_sync\velodyne_points\data\0000000069.bin,True,True,375,1242,122945
2011_09_26,2011_09_26_drive_0001_sync,0000000070,E:\monodepth_project\data\kitti\2011_09_26\2011_09_26_drive_0001_sync\image_02\data\0000000070.png,E:\monodepth_project\data\kitti\2011_09_26\2011_09_26_drive_0001_sync\velodyne_points\data\0000000070.bin,True,True,375,1242,122973
2011_09_26,2011_09_26_drive_0001_sync,0000000071,E:\monodepth_project\data\kitti\2011_09_26\2011_09_26_drive_0001_sync\image_02\data\0000000071.png,E:\monodepth_project\data\kitti\2011_09_26\2011_09_26_drive_0001_sync\velodyne_points\data\0000000071.bin,True,True,375,1242,123038
2011_09_26,2011_09_26_drive_0001_sync,0000000072,E:\monodepth_project\data\kitti\2011_09_26\2011_09_26_drive_0001_sync\image_02\data\0000000072.png,E:\monodepth_project\data\kitti\2011_09_26\2011_09_26_drive_0001_sync\velodyne_points\data\0000000072.bin,True,True,375,1242,123007
2011_09_26,2011_09_26_drive_0001_sync,0000000073,E:\monodepth_project\data\kitti\2011_09_26\2011_09_26_drive_0001_sync\image_02\data\0000000073.png,E:\monodepth_project\data\kitti\2011_09_26\2011_09_26_drive_0001_sync\velodyne_points\data\0000000073.bin,True,True,375,1242,123012
2011_09_26,2011_09_26_drive_0001_sync,0000000074,E:\monodepth_project\data\kitti\2011_09_26\2011_09_26_drive_0001_sync\image_02\data\0000000074.png,E:\monodepth_project\data\kitti\2011_09_26\2011_09_26_drive_0001_sync\velodyne_points\data\0000000074.bin,True,True,375,1242,123048
2011_09_26,2011_09_26_drive_0001_sync,0000000075,E:\monodepth_project\data\kitti\2011_09_26\2011_09_26_drive_0001_sync\image_02\data\0000000075.png,E:\monodepth_project\data\kitti\2011_09_26\2011_09_26_drive_0001_sync\velodyne_points\data\0000000075.bin,True,True,375,1242,123092
2011_09_26,2011_09_26_drive_0001_sync,0000000076,E:\monodepth_project\data\kitti\2011_09_26\2011_09_26_drive_0001_sync\image_02\data\0000000076.png,E:\monodepth_project\data\kitti\2011_09_26\2011_09_26_drive_0001_sync\velodyne_points\data\0000000076.bin,True,True,375,1242,122965
2011_09_26,2011_09_26_drive_0001_sync,0000000077,E:\monodepth_project\data\kitti\2011_09_26\2011_09_26_drive_0001_sync\image_02\data\0000000077.png,E:\monodepth_project\data\kitti\2011_09_26\2011_09_26_drive_0001_sync\velodyne_points\data\0000000077.bin,True,True,375,1242,123029
2011_09_26,2011_09_26_drive_0001_sync,0000000078,E:\monodepth_project\data\kitti\2011_09_26\2011_09_26_drive_0001_sync\image_02\data\0000000078.png,E:\monodepth_project\data\kitti\2011_09_26\2011_09_26_drive_0001_sync\velodyne_points\data\0000000078.bin,True,True,375,1242,123006
2011_09_26,2011_09_26_drive_0001_sync,0000000079,E:\monodepth_project\data\kitti\2011_09_26\2011_09_26_drive_0001_sync\image_02\data\0000000079.png,E:\monodepth_project\data\kitti\2011_09_26\2011_09_26_drive_0001_sync\velodyne_points\data\0000000079.bin,True,True,375,1242,123026
2011_09_26,2011_09_26_drive_0001_sync,0000000080,E:\monodepth_project\data\kitti\2011_09_26\2011_09_26_drive_0001_sync\image_02\data\0000000080.png,E:\monodepth_project\data\kitti\2011_09_26\2011_09_26_drive_0001_sync\velodyne_points\data\0000000080.bin,True,True,375,1242,123176
2011_09_26,2011_09_26_drive_0001_sync,0000000081,E:\monodepth_project\data\kitti\2011_09_26\2011_09_26_drive_0001_sync\image_02\data\0000000081.png,E:\monodepth_project\data\kitti\2011_09_26\2011_09_26_drive_0001_sync\velodyne_points\data\0000000081.bin,True,True,375,1242,123136
2011_09_26,2011_09_26_drive_0001_sync,0000000082,E:\monodepth_project\data\kitti\2011_09_26\2011_09_26_drive_0001_sync\image_02\data\0000000082.png,E:\monodepth_project\data\kitti\2011_09_26\2011_09_26_drive_0001_sync\velodyne_points\data\0000000082.bin,True,True,375,1242,123152
2011_09_26,2011_09_26_drive_0001_sync,0000000083,E:\monodepth_project\data\kitti\2011_09_26\2011_09_26_drive_0001_sync\image_02\data\0000000083.png,E:\monodepth_project\data\kitti\2011_09_26\2011_09_26_drive_0001_sync\velodyne_points\data\0000000083.bin,True,True,375,1242,123109
2011_09_26,2011_09_26_drive_0001_sync,0000000084,E:\monodepth_project\data\kitti\2011_09_26\2011_09_26_drive_0001_sync\image_02\data\0000000084.png,E:\monodepth_project\data\kitti\2011_09_26\2011_09_26_drive_0001_sync\velodyne_points\data\0000000084.bin,True,True,375,1242,123053
2011_09_26,2011_09_26_drive_0001_sync,0000000085,E:\monodepth_project\data\kitti\2011_09_26\2011_09_26_drive_0001_sync\image_02\data\0000000085.png,E:\monodepth_project\data\kitti\2011_09_26\2011_09_26_drive_0001_sync\velodyne_points\data\0000000085.bin,True,True,375,1242,123124
2011_09_26,2011_09_26_drive_0001_sync,0000000086,E:\monodepth_project\data\kitti\2011_09_26\2011_09_26_drive_0001_sync\image_02\data\0000000086.png,E:\monodepth_project\data\kitti\2011_09_26\2011_09_26_drive_0001_sync\velodyne_points\data\0000000086.bin,True,True,375,1242,123033
2011_09_26,2011_09_26_drive_0001_sync,0000000087,E:\monodepth_project\data\kitti\2011_09_26\2011_09_26_drive_0001_sync\image_02\data\0000000087.png,E:\monodepth_project\data\kitti\2011_09_26\2011_09_26_drive_0001_sync\velodyne_points\data\0000000087.bin,True,True,375,1242,122955
2011_09_26,2011_09_26_drive_0001_sync,0000000088,E:\monodepth_project\data\kitti\2011_09_26\2011_09_26_drive_0001_sync\image_02\data\0000000088.png,E:\monodepth_project\data\kitti\2011_09_26\2011_09_26_drive_0001_sync\velodyne_points\data\0000000088.bin,True,True,375,1242,122978
2011_09_26,2011_09_26_drive_0001_sync,0000000089,E:\monodepth_project\data\kitti\2011_09_26\2011_09_26_drive_0001_sync\image_02\data\0000000089.png,E:\monodepth_project\data\kitti\2011_09_26\2011_09_26_drive_0001_sync\velodyne_points\data\0000000089.bin,True,True,375,1242,122919
2011_09_26,2011_09_26_drive_0001_sync,0000000090,E:\monodepth_project\data\kitti\2011_09_26\2011_09_26_drive_0001_sync\image_02\data\0000000090.png,E:\monodepth_project\data\kitti\2011_09_26\2011_09_26_drive_0001_sync\velodyne_points\data\0000000090.bin,True,True,375,1242,122987
2011_09_26,2011_09_26_drive_0001_sync,0000000091,E:\monodepth_project\data\kitti\2011_09_26\2011_09_26_drive_0001_sync\image_02\data\0000000091.png,E:\monodepth_project\data\kitti\2011_09_26\2011_09_26_drive_0001_sync\velodyne_points\data\0000000091.bin,True,True,375,1242,123040
2011_09_26,2011_09_26_drive_0001_sync,0000000092,E:\monodepth_project\data\kitti\2011_09_26\2011_09_26_drive_0001_sync\image_02\data\0000000092.png,E:\monodepth_project\data\kitti\2011_09_26\2011_09_26_drive_0001_sync\velodyne_points\data\0000000092.bin,True,True,375,1242,123020
2011_09_26,2011_09_26_drive_0001_sync,0000000093,E:\monodepth_project\data\kitti\2011_09_26\2011_09_26_drive_0001_sync\image_02\data\0000000093.png,E:\monodepth_project\data\kitti\2011_09_26\2011_09_26_drive_0001_sync\velodyne_points\data\0000000093.bin,True,True,375,1242,123127
2011_09_26,2011_09_26_drive_0001_sync,0000000094,E:\monodepth_project\data\kitti\2011_09_26\2011_09_26_drive_0001_sync\image_02\data\0000000094.png,E:\monodepth_project\data\kitti\2011_09_26\2011_09_26_drive_0001_sync\velodyne_points\data\0000000094.bin,True,True,375,1242,123140
2011_09_26,2011_09_26_drive_0001_sync,0000000095,E:\monodepth_project\data\kitti\2011_09_26\2011_09_26_drive_0001_sync\image_02\data\0000000095.png,E:\monodepth_project\data\kitti\2011_09_26\2011_09_26_drive_0001_sync\velodyne_points\data\0000000095.bin,True,True,375,1242,123162
2011_09_26,2011_09_26_drive_0001_sync,0000000096,E:\monodepth_project\data\kitti\2011_09_26\2011_09_26_drive_0001_sync\image_02\data\0000000096.png,E:\monodepth_project\data\kitti\2011_09_26\2011_09_26_drive_0001_sync\velodyne_points\data\0000000096.bin,True,True,375,1242,123253
2011_09_26,2011_09_26_drive_0001_sync,0000000097,E:\monodepth_project\data\kitti\2011_09_26\2011_09_26_drive_0001_sync\image_02\data\0000000097.png,E:\monodepth_project\data\kitti\2011_09_26\2011_09_26_drive_0001_sync\velodyne_points\data\0000000097.bin,True,True,375,1242,123259
2011_09_26,2011_09_26_drive_0001_sync,0000000098,E:\monodepth_project\data\kitti\2011_09_26\2011_09_26_drive_0001_sync\image_02\data\0000000098.png,E:\monodepth_project\data\kitti\2011_09_26\2011_09_26_drive_0001_sync\velodyne_points\data\0000000098.bin,True,True,375,1242,123174
2011_09_26,2011_09_26_drive_0001_sync,0000000099,E:\monodepth_project\data\kitti\2011_09_26\2011_09_26_drive_0001_sync\image_02\data\0000000099.png,E:\monodepth_project\data\kitti\2011_09_26\2011_09_26_drive_0001_sync\velodyne_points\data\0000000099.bin,True,True,375,1242,123181
2011_09_26,2011_09_26_drive_0001_sync,0000000100,E:\monodepth_project\data\kitti\2011_09_26\2011_09_26_drive_0001_sync\image_02\data\0000000100.png,E:\monodepth_project\data\kitti\2011_09_26\2011_09_26_drive_0001_sync\velodyne_points\data\0000000100.bin,True,True,375,1242,123118
2011_09_26,2011_09_26_drive_0001_sync,0000000101,E:\monodepth_project\data\kitti\2011_09_26\2011_09_26_drive_0001_sync\image_02\data\0000000101.png,E:\monodepth_project\data\kitti\2011_09_26\2011_09_26_drive_0001_sync\velodyne_points\data\0000000101.bin,True,True,375,1242,123014
2011_09_26,2011_09_26_drive_0001_sync,0000000102,E:\monodepth_project\data\kitti\2011_09_26\2011_09_26_drive_0001_sync\image_02\data\0000000102.png,E:\monodepth_project\data\kitti\2011_09_26\2011_09_26_drive_0001_sync\velodyne_points\data\0000000102.bin,True,True,375,1242,122964
2011_09_26,2011_09_26_drive_0001_sync,0000000103,E:\monodepth_project\data\kitti\2011_09_26\2011_09_26_drive_0001_sync\image_02\data\0000000103.png,E:\monodepth_project\data\kitti\2011_09_26\2011_09_26_drive_0001_sync\velodyne_points\data\0000000103.bin,True,True,375,1242,122876
2011_09_26,2011_09_26_drive_0001_sync,0000000104,E:\monodepth_project\data\kitti\2011_09_26\2011_09_26_drive_0001_sync\image_02\data\0000000104.png,E:\monodepth_project\data\kitti\2011_09_26\2011_09_26_drive_0001_sync\velodyne_points\data\0000000104.bin,True,True,375,1242,122718
2011_09_26,2011_09_26_drive_0001_sync,0000000105,E:\monodepth_project\data\kitti\2011_09_26\2011_09_26_drive_0001_sync\image_02\data\0000000105.png,E:\monodepth_project\data\kitti\2011_09_26\2011_09_26_drive_0001_sync\velodyne_points\data\0000000105.bin,True,True,375,1242,122543
2011_09_26,2011_09_26_drive_0001_sync,0000000106,E:\monodepth_project\data\kitti\2011_09_26\2011_09_26_drive_0001_sync\image_02\data\0000000106.png,E:\monodepth_project\data\kitti\2011_09_26\2011_09_26_drive_0001_sync\velodyne_points\data\0000000106.bin,True,True,375,1242,122669
2011_09_26,2011_09_26_drive_0001_sync,0000000107,E:\monodepth_project\data\kitti\2011_09_26\2011_09_26_drive_0001_sync\image_02\data\0000000107.png,E:\monodepth_project\data\kitti\2011_09_26\2011_09_26_drive_0001_sync\velodyne_points\data\0000000107.bin,True,True,375,1242,98322
2011_09_26,2011_09_26_drive_0002_sync,0000000000,E:\monodepth_project\data\kitti\2011_09_26\2011_09_26_drive_0002_sync\image_02\data\0000000000.png,E:\monodepth_project\data\kitti\2011_09_26\2011_09_26_drive_0002_sync\velodyne_points\data\0000000000.bin,True,True,375,1242,121080
2011_09_26,2011_09_26_drive_0002_sync,0000000001,E:\monodepth_project\data\kitti\2011_09_26\2011_09_26_drive_0002_sync\image_02\data\0000000001.png,E:\monodepth_project\data\kitti\2011_09_26\2011_09_26_drive_0002_sync\velodyne_points\data\0000000001.bin,True,True,375,1242,120862
2011_09_26,2011_09_26_drive_0002_sync,0000000002,E:\monodepth_project\data\kitti\2011_09_26\2011_09_26_drive_0002_sync\image_02\data\0000000002.png,E:\monodepth_project\data\kitti\2011_09_26\2011_09_26_drive_0002_sync\velodyne_points\data\0000000002.bin,True,True,375,1242,120802
2011_09_26,2011_09_26_drive_0002_sync,0000000003,E:\monodepth_project\data\kitti\2011_09_26\2011_09_26_drive_0002_sync\image_02\data\0000000003.png,E:\monodepth_project\data\kitti\2011_09_26\2011_09_26_drive_0002_sync\velodyne_points\data\0000000003.bin,True,True,375,1242,120603
2011_09_26,2011_09_26_drive_0002_sync,0000000004,E:\monodepth_project\data\kitti\2011_09_26\2011_09_26_drive_0002_sync\image_02\data\0000000004.png,E:\monodepth_project\data\kitti\2011_09_26\2011_09_26_drive_0002_sync\velodyne_points\data\0000000004.bin,True,True,375,1242,120755
2011_09_26,2011_09_26_drive_0002_sync,0000000005,E:\monodepth_project\data\kitti\2011_09_26\2011_09_26_drive_0002_sync\image_02\data\0000000005.png,E:\monodepth_project\data\kitti\2011_09_26\2011_09_26_drive_0002_sync\velodyne_points\data\0000000005.bin,True,True,375,1242,120853
2011_09_26,2011_09_26_drive_0002_sync,0000000006,E:\monodepth_project\data\kitti\2011_09_26\2011_09_26_drive_0002_sync\image_02\data\0000000006.png,E:\monodepth_project\data\kitti\2011_09_26\2011_09_26_drive_0002_sync\velodyne_points\data\0000000006.bin,True,True,375,1242,120988
2011_09_26,2011_09_26_drive_0002_sync,0000000007,E:\monodepth_project\data\kitti\2011_09_26\2011_09_26_drive_0002_sync\image_02\data\0000000007.png,E:\monodepth_project\data\kitti\2011_09_26\2011_09_26_drive_0002_sync\velodyne_points\data\0000000007.bin,True,True,375,1242,121116
2011_09_26,2011_09_26_drive_0002_sync,0000000008,E:\monodepth_project\data\kitti\2011_09_26\2011_09_26_drive_0002_sync\image_02\data\0000000008.png,E:\monodepth_project\data\kitti\2011_09_26\2011_09_26_drive_0002_sync\velodyne_points\data\0000000008.bin,True,True,375,1242,121159
2011_09_26,2011_09_26_drive_0002_sync,0000000009,E:\monodepth_project\data\kitti\2011_09_26\2011_09_26_drive_0002_sync\image_02\data\0000000009.png,E:\monodepth_project\data\kitti\2011_09_26\2011_09_26_drive_0002_sync\velodyne_points\data\0000000009.bin,True,True,375,1242,121250
2011_09_26,2011_09_26_drive_0002_sync,0000000010,E:\monodepth_project\data\kitti\2011_09_26\2011_09_26_drive_0002_sync\image_02\data\0000000010.png,E:\monodepth_project\data\kitti\2011_09_26\2011_09_26_drive_0002_sync\velodyne_points\data\0000000010.bin,True,True,375,1242,121233
2011_09_26,2011_09_26_drive_0002_sync,0000000011,E:\monodepth_project\data\kitti\2011_09_26\2011_09_26_drive_0002_sync\image_02\data\0000000011.png,E:\monodepth_project\data\kitti\2011_09_26\2011_09_26_drive_0002_sync\velodyne_points\data\0000000011.bin,True,True,375,1242,121245
2011_09_26,2011_09_26_drive_0002_sync,0000000012,E:\monodepth_project\data\kitti\2011_09_26\2011_09_26_drive_0002_sync\image_02\data\0000000012.png,E:\monodepth_project\data\kitti\2011_09_26\2011_09_26_drive_0002_sync\velodyne_points\data\0000000012.bin,True,True,375,1242,121121
2011_09_26,2011_09_26_drive_0002_sync,0000000013,E:\monodepth_project\data\kitti\2011_09_26\2011_09_26_drive_0002_sync\image_02\data\0000000013.png,E:\monodepth_project\data\kitti\2011_09_26\2011_09_26_drive_0002_sync\velodyne_points\data\0000000013.bin,True,True,375,1242,121008
2011_09_26,2011_09_26_drive_0002_sync,0000000014,E:\monodepth_project\data\kitti\2011_09_26\2011_09_26_drive_0002_sync\image_02\data\0000000014.png,E:\monodepth_project\data\kitti\2011_09_26\2011_09_26_drive_0002_sync\velodyne_points\data\0000000014.bin,True,True,375,1242,121141
2011_09_26,2011_09_26_drive_0002_sync,0000000015,E:\monodepth_project\data\kitti\2011_09_26\2011_09_26_drive_0002_sync\image_02\data\0000000015.png,E:\monodepth_project\data\kitti\2011_09_26\2011_09_26_drive_0002_sync\velodyne_points\data\0000000015.bin,True,True,375,1242,120746
2011_09_26,2011_09_26_drive_0002_sync,0000000016,E:\monodepth_project\data\kitti\2011_09_26\2011_09_26_drive_0002_sync\image_02\data\0000000016.png,E:\monodepth_project\data\kitti\2011_09_26\2011_09_26_drive_0002_sync\velodyne_points\data\0000000016.bin,True,True,375,1242,120610
2011_09_26,2011_09_26_drive_0002_sync,0000000017,E:\monodepth_project\data\kitti\2011_09_26\2011_09_26_drive_0002_sync\image_02\data\0000000017.png,E:\monodepth_project\data\kitti\2011_09_26\2011_09_26_drive_0002_sync\velodyne_points\data\0000000017.bin,True,True,375,1242,121119
2011_09_26,2011_09_26_drive_0002_sync,0000000018,E:\monodepth_project\data\kitti\2011_09_26\2011_09_26_drive_0002_sync\image_02\data\0000000018.png,E:\monodepth_project\data\kitti\2011_09_26\2011_09_26_drive_0002_sync\velodyne_points\data\0000000018.bin,True,True,375,1242,120980
2011_09_26,2011_09_26_drive_0002_sync,0000000019,E:\monodepth_project\data\kitti\2011_09_26\2011_09_26_drive_0002_sync\image_02\data\0000000019.png,E:\monodepth_project\data\kitti\2011_09_26\2011_09_26_drive_0002_sync\velodyne_points\data\0000000019.bin,True,True,375,1242,121082
2011_09_26,2011_09_26_drive_0002_sync,0000000020,E:\monodepth_project\data\kitti\2011_09_26\2011_09_26_drive_0002_sync\image_02\data\0000000020.png,E:\monodepth_project\data\kitti\2011_09_26\2011_09_26_drive_0002_sync\velodyne_points\data\0000000020.bin,True,True,375,1242,121167
2011_09_26,2011_09_26_drive_0002_sync,0000000021,E:\monodepth_project\data\kitti\2011_09_26\2011_09_26_drive_0002_sync\image_02\data\0000000021.png,E:\monodepth_project\data\kitti\2011_09_26\2011_09_26_drive_0002_sync\velodyne_points\data\0000000021.bin,True,True,375,1242,121177
2011_09_26,2011_09_26_drive_0002_sync,0000000022,E:\monodepth_project\data\kitti\2011_09_26\2011_09_26_drive_0002_sync\image_02\data\0000000022.png,E:\monodepth_project\data\kitti\2011_09_26\2011_09_26_drive_0002_sync\velodyne_points\data\0000000022.bin,True,True,375,1242,121238
2011_09_26,2011_09_26_drive_0002_sync,0000000023,E:\monodepth_project\data\kitti\2011_09_26\2011_09_26_drive_0002_sync\image_02\data\0000000023.png,E:\monodepth_project\data\kitti\2011_09_26\2011_09_26_drive_0002_sync\velodyne_points\data\0000000023.bin,True,True,375,1242,121272
2011_09_26,2011_09_26_drive_0002_sync,0000000024,E:\monodepth_project\data\kitti\2011_09_26\2011_09_26_drive_0002_sync\image_02\data\0000000024.png,E:\monodepth_project\data\kitti\2011_09_26\2011_09_26_drive_0002_sync\velodyne_points\data\0000000024.bin,True,True,375,1242,121328
2011_09_26,2011_09_26_drive_0002_sync,0000000025,E:\monodepth_project\data\kitti\2011_09_26\2011_09_26_drive_0002_sync\image_02\data\0000000025.png,E:\monodepth_project\data\kitti\2011_09_26\2011_09_26_drive_0002_sync\velodyne_points\data\0000000025.bin,True,True,375,1242,121424
2011_09_26,2011_09_26_drive_0002_sync,0000000026,E:\monodepth_project\data\kitti\2011_09_26\2011_09_26_drive_0002_sync\image_02\data\0000000026.png,E:\monodepth_project\data\kitti\2011_09_26\2011_09_26_drive_0002_sync\velodyne_points\data\0000000026.bin,True,True,375,1242,121675
2011_09_26,2011_09_26_drive_0002_sync,0000000027,E:\monodepth_project\data\kitti\2011_09_26\2011_09_26_drive_0002_sync\image_02\data\0000000027.png,E:\monodepth_project\data\kitti\2011_09_26\2011_09_26_drive_0002_sync\velodyne_points\data\0000000027.bin,True,True,375,1242,121758
2011_09_26,2011_09_26_drive_0002_sync,0000000028,E:\monodepth_project\data\kitti\2011_09_26\2011_09_26_drive_0002_sync\image_02\data\0000000028.png,E:\monodepth_project\data\kitti\2011_09_26\2011_09_26_drive_0002_sync\velodyne_points\data\0000000028.bin,True,True,375,1242,121916
2011_09_26,2011_09_26_drive_0002_sync,0000000029,E:\monodepth_project\data\kitti\2011_09_26\2011_09_26_drive_0002_sync\image_02\data\0000000029.png,E:\monodepth_project\data\kitti\2011_09_26\2011_09_26_drive_0002_sync\velodyne_points\data\0000000029.bin,True,True,375,1242,121976
2011_09_26,2011_09_26_drive_0002_sync,0000000030,E:\monodepth_project\data\kitti\2011_09_26\2011_09_26_drive_0002_sync\image_02\data\0000000030.png,E:\monodepth_project\data\kitti\2011_09_26\2011_09_26_drive_0002_sync\velodyne_points\data\0000000030.bin,True,True,375,1242,122172
2011_09_26,2011_09_26_drive_0002_sync,0000000031,E:\monodepth_project\data\kitti\2011_09_26\2011_09_26_drive_0002_sync\image_02\data\0000000031.png,E:\monodepth_project\data\kitti\2011_09_26\2011_09_26_drive_0002_sync\velodyne_points\data\0000000031.bin,True,True,375,1242,122149
2011_09_26,2011_09_26_drive_0002_sync,0000000032,E:\monodepth_project\data\kitti\2011_09_26\2011_09_26_drive_0002_sync\image_02\data\0000000032.png,E:\monodepth_project\data\kitti\2011_09_26\2011_09_26_drive_0002_sync\velodyne_points\data\0000000032.bin,True,True,375,1242,122310
2011_09_26,2011_09_26_drive_0002_sync,0000000033,E:\monodepth_project\data\kitti\2011_09_26\2011_09_26_drive_0002_sync\image_02\data\0000000033.png,E:\monodepth_project\data\kitti\2011_09_26\2011_09_26_drive_0002_sync\velodyne_points\data\0000000033.bin,True,True,375,1242,122046
2011_09_26,2011_09_26_drive_0002_sync,0000000034,E:\monodepth_project\data\kitti\2011_09_26\2011_09_26_drive_0002_sync\image_02\data\0000000034.png,E:\monodepth_project\data\kitti\2011_09_26\2011_09_26_drive_0002_sync\velodyne_points\data\0000000034.bin,True,True,375,1242,122147
2011_09_26,2011_09_26_drive_0002_sync,0000000035,E:\monodepth_project\data\kitti\2011_09_26\2011_09_26_drive_0002_sync\image_02\data\0000000035.png,E:\monodepth_project\data\kitti\2011_09_26\2011_09_26_drive_0002_sync\velodyne_points\data\0000000035.bin,True,True,375,1242,122268
2011_09_26,2011_09_26_drive_0002_sync,0000000036,E:\monodepth_project\data\kitti\2011_09_26\2011_09_26_drive_0002_sync\image_02\data\0000000036.png,E:\monodepth_project\data\kitti\2011_09_26\2011_09_26_drive_0002_sync\velodyne_points\data\0000000036.bin,True,True,375,1242,122270
2011_09_26,2011_09_26_drive_0002_sync,0000000037,E:\monodepth_project\data\kitti\2011_09_26\2011_09_26_drive_0002_sync\image_02\data\0000000037.png,E:\monodepth_project\data\kitti\2011_09_26\2011_09_26_drive_0002_sync\velodyne_points\data\0000000037.bin,True,True,375,1242,122318
2011_09_26,2011_09_26_drive_0002_sync,0000000038,E:\monodepth_project\data\kitti\2011_09_26\2011_09_26_drive_0002_sync\image_02\data\0000000038.png,E:\monodepth_project\data\kitti\2011_09_26\2011_09_26_drive_0002_sync\velodyne_points\data\0000000038.bin,True,True,375,1242,122307
2011_09_26,2011_09_26_drive_0002_sync,0000000039,E:\monodepth_project\data\kitti\2011_09_26\2011_09_26_drive_0002_sync\image_02\data\0000000039.png,E:\monodepth_project\data\kitti\2011_09_26\2011_09_26_drive_0002_sync\velodyne_points\data\0000000039.bin,True,True,375,1242,122339
2011_09_26,2011_09_26_drive_0002_sync,0000000040,E:\monodepth_project\data\kitti\2011_09_26\2011_09_26_drive_0002_sync\image_02\data\0000000040.png,E:\monodepth_project\data\kitti\2011_09_26\2011_09_26_drive_0002_sync\velodyne_points\data\0000000040.bin,True,True,375,1242,122474
2011_09_26,2011_09_26_drive_0002_sync,0000000041,E:\monodepth_project\data\kitti\2011_09_26\2011_09_26_drive_0002_sync\image_02\data\0000000041.png,E:\monodepth_project\data\kitti\2011_09_26\2011_09_26_drive_0002_sync\velodyne_points\data\0000000041.bin,True,True,375,1242,122550
2011_09_26,2011_09_26_drive_0002_sync,0000000042,E:\monodepth_project\data\kitti\2011_09_26\2011_09_26_drive_0002_sync\image_02\data\0000000042.png,E:\monodepth_project\data\kitti\2011_09_26\2011_09_26_drive_0002_sync\velodyne_points\data\0000000042.bin,True,True,375,1242,122639
2011_09_26,2011_09_26_drive_0002_sync,0000000043,E:\monodepth_project\data\kitti\2011_09_26\2011_09_26_drive_0002_sync\image_02\data\0000000043.png,E:\monodepth_project\data\kitti\2011_09_26\2011_09_26_drive_0002_sync\velodyne_points\data\0000000043.bin,True,True,375,1242,122596
2011_09_26,2011_09_26_drive_0002_sync,0000000044,E:\monodepth_project\data\kitti\2011_09_26\2011_09_26_drive_0002_sync\image_02\data\0000000044.png,E:\monodepth_project\data\kitti\2011_09_26\2011_09_26_drive_0002_sync\velodyne_points\data\0000000044.bin,True,True,375,1242,122501
2011_09_26,2011_09_26_drive_0002_sync,0000000045,E:\monodepth_project\data\kitti\2011_09_26\2011_09_26_drive_0002_sync\image_02\data\0000000045.png,E:\monodepth_project\data\kitti\2011_09_26\2011_09_26_drive_0002_sync\velodyne_points\data\0000000045.bin,True,True,375,1242,122529
2011_09_26,2011_09_26_drive_0002_sync,0000000046,E:\monodepth_project\data\kitti\2011_09_26\2011_09_26_drive_0002_sync\image_02\data\0000000046.png,E:\monodepth_project\data\kitti\2011_09_26\2011_09_26_drive_0002_sync\velodyne_points\data\0000000046.bin,True,True,375,1242,122493
2011_09_26,2011_09_26_drive_0002_sync,0000000047,E:\monodepth_project\data\kitti\2011_09_26\2011_09_26_drive_0002_sync\image_02\data\0000000047.png,E:\monodepth_project\data\kitti\2011_09_26\2011_09_26_drive_0002_sync\velodyne_points\data\0000000047.bin,True,True,375,1242,122607
2011_09_26,2011_09_26_drive_0002_sync,0000000048,E:\monodepth_project\data\kitti\2011_09_26\2011_09_26_drive_0002_sync\image_02\data\0000000048.png,E:\monodepth_project\data\kitti\2011_09_26\2011_09_26_drive_0002_sync\velodyne_points\data\0000000048.bin,True,True,375,1242,122586
2011_09_26,2011_09_26_drive_0002_sync,0000000049,E:\monodepth_project\data\kitti\2011_09_26\2011_09_26_drive_0002_sync\image_02\data\0000000049.png,E:\monodepth_project\data\kitti\2011_09_26\2011_09_26_drive_0002_sync\velodyne_points\data\0000000049.bin,True,True,375,1242,122490
2011_09_26,2011_09_26_drive_0002_sync,0000000050,E:\monodepth_project\data\kitti\2011_09_26\2011_09_26_drive_0002_sync\image_02\data\0000000050.png,E:\monodepth_project\data\kitti\2011_09_26\2011_09_26_drive_0002_sync\velodyne_points\data\0000000050.bin,True,True,375,1242,122540
2011_09_26,2011_09_26_drive_0002_sync,0000000051,E:\monodepth_project\data\kitti\2011_09_26\2011_09_26_drive_0002_sync\image_02\data\0000000051.png,E:\monodepth_project\data\kitti\2011_09_26\2011_09_26_drive_0002_sync\velodyne_points\data\0000000051.bin,True,True,375,1242,122484
2011_09_26,2011_09_26_drive_0002_sync,0000000052,E:\monodepth_project\data\kitti\2011_09_26\2011_09_26_drive_0002_sync\image_02\data\0000000052.png,E:\monodepth_project\data\kitti\2011_09_26\2011_09_26_drive_0002_sync\velodyne_points\data\0000000052.bin,True,True,375,1242,122407
2011_09_26,2011_09_26_drive_0002_sync,0000000053,E:\monodepth_project\data\kitti\2011_09_26\2011_09_26_drive_0002_sync\image_02\data\0000000053.png,E:\monodepth_project\data\kitti\2011_09_26\2011_09_26_drive_0002_sync\velodyne_points\data\0000000053.bin,True,True,375,1242,122381
2011_09_26,2011_09_26_drive_0002_sync,0000000054,E:\monodepth_project\data\kitti\2011_09_26\2011_09_26_drive_0002_sync\image_02\data\0000000054.png,E:\monodepth_project\data\kitti\2011_09_26\2011_09_26_drive_0002_sync\velodyne_points\data\0000000054.bin,True,True,375,1242,122172
2011_09_26,2011_09_26_drive_0002_sync,0000000055,E:\monodepth_project\data\kitti\2011_09_26\2011_09_26_drive_0002_sync\image_02\data\0000000055.png,E:\monodepth_project\data\kitti\2011_09_26\2011_09_26_drive_0002_sync\velodyne_points\data\0000000055.bin,True,True,375,1242,121976
2011_09_26,2011_09_26_drive_0002_sync,0000000056,E:\monodepth_project\data\kitti\2011_09_26\2011_09_26_drive_0002_sync\image_02\data\0000000056.png,E:\monodepth_project\data\kitti\2011_09_26\2011_09_26_drive_0002_sync\velodyne_points\data\0000000056.bin,True,True,375,1242,121969
2011_09_26,2011_09_26_drive_0002_sync,0000000057,E:\monodepth_project\data\kitti\2011_09_26\2011_09_26_drive_0002_sync\image_02\data\0000000057.png,E:\monodepth_project\data\kitti\2011_09_26\2011_09_26_drive_0002_sync\velodyne_points\data\0000000057.bin,True,True,375,1242,121870
2011_09_26,2011_09_26_drive_0002_sync,0000000058,E:\monodepth_project\data\kitti\2011_09_26\2011_09_26_drive_0002_sync\image_02\data\0000000058.png,E:\monodepth_project\data\kitti\2011_09_26\2011_09_26_drive_0002_sync\velodyne_points\data\0000000058.bin,True,True,375,1242,121809
2011_09_26,2011_09_26_drive_0002_sync,0000000059,E:\monodepth_project\data\kitti\2011_09_26\2011_09_26_drive_0002_sync\image_02\data\0000000059.png,E:\monodepth_project\data\kitti\2011_09_26\2011_09_26_drive_0002_sync\velodyne_points\data\0000000059.bin,True,True,375,1242,121906
2011_09_26,2011_09_26_drive_0002_sync,0000000060,E:\monodepth_project\data\kitti\2011_09_26\2011_09_26_drive_0002_sync\image_02\data\0000000060.png,E:\monodepth_project\data\kitti\2011_09_26\2011_09_26_drive_0002_sync\velodyne_points\data\0000000060.bin,True,True,375,1242,121973
2011_09_26,2011_09_26_drive_0002_sync,0000000061,E:\monodepth_project\data\kitti\2011_09_26\2011_09_26_drive_0002_sync\image_02\data\0000000061.png,E:\monodepth_project\data\kitti\2011_09_26\2011_09_26_drive_0002_sync\velodyne_points\data\0000000061.bin,True,True,375,1242,122250
2011_09_26,2011_09_26_drive_0002_sync,0000000062,E:\monodepth_project\data\kitti\2011_09_26\2011_09_26_drive_0002_sync\image_02\data\0000000062.png,E:\monodepth_project\data\kitti\2011_09_26\2011_09_26_drive_0002_sync\velodyne_points\data\0000000062.bin,True,True,375,1242,122375
2011_09_26,2011_09_26_drive_0002_sync,0000000063,E:\monodepth_project\data\kitti\2011_09_26\2011_09_26_drive_0002_sync\image_02\data\0000000063.png,E:\monodepth_project\data\kitti\2011_09_26\2011_09_26_drive_0002_sync\velodyne_points\data\0000000063.bin,True,True,375,1242,122490
2011_09_26,2011_09_26_drive_0002_sync,0000000064,E:\monodepth_project\data\kitti\2011_09_26\2011_09_26_drive_0002_sync\image_02\data\0000000064.png,E:\monodepth_project\data\kitti\2011_09_26\2011_09_26_drive_0002_sync\velodyne_points\data\0000000064.bin,True,True,375,1242,122483
2011_09_26,2011_09_26_drive_0002_sync,0000000065,E:\monodepth_project\data\kitti\2011_09_26\2011_09_26_drive_0002_sync\image_02\data\0000000065.png,E:\monodepth_project\data\kitti\2011_09_26\2011_09_26_drive_0002_sync\velodyne_points\data\0000000065.bin,True,True,375,1242,122498
2011_09_26,2011_09_26_drive_0002_sync,0000000066,E:\monodepth_project\data\kitti\2011_09_26\2011_09_26_drive_0002_sync\image_02\data\0000000066.png,E:\monodepth_project\data\kitti\2011_09_26\2011_09_26_drive_0002_sync\velodyne_points\data\0000000066.bin,True,True,375,1242,122618
2011_09_26,2011_09_26_drive_0002_sync,0000000067,E:\monodepth_project\data\kitti\2011_09_26\2011_09_26_drive_0002_sync\image_02\data\0000000067.png,E:\monodepth_project\data\kitti\2011_09_26\2011_09_26_drive_0002_sync\velodyne_points\data\0000000067.bin,True,True,375,1242,122417
2011_09_26,2011_09_26_drive_0002_sync,0000000068,E:\monodepth_project\data\kitti\2011_09_26\2011_09_26_drive_0002_sync\image_02\data\0000000068.png,E:\monodepth_project\data\kitti\2011_09_26\2011_09_26_drive_0002_sync\velodyne_points\data\0000000068.bin,True,True,375,1242,122600
2011_09_26,2011_09_26_drive_0002_sync,0000000069,E:\monodepth_project\data\kitti\2011_09_26\2011_09_26_drive_0002_sync\image_02\data\0000000069.png,E:\monodepth_project\data\kitti\2011_09_26\2011_09_26_drive_0002_sync\velodyne_points\data\0000000069.bin,True,True,375,1242,122702
2011_09_26,2011_09_26_drive_0002_sync,0000000070,E:\monodepth_project\data\kitti\2011_09_26\2011_09_26_drive_0002_sync\image_02\data\0000000070.png,E:\monodepth_project\data\kitti\2011_09_26\2011_09_26_drive_0002_sync\velodyne_points\data\0000000070.bin,True,True,375,1242,122863
2011_09_26,2011_09_26_drive_0002_sync,0000000071,E:\monodepth_project\data\kitti\2011_09_26\2011_09_26_drive_0002_sync\image_02\data\0000000071.png,E:\monodepth_project\data\kitti\2011_09_26\2011_09_26_drive_0002_sync\velodyne_points\data\0000000071.bin,True,True,375,1242,122874
2011_09_26,2011_09_26_drive_0002_sync,0000000072,E:\monodepth_project\data\kitti\2011_09_26\2011_09_26_drive_0002_sync\image_02\data\0000000072.png,E:\monodepth_project\data\kitti\2011_09_26\2011_09_26_drive_0002_sync\velodyne_points\data\0000000072.bin,True,True,375,1242,122641
2011_09_26,2011_09_26_drive_0002_sync,0000000073,E:\monodepth_project\data\kitti\2011_09_26\2011_09_26_drive_0002_sync\image_02\data\0000000073.png,E:\monodepth_project\data\kitti\2011_09_26\2011_09_26_drive_0002_sync\velodyne_points\data\0000000073.bin,True,True,375,1242,122355
2011_09_26,2011_09_26_drive_0002_sync,0000000074,E:\monodepth_project\data\kitti\2011_09_26\2011_09_26_drive_0002_sync\image_02\data\0000000074.png,E:\monodepth_project\data\kitti\2011_09_26\2011_09_26_drive_0002_sync\velodyne_points\data\0000000074.bin,True,True,375,1242,122146
2011_09_26,2011_09_26_drive_0002_sync,0000000075,E:\monodepth_project\data\kitti\2011_09_26\2011_09_26_drive_0002_sync\image_02\data\0000000075.png,E:\monodepth_project\data\kitti\2011_09_26\2011_09_26_drive_0002_sync\velodyne_points\data\0000000075.bin,True,True,375,1242,122041
2011_09_26,2011_09_26_drive_0002_sync,0000000076,E:\monodepth_project\data\kitti\2011_09_26\2011_09_26_drive_0002_sync\image_02\data\0000000076.png,E:\monodepth_project\data\kitti\2011_09_26\2011_09_26_drive_0002_sync\velodyne_points\data\0000000076.bin,True,True,375,1242,122209
2011_09_26,2011_09_26_drive_0005_sync,0000000000,E:\monodepth_project\data\kitti\2011_09_26\2011_09_26_drive_0005_sync\image_02\data\0000000000.png,E:\monodepth_project\data\kitti\2011_09_26\2011_09_26_drive_0005_sync\velodyne_points\data\0000000000.bin,True,True,375,1242,123397
2011_09_26,2011_09_26_drive_0005_sync,0000000001,E:\monodepth_project\data\kitti\2011_09_26\2011_09_26_drive_0005_sync\image_02\data\0000000001.png,E:\monodepth_project\data\kitti\2011_09_26\2011_09_26_drive_0005_sync\velodyne_points\data\0000000001.bin,True,True,375,1242,123683
2011_09_26,2011_09_26_drive_0005_sync,0000000002,E:\monodepth_project\data\kitti\2011_09_26\2011_09_26_drive_0005_sync\image_02\data\0000000002.png,E:\monodepth_project\data\kitti\2011_09_26\2011_09_26_drive_0005_sync\velodyne_points\data\0000000002.bin,True,True,375,1242,123783
2011_09_26,2011_09_26_drive_0005_sync,0000000003,E:\monodepth_project\data\kitti\2011_09_26\2011_09_26_drive_0005_sync\image_02\data\0000000003.png,E:\monodepth_project\data\kitti\2011_09_26\2011_09_26_drive_0005_sync\velodyne_points\data\0000000003.bin,True,True,375,1242,123699
2011_09_26,2011_09_26_drive_0005_sync,0000000004,E:\monodepth_project\data\kitti\2011_09_26\2011_09_26_drive_0005_sync\image_02\data\0000000004.png,E:\monodepth_project\data\kitti\2011_09_26\2011_09_26_drive_0005_sync\velodyne_points\data\0000000004.bin,True,True,375,1242,123586
2011_09_26,2011_09_26_drive_0005_sync,0000000005,E:\monodepth_project\data\kitti\2011_09_26\2011_09_26_drive_0005_sync\image_02\data\0000000005.png,E:\monodepth_project\data\kitti\2011_09_26\2011_09_26_drive_0005_sync\velodyne_points\data\0000000005.bin,True,True,375,1242,123388
2011_09_26,2011_09_26_drive_0005_sync,0000000006,E:\monodepth_project\data\kitti\2011_09_26\2011_09_26_drive_0005_sync\image_02\data\0000000006.png,E:\monodepth_project\data\kitti\2011_09_26\2011_09_26_drive_0005_sync\velodyne_points\data\0000000006.bin,True,True,375,1242,123367
2011_09_26,2011_09_26_drive_0005_sync,0000000007,E:\monodepth_project\data\kitti\2011_09_26\2011_09_26_drive_0005_sync\image_02\data\0000000007.png,E:\monodepth_project\data\kitti\2011_09_26\2011_09_26_drive_0005_sync\velodyne_points\data\0000000007.bin,True,True,375,1242,122996
2011_09_26,2011_09_26_drive_0005_sync,0000000008,E:\monodepth_project\data\kitti\2011_09_26\2011_09_26_drive_0005_sync\image_02\data\0000000008.png,E:\monodepth_project\data\kitti\2011_09_26\2011_09_26_drive_0005_sync\velodyne_points\data\0000000008.bin,True,True,375,1242,123411
2011_09_26,2011_09_26_drive_0005_sync,0000000009,E:\monodepth_project\data\kitti\2011_09_26\2011_09_26_drive_0005_sync\image_02\data\0000000009.png,E:\monodepth_project\data\kitti\2011_09_26\2011_09_26_drive_0005_sync\velodyne_points\data\0000000009.bin,True,True,375,1242,123257
2011_09_26,2011_09_26_drive_0005_sync,0000000010,E:\monodepth_project\data\kitti\2011_09_26\2011_09_26_drive_0005_sync\image_02\data\0000000010.png,E:\monodepth_project\data\kitti\2011_09_26\2011_09_26_drive_0005_sync\velodyne_points\data\0000000010.bin,True,True,375,1242,123223
2011_09_26,2011_09_26_drive_0005_sync,0000000011,E:\monodepth_project\data\kitti\2011_09_26\2011_09_26_drive_0005_sync\image_02\data\0000000011.png,E:\monodepth_project\data\kitti\2011_09_26\2011_09_26_drive_0005_sync\velodyne_points\data\0000000011.bin,True,True,375,1242,123334
2011_09_26,2011_09_26_drive_0005_sync,0000000012,E:\monodepth_project\data\kitti\2011_09_26\2011_09_26_drive_0005_sync\image_02\data\0000000012.png,E:\monodepth_project\data\kitti\2011_09_26\2011_09_26_drive_0005_sync\velodyne_points\data\0000000012.bin,True,True,375,1242,123316
2011_09_26,2011_09_26_drive_0005_sync,0000000013,E:\monodepth_project\data\kitti\2011_09_26\2011_09_26_drive_0005_sync\image_02\data\0000000013.png,E:\monodepth_project\data\kitti\2011_09_26\2011_09_26_drive_0005_sync\velodyne_points\data\0000000013.bin,True,True,375,1242,123343
2011_09_26,2011_09_26_drive_0005_sync,0000000014,E:\monodepth_project\data\kitti\2011_09_26\2011_09_26_drive_0005_sync\image_02\data\0000000014.png,E:\monodepth_project\data\kitti\2011_09_26\2011_09_26_drive_0005_sync\velodyne_points\data\0000000014.bin,True,True,375,1242,123150
2011_09_26,2011_09_26_drive_0005_sync,0000000015,E:\monodepth_project\data\kitti\2011_09_26\2011_09_26_drive_0005_sync\image_02\data\0000000015.png,E:\monodepth_project\data\kitti\2011_09_26\2011_09_26_drive_0005_sync\velodyne_points\data\0000000015.bin,True,True,375,1242,123103
2011_09_26,2011_09_26_drive_0005_sync,0000000016,E:\monodepth_project\data\kitti\2011_09_26\2011_09_26_drive_0005_sync\image_02\data\0000000016.png,E:\monodepth_project\data\kitti\2011_09_26\2011_09_26_drive_0005_sync\velodyne_points\data\0000000016.bin,True,True,375,1242,123129
2011_09_26,2011_09_26_drive_0005_sync,0000000017,E:\monodepth_project\data\kitti\2011_09_26\2011_09_26_drive_0005_sync\image_02\data\0000000017.png,E:\monodepth_project\data\kitti\2011_09_26\2011_09_26_drive_0005_sync\velodyne_points\data\0000000017.bin,True,True,375,1242,123001
2011_09_26,2011_09_26_drive_0005_sync,0000000018,E:\monodepth_project\data\kitti\2011_09_26\2011_09_26_drive_0005_sync\image_02\data\0000000018.png,E:\monodepth_project\data\kitti\2011_09_26\2011_09_26_drive_0005_sync\velodyne_points\data\0000000018.bin,True,True,375,1242,122753
2011_09_26,2011_09_26_drive_0005_sync,0000000019,E:\monodepth_project\data\kitti\2011_09_26\2011_09_26_drive_0005_sync\image_02\data\0000000019.png,E:\monodepth_project\data\kitti\2011_09_26\2011_09_26_drive_0005_sync\velodyne_points\data\0000000019.bin,True,True,375,1242,122634
2011_09_26,2011_09_26_drive_0005_sync,0000000020,E:\monodepth_project\data\kitti\2011_09_26\2011_09_26_drive_0005_sync\image_02\data\0000000020.png,E:\monodepth_project\data\kitti\2011_09_26\2011_09_26_drive_0005_sync\velodyne_points\data\0000000020.bin,True,True,375,1242,122477
2011_09_26,2011_09_26_drive_0005_sync,0000000021,E:\monodepth_project\data\kitti\2011_09_26\2011_09_26_drive_0005_sync\image_02\data\0000000021.png,E:\monodepth_project\data\kitti\2011_09_26\2011_09_26_drive_0005_sync\velodyne_points\data\0000000021.bin,True,True,375,1242,122321
2011_09_26,2011_09_26_drive_0005_sync,0000000022,E:\monodepth_project\data\kitti\2011_09_26\2011_09_26_drive_0005_sync\image_02\data\0000000022.png,E:\monodepth_project\data\kitti\2011_09_26\2011_09_26_drive_0005_sync\velodyne_points\data\0000000022.bin,True,True,375,1242,122242
2011_09_26,2011_09_26_drive_0005_sync,0000000023,E:\monodepth_project\data\kitti\2011_09_26\2011_09_26_drive_0005_sync\image_02\data\0000000023.png,E:\monodepth_project\data\kitti\2011_09_26\2011_09_26_drive_0005_sync\velodyne_points\data\0000000023.bin,True,True,375,1242,122309
2011_09_26,2011_09_26_drive_0005_sync,0000000024,E:\monodepth_project\data\kitti\2011_09_26\2011_09_26_drive_0005_sync\image_02\data\0000000024.png,E:\monodepth_project\data\kitti\2011_09_26\2011_09_26_drive_0005_sync\velodyne_points\data\0000000024.bin,True,True,375,1242,122430
2011_09_26,2011_09_26_drive_0005_sync,0000000025,E:\monodepth_project\data\kitti\2011_09_26\2011_09_26_drive_0005_sync\image_02\data\0000000025.png,E:\monodepth_project\data\kitti\2011_09_26\2011_09_26_drive_0005_sync\velodyne_points\data\0000000025.bin,True,True,375,1242,122495
2011_09_26,2011_09_26_drive_0005_sync,0000000026,E:\monodepth_project\data\kitti\2011_09_26\2011_09_26_drive_0005_sync\image_02\data\0000000026.png,E:\monodepth_project\data\kitti\2011_09_26\2011_09_26_drive_0005_sync\velodyne_points\data\0000000026.bin,True,True,375,1242,122527
2011_09_26,2011_09_26_drive_0005_sync,0000000027,E:\monodepth_project\data\kitti\2011_09_26\2011_09_26_drive_0005_sync\image_02\data\0000000027.png,E:\monodepth_project\data\kitti\2011_09_26\2011_09_26_drive_0005_sync\velodyne_points\data\0000000027.bin,True,True,375,1242,122727
2011_09_26,2011_09_26_drive_0005_sync,0000000028,E:\monodepth_project\data\kitti\2011_09_26\2011_09_26_drive_0005_sync\image_02\data\0000000028.png,E:\monodepth_project\data\kitti\2011_09_26\2011_09_26_drive_0005_sync\velodyne_points\data\0000000028.bin,True,True,375,1242,122658
2011_09_26,2011_09_26_drive_0005_sync,0000000029,E:\monodepth_project\data\kitti\2011_09_26\2011_09_26_drive_0005_sync\image_02\data\0000000029.png,E:\monodepth_project\data\kitti\2011_09_26\2011_09_26_drive_0005_sync\velodyne_points\data\0000000029.bin,True,True,375,1242,122645
2011_09_26,2011_09_26_drive_0005_sync,0000000030,E:\monodepth_project\data\kitti\2011_09_26\2011_09_26_drive_0005_sync\image_02\data\0000000030.png,E:\monodepth_project\data\kitti\2011_09_26\2011_09_26_drive_0005_sync\velodyne_points\data\0000000030.bin,True,True,375,1242,122516
2011_09_26,2011_09_26_drive_0005_sync,0000000031,E:\monodepth_project\data\kitti\2011_09_26\2011_09_26_drive_0005_sync\image_02\data\0000000031.png,E:\monodepth_project\data\kitti\2011_09_26\2011_09_26_drive_0005_sync\velodyne_points\data\0000000031.bin,True,True,375,1242,122723
2011_09_26,2011_09_26_drive_0005_sync,0000000032,E:\monodepth_project\data\kitti\2011_09_26\2011_09_26_drive_0005_sync\image_02\data\0000000032.png,E:\monodepth_project\data\kitti\2011_09_26\2011_09_26_drive_0005_sync\velodyne_points\data\0000000032.bin,True,True,375,1242,122703
2011_09_26,2011_09_26_drive_0005_sync,0000000033,E:\monodepth_project\data\kitti\2011_09_26\2011_09_26_drive_0005_sync\image_02\data\0000000033.png,E:\monodepth_project\data\kitti\2011_09_26\2011_09_26_drive_0005_sync\velodyne_points\data\0000000033.bin,True,True,375,1242,122905
2011_09_26,2011_09_26_drive_0005_sync,0000000034,E:\monodepth_project\data\kitti\2011_09_26\2011_09_26_drive_0005_sync\image_02\data\0000000034.png,E:\monodepth_project\data\kitti\2011_09_26\2011_09_26_drive_0005_sync\velodyne_points\data\0000000034.bin,True,True,375,1242,122873
2011_09_26,2011_09_26_drive_0005_sync,0000000035,E:\monodepth_project\data\kitti\2011_09_26\2011_09_26_drive_0005_sync\image_02\data\0000000035.png,E:\monodepth_project\data\kitti\2011_09_26\2011_09_26_drive_0005_sync\velodyne_points\data\0000000035.bin,True,True,375,1242,122654
2011_09_26,2011_09_26_drive_0005_sync,0000000036,E:\monodepth_project\data\kitti\2011_09_26\2011_09_26_drive_0005_sync\image_02\data\0000000036.png,E:\monodepth_project\data\kitti\2011_09_26\2011_09_26_drive_0005_sync\velodyne_points\data\0000000036.bin,True,True,375,1242,122377
2011_09_26,2011_09_26_drive_0005_sync,0000000037,E:\monodepth_project\data\kitti\2011_09_26\2011_09_26_drive_0005_sync\image_02\data\0000000037.png,E:\monodepth_project\data\kitti\2011_09_26\2011_09_26_drive_0005_sync\velodyne_points\data\0000000037.bin,True,True,375,1242,122952
2011_09_26,2011_09_26_drive_0005_sync,0000000038,E:\monodepth_project\data\kitti\2011_09_26\2011_09_26_drive_0005_sync\image_02\data\0000000038.png,E:\monodepth_project\data\kitti\2011_09_26\2011_09_26_drive_0005_sync\velodyne_points\data\0000000038.bin,True,True,375,1242,122838
2011_09_26,2011_09_26_drive_0005_sync,0000000039,E:\monodepth_project\data\kitti\2011_09_26\2011_09_26_drive_0005_sync\image_02\data\0000000039.png,E:\monodepth_project\data\kitti\2011_09_26\2011_09_26_drive_0005_sync\velodyne_points\data\0000000039.bin,True,True,375,1242,122705
2011_09_26,2011_09_26_drive_0005_sync,0000000040,E:\monodepth_project\data\kitti\2011_09_26\2011_09_26_drive_0005_sync\image_02\data\0000000040.png,E:\monodepth_project\data\kitti\2011_09_26\2011_09_26_drive_0005_sync\velodyne_points\data\0000000040.bin,True,True,375,1242,122691
2011_09_26,2011_09_26_drive_0005_sync,0000000041,E:\monodepth_project\data\kitti\2011_09_26\2011_09_26_drive_0005_sync\image_02\data\0000000041.png,E:\monodepth_project\data\kitti\2011_09_26\2011_09_26_drive_0005_sync\velodyne_points\data\0000000041.bin,True,True,375,1242,122490
2011_09_26,2011_09_26_drive_0005_sync,0000000042,E:\monodepth_project\data\kitti\2011_09_26\2011_09_26_drive_0005_sync\image_02\data\0000000042.png,E:\monodepth_project\data\kitti\2011_09_26\2011_09_26_drive_0005_sync\velodyne_points\data\0000000042.bin,True,True,375,1242,122665
2011_09_26,2011_09_26_drive_0005_sync,0000000043,E:\monodepth_project\data\kitti\2011_09_26\2011_09_26_drive_0005_sync\image_02\data\0000000043.png,E:\monodepth_project\data\kitti\2011_09_26\2011_09_26_drive_0005_sync\velodyne_points\data\0000000043.bin,True,True,375,1242,122578
2011_09_26,2011_09_26_drive_0005_sync,0000000044,E:\monodepth_project\data\kitti\2011_09_26\2011_09_26_drive_0005_sync\image_02\data\0000000044.png,E:\monodepth_project\data\kitti\2011_09_26\2011_09_26_drive_0005_sync\velodyne_points\data\0000000044.bin,True,True,375,1242,122610
2011_09_26,2011_09_26_drive_0005_sync,0000000045,E:\monodepth_project\data\kitti\2011_09_26\2011_09_26_drive_0005_sync\image_02\data\0000000045.png,E:\monodepth_project\data\kitti\2011_09_26\2011_09_26_drive_0005_sync\velodyne_points\data\0000000045.bin,True,True,375,1242,122481
2011_09_26,2011_09_26_drive_0005_sync,0000000046,E:\monodepth_project\data\kitti\2011_09_26\2011_09_26_drive_0005_sync\image_02\data\0000000046.png,E:\monodepth_project\data\kitti\2011_09_26\2011_09_26_drive_0005_sync\velodyne_points\data\0000000046.bin,True,True,375,1242,122426
2011_09_26,2011_09_26_drive_0005_sync,0000000047,E:\monodepth_project\data\kitti\2011_09_26\2011_09_26_drive_0005_sync\image_02\data\0000000047.png,E:\monodepth_project\data\kitti\2011_09_26\2011_09_26_drive_0005_sync\velodyne_points\data\0000000047.bin,True,True,375,1242,122476
2011_09_26,2011_09_26_drive_0005_sync,0000000048,E:\monodepth_project\data\kitti\2011_09_26\2011_09_26_drive_0005_sync\image_02\data\0000000048.png,E:\monodepth_project\data\kitti\2011_09_26\2011_09_26_drive_0005_sync\velodyne_points\data\0000000048.bin,True,True,375,1242,122467
2011_09_26,2011_09_26_drive_0005_sync,0000000049,E:\monodepth_project\data\kitti\2011_09_26\2011_09_26_drive_0005_sync\image_02\data\0000000049.png,E:\monodepth_project\data\kitti\2011_09_26\2011_09_26_drive_0005_sync\velodyne_points\data\0000000049.bin,True,True,375,1242,122084
2011_09_26,2011_09_26_drive_0005_sync,0000000050,E:\monodepth_project\data\kitti\2011_09_26\2011_09_26_drive_0005_sync\image_02\data\0000000050.png,E:\monodepth_project\data\kitti\2011_09_26\2011_09_26_drive_0005_sync\velodyne_points\data\0000000050.bin,True,True,375,1242,122545
2011_09_26,2011_09_26_drive_0005_sync,0000000051,E:\monodepth_project\data\kitti\2011_09_26\2011_09_26_drive_0005_sync\image_02\data\0000000051.png,E:\monodepth_project\data\kitti\2011_09_26\2011_09_26_drive_0005_sync\velodyne_points\data\0000000051.bin,True,True,375,1242,122595
2011_09_26,2011_09_26_drive_0005_sync,0000000052,E:\monodepth_project\data\kitti\2011_09_26\2011_09_26_drive_0005_sync\image_02\data\0000000052.png,E:\monodepth_project\data\kitti\2011_09_26\2011_09_26_drive_0005_sync\velodyne_points\data\0000000052.bin,True,True,375,1242,122499
2011_09_26,2011_09_26_drive_0005_sync,0000000053,E:\monodepth_project\data\kitti\2011_09_26\2011_09_26_drive_0005_sync\image_02\data\0000000053.png,E:\monodepth_project\data\kitti\2011_09_26\2011_09_26_drive_0005_sync\velodyne_points\data\0000000053.bin,True,True,375,1242,122648
2011_09_26,2011_09_26_drive_0005_sync,0000000054,E:\monodepth_project\data\kitti\2011_09_26\2011_09_26_drive_0005_sync\image_02\data\0000000054.png,E:\monodepth_project\data\kitti\2011_09_26\2011_09_26_drive_0005_sync\velodyne_points\data\0000000054.bin,True,True,375,1242,122676
2011_09_26,2011_09_26_drive_0005_sync,0000000055,E:\monodepth_project\data\kitti\2011_09_26\2011_09_26_drive_0005_sync\image_02\data\0000000055.png,E:\monodepth_project\data\kitti\2011_09_26\2011_09_26_drive_0005_sync\velodyne_points\data\0000000055.bin,True,True,375,1242,122882
2011_09_26,2011_09_26_drive_0005_sync,0000000056,E:\monodepth_project\data\kitti\2011_09_26\2011_09_26_drive_0005_sync\image_02\data\0000000056.png,E:\monodepth_project\data\kitti\2011_09_26\2011_09_26_drive_0005_sync\velodyne_points\data\0000000056.bin,True,True,375,1242,123078
2011_09_26,2011_09_26_drive_0005_sync,0000000057,E:\monodepth_project\data\kitti\2011_09_26\2011_09_26_drive_0005_sync\image_02\data\0000000057.png,E:\monodepth_project\data\kitti\2011_09_26\2011_09_26_drive_0005_sync\velodyne_points\data\0000000057.bin,True,True,375,1242,123015
2011_09_26,2011_09_26_drive_0005_sync,0000000058,E:\monodepth_project\data\kitti\2011_09_26\2011_09_26_drive_0005_sync\image_02\data\0000000058.png,E:\monodepth_project\data\kitti\2011_09_26\2011_09_26_drive_0005_sync\velodyne_points\data\0000000058.bin,True,True,375,1242,123087
2011_09_26,2011_09_26_drive_0005_sync,0000000059,E:\monodepth_project\data\kitti\2011_09_26\2011_09_26_drive_0005_sync\image_02\data\0000000059.png,E:\monodepth_project\data\kitti\2011_09_26\2011_09_26_drive_0005_sync\velodyne_points\data\0000000059.bin,True,True,375,1242,123236
2011_09_26,2011_09_26_drive_0005_sync,0000000060,E:\monodepth_project\data\kitti\2011_09_26\2011_09_26_drive_0005_sync\image_02\data\0000000060.png,E:\monodepth_project\data\kitti\2011_09_26\2011_09_26_drive_0005_sync\velodyne_points\data\0000000060.bin,True,True,375,1242,122942
2011_09_26,2011_09_26_drive_0005_sync,0000000061,E:\monodepth_project\data\kitti\2011_09_26\2011_09_26_drive_0005_sync\image_02\data\0000000061.png,E:\monodepth_project\data\kitti\2011_09_26\2011_09_26_drive_0005_sync\velodyne_points\data\0000000061.bin,True,True,375,1242,122805
2011_09_26,2011_09_26_drive_0005_sync,0000000062,E:\monodepth_project\data\kitti\2011_09_26\2011_09_26_drive_0005_sync\image_02\data\0000000062.png,E:\monodepth_project\data\kitti\2011_09_26\2011_09_26_drive_0005_sync\velodyne_points\data\0000000062.bin,True,True,375,1242,122834
2011_09_26,2011_09_26_drive_0005_sync,0000000063,E:\monodepth_project\data\kitti\2011_09_26\2011_09_26_drive_0005_sync\image_02\data\0000000063.png,E:\monodepth_project\data\kitti\2011_09_26\2011_09_26_drive_0005_sync\velodyne_points\data\0000000063.bin,True,True,375,1242,122803
2011_09_26,2011_09_26_drive_0005_sync,0000000064,E:\monodepth_project\data\kitti\2011_09_26\2011_09_26_drive_0005_sync\image_02\data\0000000064.png,E:\monodepth_project\data\kitti\2011_09_26\2011_09_26_drive_0005_sync\velodyne_points\data\0000000064.bin,True,True,375,1242,122836
2011_09_26,2011_09_26_drive_0005_sync,0000000065,E:\monodepth_project\data\kitti\2011_09_26\2011_09_26_drive_0005_sync\image_02\data\0000000065.png,E:\monodepth_project\data\kitti\2011_09_26\2011_09_26_drive_0005_sync\velodyne_points\data\0000000065.bin,True,True,375,1242,123113
2011_09_26,2011_09_26_drive_0005_sync,0000000066,E:\monodepth_project\data\kitti\2011_09_26\2011_09_26_drive_0005_sync\image_02\data\0000000066.png,E:\monodepth_project\data\kitti\2011_09_26\2011_09_26_drive_0005_sync\velodyne_points\data\0000000066.bin,True,True,375,1242,123246
2011_09_26,2011_09_26_drive_0005_sync,0000000067,E:\monodepth_project\data\kitti\2011_09_26\2011_09_26_drive_0005_sync\image_02\data\0000000067.png,E:\monodepth_project\data\kitti\2011_09_26\2011_09_26_drive_0005_sync\velodyne_points\data\0000000067.bin,True,True,375,1242,123072
2011_09_26,2011_09_26_drive_0005_sync,0000000068,E:\monodepth_project\data\kitti\2011_09_26\2011_09_26_drive_0005_sync\image_02\data\0000000068.png,E:\monodepth_project\data\kitti\2011_09_26\2011_09_26_drive_0005_sync\velodyne_points\data\0000000068.bin,True,True,375,1242,123178
2011_09_26,2011_09_26_drive_0005_sync,0000000069,E:\monodepth_project\data\kitti\2011_09_26\2011_09_26_drive_0005_sync\image_02\data\0000000069.png,E:\monodepth_project\data\kitti\2011_09_26\2011_09_26_drive_0005_sync\velodyne_points\data\0000000069.bin,True,True,375,1242,123138
2011_09_26,2011_09_26_drive_0005_sync,0000000070,E:\monodepth_project\data\kitti\2011_09_26\2011_09_26_drive_0005_sync\image_02\data\0000000070.png,E:\monodepth_project\data\kitti\2011_09_26\2011_09_26_drive_0005_sync\velodyne_points\data\0000000070.bin,True,True,375,1242,123357
2011_09_26,2011_09_26_drive_0005_sync,0000000071,E:\monodepth_project\data\kitti\2011_09_26\2011_09_26_drive_0005_sync\image_02\data\0000000071.png,E:\monodepth_project\data\kitti\2011_09_26\2011_09_26_drive_0005_sync\velodyne_points\data\0000000071.bin,True,True,375,1242,123557
2011_09_26,2011_09_26_drive_0005_sync,0000000072,E:\monodepth_project\data\kitti\2011_09_26\2011_09_26_drive_0005_sync\image_02\data\0000000072.png,E:\monodepth_project\data\kitti\2011_09_26\2011_09_26_drive_0005_sync\velodyne_points\data\0000000072.bin,True,True,375,1242,123709
2011_09_26,2011_09_26_drive_0005_sync,0000000073,E:\monodepth_project\data\kitti\2011_09_26\2011_09_26_drive_0005_sync\image_02\data\0000000073.png,E:\monodepth_project\data\kitti\2011_09_26\2011_09_26_drive_0005_sync\velodyne_points\data\0000000073.bin,True,True,375,1242,123772
2011_09_26,2011_09_26_drive_0005_sync,0000000074,E:\monodepth_project\data\kitti\2011_09_26\2011_09_26_drive_0005_sync\image_02\data\0000000074.png,E:\monodepth_project\data\kitti\2011_09_26\2011_09_26_drive_0005_sync\velodyne_points\data\0000000074.bin,True,True,375,1242,124095
2011_09_26,2011_09_26_drive_0005_sync,0000000075,E:\monodepth_project\data\kitti\2011_09_26\2011_09_26_drive_0005_sync\image_02\data\0000000075.png,E:\monodepth_project\data\kitti\2011_09_26\2011_09_26_drive_0005_sync\velodyne_points\data\0000000075.bin,True,True,375,1242,124122
2011_09_26,2011_09_26_drive_0005_sync,0000000076,E:\monodepth_project\data\kitti\2011_09_26\2011_09_26_drive_0005_sync\image_02\data\0000000076.png,E:\monodepth_project\data\kitti\2011_09_26\2011_09_26_drive_0005_sync\velodyne_points\data\0000000076.bin,True,True,375,1242,124044
2011_09_26,2011_09_26_drive_0005_sync,0000000077,E:\monodepth_project\data\kitti\2011_09_26\2011_09_26_drive_0005_sync\image_02\data\0000000077.png,E:\monodepth_project\data\kitti\2011_09_26\2011_09_26_drive_0005_sync\velodyne_points\data\0000000077.bin,True,True,375,1242,124048
2011_09_26,2011_09_26_drive_0005_sync,0000000078,E:\monodepth_project\data\kitti\2011_09_26\2011_09_26_drive_0005_sync\image_02\data\0000000078.png,E:\monodepth_project\data\kitti\2011_09_26\2011_09_26_drive_0005_sync\velodyne_points\data\0000000078.bin,True,True,375,1242,123902
2011_09_26,2011_09_26_drive_0005_sync,0000000079,E:\monodepth_project\data\kitti\2011_09_26\2011_09_26_drive_0005_sync\image_02\data\0000000079.png,E:\monodepth_project\data\kitti\2011_09_26\2011_09_26_drive_0005_sync\velodyne_points\data\0000000079.bin,True,True,375,1242,123771
2011_09_26,2011_09_26_drive_0005_sync,0000000080,E:\monodepth_project\data\kitti\2011_09_26\2011_09_26_drive_0005_sync\image_02\data\0000000080.png,E:\monodepth_project\data\kitti\2011_09_26\2011_09_26_drive_0005_sync\velodyne_points\data\0000000080.bin,True,True,375,1242,123801
2011_09_26,2011_09_26_drive_0005_sync,0000000081,E:\monodepth_project\data\kitti\2011_09_26\2011_09_26_drive_0005_sync\image_02\data\0000000081.png,E:\monodepth_project\data\kitti\2011_09_26\2011_09_26_drive_0005_sync\velodyne_points\data\0000000081.bin,True,True,375,1242,123660
2011_09_26,2011_09_26_drive_0005_sync,0000000082,E:\monodepth_project\data\kitti\2011_09_26\2011_09_26_drive_0005_sync\image_02\data\0000000082.png,E:\monodepth_project\data\kitti\2011_09_26\2011_09_26_drive_0005_sync\velodyne_points\data\0000000082.bin,True,True,375,1242,123704
2011_09_26,2011_09_26_drive_0005_sync,0000000083,E:\monodepth_project\data\kitti\2011_09_26\2011_09_26_drive_0005_sync\image_02\data\0000000083.png,E:\monodepth_project\data\kitti\2011_09_26\2011_09_26_drive_0005_sync\velodyne_points\data\0000000083.bin,True,True,375,1242,123871
2011_09_26,2011_09_26_drive_0005_sync,0000000084,E:\monodepth_project\data\kitti\2011_09_26\2011_09_26_drive_0005_sync\image_02\data\0000000084.png,E:\monodepth_project\data\kitti\2011_09_26\2011_09_26_drive_0005_sync\velodyne_points\data\0000000084.bin,True,True,375,1242,123845
2011_09_26,2011_09_26_drive_0005_sync,0000000085,E:\monodepth_project\data\kitti\2011_09_26\2011_09_26_drive_0005_sync\image_02\data\0000000085.png,E:\monodepth_project\data\kitti\2011_09_26\2011_09_26_drive_0005_sync\velodyne_points\data\0000000085.bin,True,True,375,1242,123838
2011_09_26,2011_09_26_drive_0005_sync,0000000086,E:\monodepth_project\data\kitti\2011_09_26\2011_09_26_drive_0005_sync\image_02\data\0000000086.png,E:\monodepth_project\data\kitti\2011_09_26\2011_09_26_drive_0005_sync\velodyne_points\data\0000000086.bin,True,True,375,1242,123996
2011_09_26,2011_09_26_drive_0005_sync,0000000087,E:\monodepth_project\data\kitti\2011_09_26\2011_09_26_drive_0005_sync\image_02\data\0000000087.png,E:\monodepth_project\data\kitti\2011_09_26\2011_09_26_drive_0005_sync\velodyne_points\data\0000000087.bin,True,True,375,1242,123925
2011_09_26,2011_09_26_drive_0005_sync,0000000088,E:\monodepth_project\data\kitti\2011_09_26\2011_09_26_drive_0005_sync\image_02\data\0000000088.png,E:\monodepth_project\data\kitti\2011_09_26\2011_09_26_drive_0005_sync\velodyne_points\data\0000000088.bin,True,True,375,1242,123983
2011_09_26,2011_09_26_drive_0005_sync,0000000089,E:\monodepth_project\data\kitti\2011_09_26\2011_09_26_drive_0005_sync\image_02\data\0000000089.png,E:\monodepth_project\data\kitti\2011_09_26\2011_09_26_drive_0005_sync\velodyne_points\data\0000000089.bin,True,True,375,1242,123749
2011_09_26,2011_09_26_drive_0005_sync,0000000090,E:\monodepth_project\data\kitti\2011_09_26\2011_09_26_drive_0005_sync\image_02\data\0000000090.png,E:\monodepth_project\data\kitti\2011_09_26\2011_09_26_drive_0005_sync\velodyne_points\data\0000000090.bin,True,True,375,1242,123526
2011_09_26,2011_09_26_drive_0005_sync,0000000091,E:\monodepth_project\data\kitti\2011_09_26\2011_09_26_drive_0005_sync\image_02\data\0000000091.png,E:\monodepth_project\data\kitti\2011_09_26\2011_09_26_drive_0005_sync\velodyne_points\data\0000000091.bin,True,True,375,1242,123659
2011_09_26,2011_09_26_drive_0005_sync,0000000092,E:\monodepth_project\data\kitti\2011_09_26\2011_09_26_drive_0005_sync\image_02\data\0000000092.png,E:\monodepth_project\data\kitti\2011_09_26\2011_09_26_drive_0005_sync\velodyne_points\data\0000000092.bin,True,True,375,1242,123460
2011_09_26,2011_09_26_drive_0005_sync,0000000093,E:\monodepth_project\data\kitti\2011_09_26\2011_09_26_drive_0005_sync\image_02\data\0000000093.png,E:\monodepth_project\data\kitti\2011_09_26\2011_09_26_drive_0005_sync\velodyne_points\data\0000000093.bin,True,True,375,1242,123467
2011_09_26,2011_09_26_drive_0005_sync,0000000094,E:\monodepth_project\data\kitti\2011_09_26\2011_09_26_drive_0005_sync\image_02\data\0000000094.png,E:\monodepth_project\data\kitti\2011_09_26\2011_09_26_drive_0005_sync\velodyne_points\data\0000000094.bin,True,True,375,1242,123409
2011_09_26,2011_09_26_drive_0005_sync,0000000095,E:\monodepth_project\data\kitti\2011_09_26\2011_09_26_drive_0005_sync\image_02\data\0000000095.png,E:\monodepth_project\data\kitti\2011_09_26\2011_09_26_drive_0005_sync\velodyne_points\data\0000000095.bin,True,True,375,1242,123208
2011_09_26,2011_09_26_drive_0005_sync,0000000096,E:\monodepth_project\data\kitti\2011_09_26\2011_09_26_drive_0005_sync\image_02\data\0000000096.png,E:\monodepth_project\data\kitti\2011_09_26\2011_09_26_drive_0005_sync\velodyne_points\data\0000000096.bin,True,True,375,1242,123158
2011_09_26,2011_09_26_drive_0005_sync,0000000097,E:\monodepth_project\data\kitti\2011_09_26\2011_09_26_drive_0005_sync\image_02\data\0000000097.png,E:\monodepth_project\data\kitti\2011_09_26\2011_09_26_drive_0005_sync\velodyne_points\data\0000000097.bin,True,True,375,1242,123008
2011_09_26,2011_09_26_drive_0005_sync,0000000098,E:\monodepth_project\data\kitti\2011_09_26\2011_09_26_drive_0005_sync\image_02\data\0000000098.png,E:\monodepth_project\data\kitti\2011_09_26\2011_09_26_drive_0005_sync\velodyne_points\data\0000000098.bin,True,True,375,1242,122898
2011_09_26,2011_09_26_drive_0005_sync,0000000099,E:\monodepth_project\data\kitti\2011_09_26\2011_09_26_drive_0005_sync\image_02\data\0000000099.png,E:\monodepth_project\data\kitti\2011_09_26\2011_09_26_drive_0005_sync\velodyne_points\data\0000000099.bin,True,True,375,1242,122813
2011_09_26,2011_09_26_drive_0005_sync,0000000100,E:\monodepth_project\data\kitti\2011_09_26\2011_09_26_drive_0005_sync\image_02\data\0000000100.png,E:\monodepth_project\data\kitti\2011_09_26\2011_09_26_drive_0005_sync\velodyne_points\data\0000000100.bin,True,True,375,1242,122624
2011_09_26,2011_09_26_drive_0005_sync,0000000101,E:\monodepth_project\data\kitti\2011_09_26\2011_09_26_drive_0005_sync\image_02\data\0000000101.png,E:\monodepth_project\data\kitti\2011_09_26\2011_09_26_drive_0005_sync\velodyne_points\data\0000000101.bin,True,True,375,1242,122470
2011_09_26,2011_09_26_drive_0005_sync,0000000102,E:\monodepth_project\data\kitti\2011_09_26\2011_09_26_drive_0005_sync\image_02\data\0000000102.png,E:\monodepth_project\data\kitti\2011_09_26\2011_09_26_drive_0005_sync\velodyne_points\data\0000000102.bin,True,True,375,1242,122319
2011_09_26,2011_09_26_drive_0005_sync,0000000103,E:\monodepth_project\data\kitti\2011_09_26\2011_09_26_drive_0005_sync\image_02\data\0000000103.png,E:\monodepth_project\data\kitti\2011_09_26\2011_09_26_drive_0005_sync\velodyne_points\data\0000000103.bin,True,True,375,1242,122125
2011_09_26,2011_09_26_drive_0005_sync,0000000104,E:\monodepth_project\data\kitti\2011_09_26\2011_09_26_drive_0005_sync\image_02\data\0000000104.png,E:\monodepth_project\data\kitti\2011_09_26\2011_09_26_drive_0005_sync\velodyne_points\data\0000000104.bin,True,True,375,1242,121869
2011_09_26,2011_09_26_drive_0005_sync,0000000105,E:\monodepth_project\data\kitti\2011_09_26\2011_09_26_drive_0005_sync\image_02\data\0000000105.png,E:\monodepth_project\data\kitti\2011_09_26\2011_09_26_drive_0005_sync\velodyne_points\data\0000000105.bin,True,True,375,1242,121519
2011_09_26,2011_09_26_drive_0005_sync,0000000106,E:\monodepth_project\data\kitti\2011_09_26\2011_09_26_drive_0005_sync\image_02\data\0000000106.png,E:\monodepth_project\data\kitti\2011_09_26\2011_09_26_drive_0005_sync\velodyne_points\data\0000000106.bin,True,True,375,1242,121178
2011_09_26,2011_09_26_drive_0005_sync,0000000107,E:\monodepth_project\data\kitti\2011_09_26\2011_09_26_drive_0005_sync\image_02\data\0000000107.png,E:\monodepth_project\data\kitti\2011_09_26\2011_09_26_drive_0005_sync\velodyne_points\data\0000000107.bin,True,True,375,1242,121173
2011_09_26,2011_09_26_drive_0005_sync,0000000108,E:\monodepth_project\data\kitti\2011_09_26\2011_09_26_drive_0005_sync\image_02\data\0000000108.png,E:\monodepth_project\data\kitti\2011_09_26\2011_09_26_drive_0005_sync\velodyne_points\data\0000000108.bin,True,True,375,1242,121210
2011_09_26,2011_09_26_drive_0005_sync,0000000109,E:\monodepth_project\data\kitti\2011_09_26\2011_09_26_drive_0005_sync\image_02\data\0000000109.png,E:\monodepth_project\data\kitti\2011_09_26\2011_09_26_drive_0005_sync\velodyne_points\data\0000000109.bin,True,True,375,1242,121026
2011_09_26,2011_09_26_drive_0005_sync,0000000110,E:\monodepth_project\data\kitti\2011_09_26\2011_09_26_drive_0005_sync\image_02\data\0000000110.png,E:\monodepth_project\data\kitti\2011_09_26\2011_09_26_drive_0005_sync\velodyne_points\data\0000000110.bin,True,True,375,1242,120825
2011_09_26,2011_09_26_drive_0005_sync,0000000111,E:\monodepth_project\data\kitti\2011_09_26\2011_09_26_drive_0005_sync\image_02\data\0000000111.png,E:\monodepth_project\data\kitti\2011_09_26\2011_09_26_drive_0005_sync\velodyne_points\data\0000000111.bin,True,True,375,1242,120989
2011_09_26,2011_09_26_drive_0005_sync,0000000112,E:\monodepth_project\data\kitti\2011_09_26\2011_09_26_drive_0005_sync\image_02\data\0000000112.png,E:\monodepth_project\data\kitti\2011_09_26\2011_09_26_drive_0005_sync\velodyne_points\data\0000000112.bin,True,True,375,1242,121220
2011_09_26,2011_09_26_drive_0005_sync,0000000113,E:\monodepth_project\data\kitti\2011_09_26\2011_09_26_drive_0005_sync\image_02\data\0000000113.png,E:\monodepth_project\data\kitti\2011_09_26\2011_09_26_drive_0005_sync\velodyne_points\data\0000000113.bin,True,True,375,1242,121283
2011_09_26,2011_09_26_drive_0005_sync,0000000114,E:\monodepth_project\data\kitti\2011_09_26\2011_09_26_drive_0005_sync\image_02\data\0000000114.png,E:\monodepth_project\data\kitti\2011_09_26\2011_09_26_drive_0005_sync\velodyne_points\data\0000000114.bin,True,True,375,1242,121656
2011_09_26,2011_09_26_drive_0005_sync,0000000115,E:\monodepth_project\data\kitti\2011_09_26\2011_09_26_drive_0005_sync\image_02\data\0000000115.png,E:\monodepth_project\data\kitti\2011_09_26\2011_09_26_drive_0005_sync\velodyne_points\data\0000000115.bin,True,True,375,1242,121649
2011_09_26,2011_09_26_drive_0005_sync,0000000116,E:\monodepth_project\data\kitti\2011_09_26\2011_09_26_drive_0005_sync\image_02\data\0000000116.png,E:\monodepth_project\data\kitti\2011_09_26\2011_09_26_drive_0005_sync\velodyne_points\data\0000000116.bin,True,True,375,1242,121691
2011_09_26,2011_09_26_drive_0005_sync,0000000117,E:\monodepth_project\data\kitti\2011_09_26\2011_09_26_drive_0005_sync\image_02\data\0000000117.png,E:\monodepth_project\data\kitti\2011_09_26\2011_09_26_drive_0005_sync\velodyne_points\data\0000000117.bin,True,True,375,1242,121723
2011_09_26,2011_09_26_drive_0005_sync,0000000118,E:\monodepth_project\data\kitti\2011_09_26\2011_09_26_drive_0005_sync\image_02\data\0000000118.png,E:\monodepth_project\data\kitti\2011_09_26\2011_09_26_drive_0005_sync\velodyne_points\data\0000000118.bin,True,True,375,1242,121482
2011_09_26,2011_09_26_drive_0005_sync,0000000119,E:\monodepth_project\data\kitti\2011_09_26\2011_09_26_drive_0005_sync\image_02\data\0000000119.png,E:\monodepth_project\data\kitti\2011_09_26\2011_09_26_drive_0005_sync\velodyne_points\data\0000000119.bin,True,True,375,1242,120943
2011_09_26,2011_09_26_drive_0005_sync,0000000120,E:\monodepth_project\data\kitti\2011_09_26\2011_09_26_drive_0005_sync\image_02\data\0000000120.png,E:\monodepth_project\data\kitti\2011_09_26\2011_09_26_drive_0005_sync\velodyne_points\data\0000000120.bin,True,True,375,1242,120873
2011_09_26,2011_09_26_drive_0005_sync,0000000121,E:\monodepth_project\data\kitti\2011_09_26\2011_09_26_drive_0005_sync\image_02\data\0000000121.png,E:\monodepth_project\data\kitti\2011_09_26\2011_09_26_drive_0005_sync\velodyne_points\data\0000000121.bin,True,True,375,1242,120271
2011_09_26,2011_09_26_drive_0005_sync,0000000122,E:\monodepth_project\data\kitti\2011_09_26\2011_09_26_drive_0005_sync\image_02\data\0000000122.png,E:\monodepth_project\data\kitti\2011_09_26\2011_09_26_drive_0005_sync\velodyne_points\data\0000000122.bin,True,True,375,1242,120052
2011_09_26,2011_09_26_drive_0005_sync,0000000123,E:\monodepth_project\data\kitti\2011_09_26\2011_09_26_drive_0005_sync\image_02\data\0000000123.png,E:\monodepth_project\data\kitti\2011_09_26\2011_09_26_drive_0005_sync\velodyne_points\data\0000000123.bin,True,True,375,1242,119588
2011_09_26,2011_09_26_drive_0005_sync,0000000124,E:\monodepth_project\data\kitti\2011_09_26\2011_09_26_drive_0005_sync\image_02\data\0000000124.png,E:\monodepth_project\data\kitti\2011_09_26\2011_09_26_drive_0005_sync\velodyne_points\data\0000000124.bin,True,True,375,1242,118950
2011_09_26,2011_09_26_drive_0005_sync,0000000125,E:\monodepth_project\data\kitti\2011_09_26\2011_09_26_drive_0005_sync\image_02\data\0000000125.png,E:\monodepth_project\data\kitti\2011_09_26\2011_09_26_drive_0005_sync\velodyne_points\data\0000000125.bin,True,True,375,1242,118572
2011_09_26,2011_09_26_drive_0005_sync,0000000126,E:\monodepth_project\data\kitti\2011_09_26\2011_09_26_drive_0005_sync\image_02\data\0000000126.png,E:\monodepth_project\data\kitti\2011_09_26\2011_09_26_drive_0005_sync\velodyne_points\data\0000000126.bin,True,True,375,1242,118371
2011_09_26,2011_09_26_drive_0005_sync,0000000127,E:\monodepth_project\data\kitti\2011_09_26\2011_09_26_drive_0005_sync\image_02\data\0000000127.png,E:\monodepth_project\data\kitti\2011_09_26\2011_09_26_drive_0005_sync\velodyne_points\data\0000000127.bin,True,True,375,1242,118451
2011_09_26,2011_09_26_drive_0005_sync,0000000128,E:\monodepth_project\data\kitti\2011_09_26\2011_09_26_drive_0005_sync\image_02\data\0000000128.png,E:\monodepth_project\data\kitti\2011_09_26\2011_09_26_drive_0005_sync\velodyne_points\data\0000000128.bin,True,True,375,1242,118494
2011_09_26,2011_09_26_drive_0005_sync,0000000129,E:\monodepth_project\data\kitti\2011_09_26\2011_09_26_drive_0005_sync\image_02\data\0000000129.png,E:\monodepth_project\data\kitti\2011_09_26\2011_09_26_drive_0005_sync\velodyne_points\data\0000000129.bin,True,True,375,1242,118765
2011_09_26,2011_09_26_drive_0005_sync,0000000130,E:\monodepth_project\data\kitti\2011_09_26\2011_09_26_drive_0005_sync\image_02\data\0000000130.png,E:\monodepth_project\data\kitti\2011_09_26\2011_09_26_drive_0005_sync\velodyne_points\data\0000000130.bin,True,True,375,1242,118930
2011_09_26,2011_09_26_drive_0005_sync,0000000131,E:\monodepth_project\data\kitti\2011_09_26\2011_09_26_drive_0005_sync\image_02\data\0000000131.png,E:\monodepth_project\data\kitti\2011_09_26\2011_09_26_drive_0005_sync\velodyne_points\data\0000000131.bin,True,True,375,1242,119092
2011_09_26,2011_09_26_drive_0005_sync,0000000132,E:\monodepth_project\data\kitti\2011_09_26\2011_09_26_drive_0005_sync\image_02\data\0000000132.png,E:\monodepth_project\data\kitti\2011_09_26\2011_09_26_drive_0005_sync\velodyne_points\data\0000000132.bin,True,True,375,1242,119349
2011_09_26,2011_09_26_drive_0005_sync,0000000133,E:\monodepth_project\data\kitti\2011_09_26\2011_09_26_drive_0005_sync\image_02\data\0000000133.png,E:\monodepth_project\data\kitti\2011_09_26\2011_09_26_drive_0005_sync\velodyne_points\data\0000000133.bin,True,True,375,1242,119602
2011_09_26,2011_09_26_drive_0005_sync,0000000134,E:\monodepth_project\data\kitti\2011_09_26\2011_09_26_drive_0005_sync\image_02\data\0000000134.png,E:\monodepth_project\data\kitti\2011_09_26\2011_09_26_drive_0005_sync\velodyne_points\data\0000000134.bin,True,True,375,1242,119828
2011_09_26,2011_09_26_drive_0005_sync,0000000135,E:\monodepth_project\data\kitti\2011_09_26\2011_09_26_drive_0005_sync\image_02\data\0000000135.png,E:\monodepth_project\data\kitti\2011_09_26\2011_09_26_drive_0005_sync\velodyne_points\data\0000000135.bin,True,True,375,1242,120049
2011_09_26,2011_09_26_drive_0005_sync,0000000136,E:\monodepth_project\data\kitti\2011_09_26\2011_09_26_drive_0005_sync\image_02\data\0000000136.png,E:\monodepth_project\data\kitti\2011_09_26\2011_09_26_drive_0005_sync\velodyne_points\data\0000000136.bin,True,True,375,1242,120163
2011_09_26,2011_09_26_drive_0005_sync,0000000137,E:\monodepth_project\data\kitti\2011_09_26\2011_09_26_drive_0005_sync\image_02\data\0000000137.png,E:\monodepth_project\data\kitti\2011_09_26\2011_09_26_drive_0005_sync\velodyne_points\data\0000000137.bin,True,True,375,1242,120212
2011_09_26,2011_09_26_drive_0005_sync,0000000138,E:\monodepth_project\data\kitti\2011_09_26\2011_09_26_drive_0005_sync\image_02\data\0000000138.png,E:\monodepth_project\data\kitti\2011_09_26\2011_09_26_drive_0005_sync\velodyne_points\data\0000000138.bin,True,True,375,1242,120067
2011_09_26,2011_09_26_drive_0005_sync,0000000139,E:\monodepth_project\data\kitti\2011_09_26\2011_09_26_drive_0005_sync\image_02\data\0000000139.png,E:\monodepth_project\data\kitti\2011_09_26\2011_09_26_drive_0005_sync\velodyne_points\data\0000000139.bin,True,True,375,1242,119597
2011_09_26,2011_09_26_drive_0005_sync,0000000140,E:\monodepth_project\data\kitti\2011_09_26\2011_09_26_drive_0005_sync\image_02\data\0000000140.png,E:\monodepth_project\data\kitti\2011_09_26\2011_09_26_drive_0005_sync\velodyne_points\data\0000000140.bin,True,True,375,1242,119418
2011_09_26,2011_09_26_drive_0005_sync,0000000141,E:\monodepth_project\data\kitti\2011_09_26\2011_09_26_drive_0005_sync\image_02\data\0000000141.png,E:\monodepth_project\data\kitti\2011_09_26\2011_09_26_drive_0005_sync\velodyne_points\data\0000000141.bin,True,True,375,1242,118846
2011_09_26,2011_09_26_drive_0005_sync,0000000142,E:\monodepth_project\data\kitti\2011_09_26\2011_09_26_drive_0005_sync\image_02\data\0000000142.png,E:\monodepth_project\data\kitti\2011_09_26\2011_09_26_drive_0005_sync\velodyne_points\data\0000000142.bin,True,True,375,1242,118423
2011_09_26,2011_09_26_drive_0005_sync,0000000143,E:\monodepth_project\data\kitti\2011_09_26\2011_09_26_drive_0005_sync\image_02\data\0000000143.png,E:\monodepth_project\data\kitti\2011_09_26\2011_09_26_drive_0005_sync\velodyne_points\data\0000000143.bin,True,True,375,1242,117841
2011_09_26,2011_09_26_drive_0005_sync,0000000144,E:\monodepth_project\data\kitti\2011_09_26\2011_09_26_drive_0005_sync\image_02\data\0000000144.png,E:\monodepth_project\data\kitti\2011_09_26\2011_09_26_drive_0005_sync\velodyne_points\data\0000000144.bin,True,True,375,1242,117093
2011_09_26,2011_09_26_drive_0005_sync,0000000145,E:\monodepth_project\data\kitti\2011_09_26\2011_09_26_drive_0005_sync\image_02\data\0000000145.png,E:\monodepth_project\data\kitti\2011_09_26\2011_09_26_drive_0005_sync\velodyne_points\data\0000000145.bin,True,True,375,1242,116104
2011_09_26,2011_09_26_drive_0005_sync,0000000146,E:\monodepth_project\data\kitti\2011_09_26\2011_09_26_drive_0005_sync\image_02\data\0000000146.png,E:\monodepth_project\data\kitti\2011_09_26\2011_09_26_drive_0005_sync\velodyne_points\data\0000000146.bin,True,True,375,1242,115750
2011_09_26,2011_09_26_drive_0005_sync,0000000147,E:\monodepth_project\data\kitti\2011_09_26\2011_09_26_drive_0005_sync\image_02\data\0000000147.png,E:\monodepth_project\data\kitti\2011_09_26\2011_09_26_drive_0005_sync\velodyne_points\data\0000000147.bin,True,True,375,1242,115623
2011_09_26,2011_09_26_drive_0005_sync,0000000148,E:\monodepth_project\data\kitti\2011_09_26\2011_09_26_drive_0005_sync\image_02\data\0000000148.png,E:\monodepth_project\data\kitti\2011_09_26\2011_09_26_drive_0005_sync\velodyne_points\data\0000000148.bin,True,True,375,1242,115743
2011_09_26,2011_09_26_drive_0005_sync,0000000149,E:\monodepth_project\data\kitti\2011_09_26\2011_09_26_drive_0005_sync\image_02\data\0000000149.png,E:\monodepth_project\data\kitti\2011_09_26\2011_09_26_drive_0005_sync\velodyne_points\data\0000000149.bin,True,True,375,1242,115839
2011_09_26,2011_09_26_drive_0005_sync,0000000150,E:\monodepth_project\data\kitti\2011_09_26\2011_09_26_drive_0005_sync\image_02\data\0000000150.png,E:\monodepth_project\data\kitti\2011_09_26\2011_09_26_drive_0005_sync\velodyne_points\data\0000000150.bin,True,True,375,1242,115781
2011_09_26,2011_09_26_drive_0005_sync,0000000151,E:\monodepth_project\data\kitti\2011_09_26\2011_09_26_drive_0005_sync\image_02\data\0000000151.png,E:\monodepth_project\data\kitti\2011_09_26\2011_09_26_drive_0005_sync\velodyne_points\data\0000000151.bin,True,True,375,1242,115777
2011_09_26,2011_09_26_drive_0005_sync,0000000152,E:\monodepth_project\data\kitti\2011_09_26\2011_09_26_drive_0005_sync\image_02\data\0000000152.png,E:\monodepth_project\data\kitti\2011_09_26\2011_09_26_drive_0005_sync\velodyne_points\data\0000000152.bin,True,True,375,1242,115548
2011_09_26,2011_09_26_drive_0005_sync,0000000153,E:\monodepth_project\data\kitti\2011_09_26\2011_09_26_drive_0005_sync\image_02\data\0000000153.png,E:\monodepth_project\data\kitti\2011_09_26\2011_09_26_drive_0005_sync\velodyne_points\data\0000000153.bin,True,True,375,1242,98532
2011_09_26,2011_09_26_drive_0009_sync,0000000000,E:\monodepth_project\data\kitti\2011_09_26\2011_09_26_drive_0009_sync\image_02\data\0000000000.png,E:\monodepth_project\data\kitti\2011_09_26\2011_09_26_drive_0009_sync\velodyne_points\data\0000000000.bin,True,True,375,1242,122320
2011_09_26,2011_09_26_drive_0009_sync,0000000001,E:\monodepth_project\data\kitti\2011_09_26\2011_09_26_drive_0009_sync\image_02\data\0000000001.png,E:\monodepth_project\data\kitti\2011_09_26\2011_09_26_drive_0009_sync\velodyne_points\data\0000000001.bin,True,True,375,1242,120867
2011_09_26,2011_09_26_drive_0009_sync,0000000002,E:\monodepth_project\data\kitti\2011_09_26\2011_09_26_drive_0009_sync\image_02\data\0000000002.png,E:\monodepth_project\data\kitti\2011_09_26\2011_09_26_drive_0009_sync\velodyne_points\data\0000000002.bin,True,True,375,1242,118963
2011_09_26,2011_09_26_drive_0009_sync,0000000003,E:\monodepth_project\data\kitti\2011_09_26\2011_09_26_drive_0009_sync\image_02\data\0000000003.png,E:\monodepth_project\data\kitti\2011_09_26\2011_09_26_drive_0009_sync\velodyne_points\data\0000000003.bin,True,True,375,1242,116585
2011_09_26,2011_09_26_drive_0009_sync,0000000004,E:\monodepth_project\data\kitti\2011_09_26\2011_09_26_drive_0009_sync\image_02\data\0000000004.png,E:\monodepth_project\data\kitti\2011_09_26\2011_09_26_drive_0009_sync\velodyne_points\data\0000000004.bin,True,True,375,1242,114801
2011_09_26,2011_09_26_drive_0009_sync,0000000005,E:\monodepth_project\data\kitti\2011_09_26\2011_09_26_drive_0009_sync\image_02\data\0000000005.png,E:\monodepth_project\data\kitti\2011_09_26\2011_09_26_drive_0009_sync\velodyne_points\data\0000000005.bin,True,True,375,1242,112537
2011_09_26,2011_09_26_drive_0009_sync,0000000006,E:\monodepth_project\data\kitti\2011_09_26\2011_09_26_drive_0009_sync\image_02\data\0000000006.png,E:\monodepth_project\data\kitti\2011_09_26\2011_09_26_drive_0009_sync\velodyne_points\data\0000000006.bin,True,True,375,1242,111501
2011_09_26,2011_09_26_drive_0009_sync,0000000007,E:\monodepth_project\data\kitti\2011_09_26\2011_09_26_drive_0009_sync\image_02\data\0000000007.png,E:\monodepth_project\data\kitti\2011_09_26\2011_09_26_drive_0009_sync\velodyne_points\data\0000000007.bin,True,True,375,1242,111723
2011_09_26,2011_09_26_drive_0009_sync,0000000008,E:\monodepth_project\data\kitti\2011_09_26\2011_09_26_drive_0009_sync\image_02\data\0000000008.png,E:\monodepth_project\data\kitti\2011_09_26\2011_09_26_drive_0009_sync\velodyne_points\data\0000000008.bin,True,True,375,1242,111442
2011_09_26,2011_09_26_drive_0009_sync,0000000009,E:\monodepth_project\data\kitti\2011_09_26\2011_09_26_drive_0009_sync\image_02\data\0000000009.png,E:\monodepth_project\data\kitti\2011_09_26\2011_09_26_drive_0009_sync\velodyne_points\data\0000000009.bin,True,True,375,1242,112759
2011_09_26,2011_09_26_drive_0009_sync,0000000010,E:\monodepth_project\data\kitti\2011_09_26\2011_09_26_drive_0009_sync\image_02\data\0000000010.png,E:\monodepth_project\data\kitti\2011_09_26\2011_09_26_drive_0009_sync\velodyne_points\data\0000000010.bin,True,True,375,1242,114295
2011_09_26,2011_09_26_drive_0009_sync,0000000011,E:\monodepth_project\data\kitti\2011_09_26\2011_09_26_drive_0009_sync\image_02\data\0000000011.png,E:\monodepth_project\data\kitti\2011_09_26\2011_09_26_drive_0009_sync\velodyne_points\data\0000000011.bin,True,True,375,1242,116015
2011_09_26,2011_09_26_drive_0009_sync,0000000012,E:\monodepth_project\data\kitti\2011_09_26\2011_09_26_drive_0009_sync\image_02\data\0000000012.png,E:\monodepth_project\data\kitti\2011_09_26\2011_09_26_drive_0009_sync\velodyne_points\data\0000000012.bin,True,True,375,1242,116914
2011_09_26,2011_09_26_drive_0009_sync,0000000013,E:\monodepth_project\data\kitti\2011_09_26\2011_09_26_drive_0009_sync\image_02\data\0000000013.png,E:\monodepth_project\data\kitti\2011_09_26\2011_09_26_drive_0009_sync\velodyne_points\data\0000000013.bin,True,True,375,1242,116374
2011_09_26,2011_09_26_drive_0009_sync,0000000014,E:\monodepth_project\data\kitti\2011_09_26\2011_09_26_drive_0009_sync\image_02\data\0000000014.png,E:\monodepth_project\data\kitti\2011_09_26\2011_09_26_drive_0009_sync\velodyne_points\data\0000000014.bin,True,True,375,1242,115910
2011_09_26,2011_09_26_drive_0009_sync,0000000015,E:\monodepth_project\data\kitti\2011_09_26\2011_09_26_drive_0009_sync\image_02\data\0000000015.png,E:\monodepth_project\data\kitti\2011_09_26\2011_09_26_drive_0009_sync\velodyne_points\data\0000000015.bin,True,True,375,1242,115019
2011_09_26,2011_09_26_drive_0009_sync,0000000016,E:\monodepth_project\data\kitti\2011_09_26\2011_09_26_drive_0009_sync\image_02\data\0000000016.png,E:\monodepth_project\data\kitti\2011_09_26\2011_09_26_drive_0009_sync\velodyne_points\data\0000000016.bin,True,True,375,1242,115175
2011_09_26,2011_09_26_drive_0009_sync,0000000017,E:\monodepth_project\data\kitti\2011_09_26\2011_09_26_drive_0009_sync\image_02\data\0000000017.png,E:\monodepth_project\data\kitti\2011_09_26\2011_09_26_drive_0009_sync\velodyne_points\data\0000000017.bin,True,True,375,1242,116211
2011_09_26,2011_09_26_drive_0009_sync,0000000018,E:\monodepth_project\data\kitti\2011_09_26\2011_09_26_drive_0009_sync\image_02\data\0000000018.png,E:\monodepth_project\data\kitti\2011_09_26\2011_09_26_drive_0009_sync\velodyne_points\data\0000000018.bin,True,True,375,1242,116352
2011_09_26,2011_09_26_drive_0009_sync,0000000019,E:\monodepth_project\data\kitti\2011_09_26\2011_09_26_drive_0009_sync\image_02\data\0000000019.png,E:\monodepth_project\data\kitti\2011_09_26\2011_09_26_drive_0009_sync\velodyne_points\data\0000000019.bin,True,True,375,1242,115698
2011_09_26,2011_09_26_drive_0009_sync,0000000020,E:\monodepth_project\data\kitti\2011_09_26\2011_09_26_drive_0009_sync\image_02\data\0000000020.png,E:\monodepth_project\data\kitti\2011_09_26\2011_09_26_drive_0009_sync\velodyne_points\data\0000000020.bin,True,True,375,1242,116176
2011_09_26,2011_09_26_drive_0009_sync,0000000021,E:\monodepth_project\data\kitti\2011_09_26\2011_09_26_drive_0009_sync\image_02\data\0000000021.png,E:\monodepth_project\data\kitti\2011_09_26\2011_09_26_drive_0009_sync\velodyne_points\data\0000000021.bin,True,True,375,1242,118099
2011_09_26,2011_09_26_drive_0009_sync,0000000022,E:\monodepth_project\data\kitti\2011_09_26\2011_09_26_drive_0009_sync\image_02\data\0000000022.png,E:\monodepth_project\data\kitti\2011_09_26\2011_09_26_drive_0009_sync\velodyne_points\data\0000000022.bin,True,True,375,1242,119800
2011_09_26,2011_09_26_drive_0009_sync,0000000023,E:\monodepth_project\data\kitti\2011_09_26\2011_09_26_drive_0009_sync\image_02\data\0000000023.png,E:\monodepth_project\data\kitti\2011_09_26\2011_09_26_drive_0009_sync\velodyne_points\data\0000000023.bin,True,True,375,1242,120307
2011_09_26,2011_09_26_drive_0009_sync,0000000024,E:\monodepth_project\data\kitti\2011_09_26\2011_09_26_drive_0009_sync\image_02\data\0000000024.png,E:\monodepth_project\data\kitti\2011_09_26\2011_09_26_drive_0009_sync\velodyne_points\data\0000000024.bin,True,True,375,1242,120308
2011_09_26,2011_09_26_drive_0009_sync,0000000025,E:\monodepth_project\data\kitti\2011_09_26\2011_09_26_drive_0009_sync\image_02\data\0000000025.png,E:\monodepth_project\data\kitti\2011_09_26\2011_09_26_drive_0009_sync\velodyne_points\data\0000000025.bin,True,True,375,1242,120158
2011_09_26,2011_09_26_drive_0009_sync,0000000026,E:\monodepth_project\data\kitti\2011_09_26\2011_09_26_drive_0009_sync\image_02\data\0000000026.png,E:\monodepth_project\data\kitti\2011_09_26\2011_09_26_drive_0009_sync\velodyne_points\data\0000000026.bin,True,True,375,1242,120062
2011_09_26,2011_09_26_drive_0009_sync,0000000027,E:\monodepth_project\data\kitti\2011_09_26\2011_09_26_drive_0009_sync\image_02\data\0000000027.png,E:\monodepth_project\data\kitti\2011_09_26\2011_09_26_drive_0009_sync\velodyne_points\data\0000000027.bin,True,True,375,1242,120464
2011_09_26,2011_09_26_drive_0009_sync,0000000028,E:\monodepth_project\data\kitti\2011_09_26\2011_09_26_drive_0009_sync\image_02\data\0000000028.png,E:\monodepth_project\data\kitti\2011_09_26\2011_09_26_drive_0009_sync\velodyne_points\data\0000000028.bin,True,True,375,1242,120386
2011_09_26,2011_09_26_drive_0009_sync,0000000029,E:\monodepth_project\data\kitti\2011_09_26\2011_09_26_drive_0009_sync\image_02\data\0000000029.png,E:\monodepth_project\data\kitti\2011_09_26\2011_09_26_drive_0009_sync\velodyne_points\data\0000000029.bin,True,True,375,1242,120677
2011_09_26,2011_09_26_drive_0009_sync,0000000030,E:\monodepth_project\data\kitti\2011_09_26\2011_09_26_drive_0009_sync\image_02\data\0000000030.png,E:\monodepth_project\data\kitti\2011_09_26\2011_09_26_drive_0009_sync\velodyne_points\data\0000000030.bin,True,True,375,1242,120636
2011_09_26,2011_09_26_drive_0009_sync,0000000031,E:\monodepth_project\data\kitti\2011_09_26\2011_09_26_drive_0009_sync\image_02\data\0000000031.png,E:\monodepth_project\data\kitti\2011_09_26\2011_09_26_drive_0009_sync\velodyne_points\data\0000000031.bin,True,True,375,1242,120745
2011_09_26,2011_09_26_drive_0009_sync,0000000032,E:\monodepth_project\data\kitti\2011_09_26\2011_09_26_drive_0009_sync\image_02\data\0000000032.png,E:\monodepth_project\data\kitti\2011_09_26\2011_09_26_drive_0009_sync\velodyne_points\data\0000000032.bin,True,True,375,1242,120660
2011_09_26,2011_09_26_drive_0009_sync,0000000033,E:\monodepth_project\data\kitti\2011_09_26\2011_09_26_drive_0009_sync\image_02\data\0000000033.png,E:\monodepth_project\data\kitti\2011_09_26\2011_09_26_drive_0009_sync\velodyne_points\data\0000000033.bin,True,True,375,1242,120584
2011_09_26,2011_09_26_drive_0009_sync,0000000034,E:\monodepth_project\data\kitti\2011_09_26\2011_09_26_drive_0009_sync\image_02\data\0000000034.png,E:\monodepth_project\data\kitti\2011_09_26\2011_09_26_drive_0009_sync\velodyne_points\data\0000000034.bin,True,True,375,1242,120708
2011_09_26,2011_09_26_drive_0009_sync,0000000035,E:\monodepth_project\data\kitti\2011_09_26\2011_09_26_drive_0009_sync\image_02\data\0000000035.png,E:\monodepth_project\data\kitti\2011_09_26\2011_09_26_drive_0009_sync\velodyne_points\data\0000000035.bin,True,True,375,1242,120539
2011_09_26,2011_09_26_drive_0009_sync,0000000036,E:\monodepth_project\data\kitti\2011_09_26\2011_09_26_drive_0009_sync\image_02\data\0000000036.png,E:\monodepth_project\data\kitti\2011_09_26\2011_09_26_drive_0009_sync\velodyne_points\data\0000000036.bin,True,True,375,1242,120428
2011_09_26,2011_09_26_drive_0009_sync,0000000037,E:\monodepth_project\data\kitti\2011_09_26\2011_09_26_drive_0009_sync\image_02\data\0000000037.png,E:\monodepth_project\data\kitti\2011_09_26\2011_09_26_drive_0009_sync\velodyne_points\data\0000000037.bin,True,True,375,1242,120324
2011_09_26,2011_09_26_drive_0009_sync,0000000038,E:\monodepth_project\data\kitti\2011_09_26\2011_09_26_drive_0009_sync\image_02\data\0000000038.png,E:\monodepth_project\data\kitti\2011_09_26\2011_09_26_drive_0009_sync\velodyne_points\data\0000000038.bin,True,True,375,1242,119837
2011_09_26,2011_09_26_drive_0009_sync,0000000039,E:\monodepth_project\data\kitti\2011_09_26\2011_09_26_drive_0009_sync\image_02\data\0000000039.png,E:\monodepth_project\data\kitti\2011_09_26\2011_09_26_drive_0009_sync\velodyne_points\data\0000000039.bin,True,True,375,1242,119053
2011_09_26,2011_09_26_drive_0009_sync,0000000040,E:\monodepth_project\data\kitti\2011_09_26\2011_09_26_drive_0009_sync\image_02\data\0000000040.png,E:\monodepth_project\data\kitti\2011_09_26\2011_09_26_drive_0009_sync\velodyne_points\data\0000000040.bin,True,True,375,1242,118757
2011_09_26,2011_09_26_drive_0009_sync,0000000041,E:\monodepth_project\data\kitti\2011_09_26\2011_09_26_drive_0009_sync\image_02\data\0000000041.png,E:\monodepth_project\data\kitti\2011_09_26\2011_09_26_drive_0009_sync\velodyne_points\data\0000000041.bin,True,True,375,1242,118329
2011_09_26,2011_09_26_drive_0009_sync,0000000042,E:\monodepth_project\data\kitti\2011_09_26\2011_09_26_drive_0009_sync\image_02\data\0000000042.png,E:\monodepth_project\data\kitti\2011_09_26\2011_09_26_drive_0009_sync\velodyne_points\data\0000000042.bin,True,True,375,1242,118026
2011_09_26,2011_09_26_drive_0009_sync,0000000043,E:\monodepth_project\data\kitti\2011_09_26\2011_09_26_drive_0009_sync\image_02\data\0000000043.png,E:\monodepth_project\data\kitti\2011_09_26\2011_09_26_drive_0009_sync\velodyne_points\data\0000000043.bin,True,True,375,1242,116962
2011_09_26,2011_09_26_drive_0009_sync,0000000044,E:\monodepth_project\data\kitti\2011_09_26\2011_09_26_drive_0009_sync\image_02\data\0000000044.png,E:\monodepth_project\data\kitti\2011_09_26\2011_09_26_drive_0009_sync\velodyne_points\data\0000000044.bin,True,True,375,1242,114908
2011_09_26,2011_09_26_drive_0009_sync,0000000045,E:\monodepth_project\data\kitti\2011_09_26\2011_09_26_drive_0009_sync\image_02\data\0000000045.png,E:\monodepth_project\data\kitti\2011_09_26\2011_09_26_drive_0009_sync\velodyne_points\data\0000000045.bin,True,True,375,1242,114100
2011_09_26,2011_09_26_drive_0009_sync,0000000046,E:\monodepth_project\data\kitti\2011_09_26\2011_09_26_drive_0009_sync\image_02\data\0000000046.png,E:\monodepth_project\data\kitti\2011_09_26\2011_09_26_drive_0009_sync\velodyne_points\data\0000000046.bin,True,True,375,1242,113730
2011_09_26,2011_09_26_drive_0009_sync,0000000047,E:\monodepth_project\data\kitti\2011_09_26\2011_09_26_drive_0009_sync\image_02\data\0000000047.png,E:\monodepth_project\data\kitti\2011_09_26\2011_09_26_drive_0009_sync\velodyne_points\data\0000000047.bin,True,True,375,1242,112220
2011_09_26,2011_09_26_drive_0009_sync,0000000048,E:\monodepth_project\data\kitti\2011_09_26\2011_09_26_drive_0009_sync\image_02\data\0000000048.png,E:\monodepth_project\data\kitti\2011_09_26\2011_09_26_drive_0009_sync\velodyne_points\data\0000000048.bin,True,True,375,1242,113918
2011_09_26,2011_09_26_drive_0009_sync,0000000049,E:\monodepth_project\data\kitti\2011_09_26\2011_09_26_drive_0009_sync\image_02\data\0000000049.png,E:\monodepth_project\data\kitti\2011_09_26\2011_09_26_drive_0009_sync\velodyne_points\data\0000000049.bin,True,True,375,1242,114796
2011_09_26,2011_09_26_drive_0009_sync,0000000050,E:\monodepth_project\data\kitti\2011_09_26\2011_09_26_drive_0009_sync\image_02\data\0000000050.png,E:\monodepth_project\data\kitti\2011_09_26\2011_09_26_drive_0009_sync\velodyne_points\data\0000000050.bin,True,True,375,1242,115410
2011_09_26,2011_09_26_drive_0009_sync,0000000051,E:\monodepth_project\data\kitti\2011_09_26\2011_09_26_drive_0009_sync\image_02\data\0000000051.png,E:\monodepth_project\data\kitti\2011_09_26\2011_09_26_drive_0009_sync\velodyne_points\data\0000000051.bin,True,True,375,1242,115027
2011_09_26,2011_09_26_drive_0009_sync,0000000052,E:\monodepth_project\data\kitti\2011_09_26\2011_09_26_drive_0009_sync\image_02\data\0000000052.png,E:\monodepth_project\data\kitti\2011_09_26\2011_09_26_drive_0009_sync\velodyne_points\data\0000000052.bin,True,True,375,1242,114886
2011_09_26,2011_09_26_drive_0009_sync,0000000053,E:\monodepth_project\data\kitti\2011_09_26\2011_09_26_drive_0009_sync\image_02\data\0000000053.png,E:\monodepth_project\data\kitti\2011_09_26\2011_09_26_drive_0009_sync\velodyne_points\data\0000000053.bin,True,True,375,1242,114646
2011_09_26,2011_09_26_drive_0009_sync,0000000054,E:\monodepth_project\data\kitti\2011_09_26\2011_09_26_drive_0009_sync\image_02\data\0000000054.png,E:\monodepth_project\data\kitti\2011_09_26\2011_09_26_drive_0009_sync\velodyne_points\data\0000000054.bin,True,True,375,1242,114356
2011_09_26,2011_09_26_drive_0009_sync,0000000055,E:\monodepth_project\data\kitti\2011_09_26\2011_09_26_drive_0009_sync\image_02\data\0000000055.png,E:\monodepth_project\data\kitti\2011_09_26\2011_09_26_drive_0009_sync\velodyne_points\data\0000000055.bin,True,True,375,1242,114503
2011_09_26,2011_09_26_drive_0009_sync,0000000056,E:\monodepth_project\data\kitti\2011_09_26\2011_09_26_drive_0009_sync\image_02\data\0000000056.png,E:\monodepth_project\data\kitti\2011_09_26\2011_09_26_drive_0009_sync\velodyne_points\data\0000000056.bin,True,True,375,1242,114901
2011_09_26,2011_09_26_drive_0009_sync,0000000057,E:\monodepth_project\data\kitti\2011_09_26\2011_09_26_drive_0009_sync\image_02\data\0000000057.png,E:\monodepth_project\data\kitti\2011_09_26\2011_09_26_drive_0009_sync\velodyne_points\data\0000000057.bin,True,True,375,1242,114575
2011_09_26,2011_09_26_drive_0009_sync,0000000058,E:\monodepth_project\data\kitti\2011_09_26\2011_09_26_drive_0009_sync\image_02\data\0000000058.png,E:\monodepth_project\data\kitti\2011_09_26\2011_09_26_drive_0009_sync\velodyne_points\data\0000000058.bin,True,True,375,1242,114514
2011_09_26,2011_09_26_drive_0009_sync,0000000059,E:\monodepth_project\data\kitti\2011_09_26\2011_09_26_drive_0009_sync\image_02\data\0000000059.png,E:\monodepth_project\data\kitti\2011_09_26\2011_09_26_drive_0009_sync\velodyne_points\data\0000000059.bin,True,True,375,1242,114598
2011_09_26,2011_09_26_drive_0009_sync,0000000060,E:\monodepth_project\data\kitti\2011_09_26\2011_09_26_drive_0009_sync\image_02\data\0000000060.png,E:\monodepth_project\data\kitti\2011_09_26\2011_09_26_drive_0009_sync\velodyne_points\data\0000000060.bin,True,True,375,1242,114627
2011_09_26,2011_09_26_drive_0009_sync,0000000061,E:\monodepth_project\data\kitti\2011_09_26\2011_09_26_drive_0009_sync\image_02\data\0000000061.png,E:\monodepth_project\data\kitti\2011_09_26\2011_09_26_drive_0009_sync\velodyne_points\data\0000000061.bin,True,True,375,1242,115272
2011_09_26,2011_09_26_drive_0009_sync,0000000062,E:\monodepth_project\data\kitti\2011_09_26\2011_09_26_drive_0009_sync\image_02\data\0000000062.png,E:\monodepth_project\data\kitti\2011_09_26\2011_09_26_drive_0009_sync\velodyne_points\data\0000000062.bin,True,True,375,1242,115827
2011_09_26,2011_09_26_drive_0009_sync,0000000063,E:\monodepth_project\data\kitti\2011_09_26\2011_09_26_drive_0009_sync\image_02\data\0000000063.png,E:\monodepth_project\data\kitti\2011_09_26\2011_09_26_drive_0009_sync\velodyne_points\data\0000000063.bin,True,True,375,1242,116186
2011_09_26,2011_09_26_drive_0009_sync,0000000064,E:\monodepth_project\data\kitti\2011_09_26\2011_09_26_drive_0009_sync\image_02\data\0000000064.png,E:\monodepth_project\data\kitti\2011_09_26\2011_09_26_drive_0009_sync\velodyne_points\data\0000000064.bin,True,True,375,1242,116033
2011_09_26,2011_09_26_drive_0009_sync,0000000065,E:\monodepth_project\data\kitti\2011_09_26\2011_09_26_drive_0009_sync\image_02\data\0000000065.png,E:\monodepth_project\data\kitti\2011_09_26\2011_09_26_drive_0009_sync\velodyne_points\data\0000000065.bin,True,True,375,1242,116725
2011_09_26,2011_09_26_drive_0009_sync,0000000066,E:\monodepth_project\data\kitti\2011_09_26\2011_09_26_drive_0009_sync\image_02\data\0000000066.png,E:\monodepth_project\data\kitti\2011_09_26\2011_09_26_drive_0009_sync\velodyne_points\data\0000000066.bin,True,True,375,1242,116695
2011_09_26,2011_09_26_drive_0009_sync,0000000067,E:\monodepth_project\data\kitti\2011_09_26\2011_09_26_drive_0009_sync\image_02\data\0000000067.png,E:\monodepth_project\data\kitti\2011_09_26\2011_09_26_drive_0009_sync\velodyne_points\data\0000000067.bin,True,True,375,1242,116823
2011_09_26,2011_09_26_drive_0009_sync,0000000068,E:\monodepth_project\data\kitti\2011_09_26\2011_09_26_drive_0009_sync\image_02\data\0000000068.png,E:\monodepth_project\data\kitti\2011_09_26\2011_09_26_drive_0009_sync\velodyne_points\data\0000000068.bin,True,True,375,1242,116595
2011_09_26,2011_09_26_drive_0009_sync,0000000069,E:\monodepth_project\data\kitti\2011_09_26\2011_09_26_drive_0009_sync\image_02\data\0000000069.png,E:\monodepth_project\data\kitti\2011_09_26\2011_09_26_drive_0009_sync\velodyne_points\data\0000000069.bin,True,True,375,1242,116134
2011_09_26,2011_09_26_drive_0009_sync,0000000070,E:\monodepth_project\data\kitti\2011_09_26\2011_09_26_drive_0009_sync\image_02\data\0000000070.png,E:\monodepth_project\data\kitti\2011_09_26\2011_09_26_drive_0009_sync\velodyne_points\data\0000000070.bin,True,True,375,1242,116888
2011_09_26,2011_09_26_drive_0009_sync,0000000071,E:\monodepth_project\data\kitti\2011_09_26\2011_09_26_drive_0009_sync\image_02\data\0000000071.png,E:\monodepth_project\data\kitti\2011_09_26\2011_09_26_drive_0009_sync\velodyne_points\data\0000000071.bin,True,True,375,1242,117040
2011_09_26,2011_09_26_drive_0009_sync,0000000072,E:\monodepth_project\data\kitti\2011_09_26\2011_09_26_drive_0009_sync\image_02\data\0000000072.png,E:\monodepth_project\data\kitti\2011_09_26\2011_09_26_drive_0009_sync\velodyne_points\data\0000000072.bin,True,True,375,1242,117095
2011_09_26,2011_09_26_drive_0009_sync,0000000073,E:\monodepth_project\data\kitti\2011_09_26\2011_09_26_drive_0009_sync\image_02\data\0000000073.png,E:\monodepth_project\data\kitti\2011_09_26\2011_09_26_drive_0009_sync\velodyne_points\data\0000000073.bin,True,True,375,1242,117188
2011_09_26,2011_09_26_drive_0009_sync,0000000074,E:\monodepth_project\data\kitti\2011_09_26\2011_09_26_drive_0009_sync\image_02\data\0000000074.png,E:\monodepth_project\data\kitti\2011_09_26\2011_09_26_drive_0009_sync\velodyne_points\data\0000000074.bin,True,True,375,1242,116922
2011_09_26,2011_09_26_drive_0009_sync,0000000075,E:\monodepth_project\data\kitti\2011_09_26\2011_09_26_drive_0009_sync\image_02\data\0000000075.png,E:\monodepth_project\data\kitti\2011_09_26\2011_09_26_drive_0009_sync\velodyne_points\data\0000000075.bin,True,True,375,1242,116951
2011_09_26,2011_09_26_drive_0009_sync,0000000076,E:\monodepth_project\data\kitti\2011_09_26\2011_09_26_drive_0009_sync\image_02\data\0000000076.png,E:\monodepth_project\data\kitti\2011_09_26\2011_09_26_drive_0009_sync\velodyne_points\data\0000000076.bin,True,True,375,1242,117487
2011_09_26,2011_09_26_drive_0009_sync,0000000077,E:\monodepth_project\data\kitti\2011_09_26\2011_09_26_drive_0009_sync\image_02\data\0000000077.png,E:\monodepth_project\data\kitti\2011_09_26\2011_09_26_drive_0009_sync\velodyne_points\data\0000000077.bin,True,True,375,1242,117666
2011_09_26,2011_09_26_drive_0009_sync,0000000078,E:\monodepth_project\data\kitti\2011_09_26\2011_09_26_drive_0009_sync\image_02\data\0000000078.png,E:\monodepth_project\data\kitti\2011_09_26\2011_09_26_drive_0009_sync\velodyne_points\data\0000000078.bin,True,True,375,1242,117630
2011_09_26,2011_09_26_drive_0009_sync,0000000079,E:\monodepth_project\data\kitti\2011_09_26\2011_09_26_drive_0009_sync\image_02\data\0000000079.png,E:\monodepth_project\data\kitti\2011_09_26\2011_09_26_drive_0009_sync\velodyne_points\data\0000000079.bin,True,True,375,1242,117590
2011_09_26,2011_09_26_drive_0009_sync,0000000080,E:\monodepth_project\data\kitti\2011_09_26\2011_09_26_drive_0009_sync\image_02\data\0000000080.png,E:\monodepth_project\data\kitti\2011_09_26\2011_09_26_drive_0009_sync\velodyne_points\data\0000000080.bin,True,True,375,1242,117301
2011_09_26,2011_09_26_drive_0009_sync,0000000081,E:\monodepth_project\data\kitti\2011_09_26\2011_09_26_drive_0009_sync\image_02\data\0000000081.png,E:\monodepth_project\data\kitti\2011_09_26\2011_09_26_drive_0009_sync\velodyne_points\data\0000000081.bin,True,True,375,1242,117312
2011_09_26,2011_09_26_drive_0009_sync,0000000082,E:\monodepth_project\data\kitti\2011_09_26\2011_09_26_drive_0009_sync\image_02\data\0000000082.png,E:\monodepth_project\data\kitti\2011_09_26\2011_09_26_drive_0009_sync\velodyne_points\data\0000000082.bin,True,True,375,1242,117101
2011_09_26,2011_09_26_drive_0009_sync,0000000083,E:\monodepth_project\data\kitti\2011_09_26\2011_09_26_drive_0009_sync\image_02\data\0000000083.png,E:\monodepth_project\data\kitti\2011_09_26\2011_09_26_drive_0009_sync\velodyne_points\data\0000000083.bin,True,True,375,1242,116560
2011_09_26,2011_09_26_drive_0009_sync,0000000084,E:\monodepth_project\data\kitti\2011_09_26\2011_09_26_drive_0009_sync\image_02\data\0000000084.png,E:\monodepth_project\data\kitti\2011_09_26\2011_09_26_drive_0009_sync\velodyne_points\data\0000000084.bin,True,True,375,1242,116418
2011_09_26,2011_09_26_drive_0009_sync,0000000085,E:\monodepth_project\data\kitti\2011_09_26\2011_09_26_drive_0009_sync\image_02\data\0000000085.png,E:\monodepth_project\data\kitti\2011_09_26\2011_09_26_drive_0009_sync\velodyne_points\data\0000000085.bin,True,True,375,1242,115266
2011_09_26,2011_09_26_drive_0009_sync,0000000086,E:\monodepth_project\data\kitti\2011_09_26\2011_09_26_drive_0009_sync\image_02\data\0000000086.png,E:\monodepth_project\data\kitti\2011_09_26\2011_09_26_drive_0009_sync\velodyne_points\data\0000000086.bin,True,True,375,1242,113853
2011_09_26,2011_09_26_drive_0009_sync,0000000087,E:\monodepth_project\data\kitti\2011_09_26\2011_09_26_drive_0009_sync\image_02\data\0000000087.png,E:\monodepth_project\data\kitti\2011_09_26\2011_09_26_drive_0009_sync\velodyne_points\data\0000000087.bin,True,True,375,1242,111993
2011_09_26,2011_09_26_drive_0009_sync,0000000088,E:\monodepth_project\data\kitti\2011_09_26\2011_09_26_drive_0009_sync\image_02\data\0000000088.png,E:\monodepth_project\data\kitti\2011_09_26\2011_09_26_drive_0009_sync\velodyne_points\data\0000000088.bin,True,True,375,1242,111756
2011_09_26,2011_09_26_drive_0009_sync,0000000089,E:\monodepth_project\data\kitti\2011_09_26\2011_09_26_drive_0009_sync\image_02\data\0000000089.png,E:\monodepth_project\data\kitti\2011_09_26\2011_09_26_drive_0009_sync\velodyne_points\data\0000000089.bin,True,True,375,1242,112039
2011_09_26,2011_09_26_drive_0009_sync,0000000090,E:\monodepth_project\data\kitti\2011_09_26\2011_09_26_drive_0009_sync\image_02\data\0000000090.png,E:\monodepth_project\data\kitti\2011_09_26\2011_09_26_drive_0009_sync\velodyne_points\data\0000000090.bin,True,True,375,1242,112494
2011_09_26,2011_09_26_drive_0009_sync,0000000091,E:\monodepth_project\data\kitti\2011_09_26\2011_09_26_drive_0009_sync\image_02\data\0000000091.png,E:\monodepth_project\data\kitti\2011_09_26\2011_09_26_drive_0009_sync\velodyne_points\data\0000000091.bin,True,True,375,1242,114671
2011_09_26,2011_09_26_drive_0009_sync,0000000092,E:\monodepth_project\data\kitti\2011_09_26\2011_09_26_drive_0009_sync\image_02\data\0000000092.png,E:\monodepth_project\data\kitti\2011_09_26\2011_09_26_drive_0009_sync\velodyne_points\data\0000000092.bin,True,True,375,1242,115769
2011_09_26,2011_09_26_drive_0009_sync,0000000093,E:\monodepth_project\data\kitti\2011_09_26\2011_09_26_drive_0009_sync\image_02\data\0000000093.png,E:\monodepth_project\data\kitti\2011_09_26\2011_09_26_drive_0009_sync\velodyne_points\data\0000000093.bin,True,True,375,1242,116359
2011_09_26,2011_09_26_drive_0009_sync,0000000094,E:\monodepth_project\data\kitti\2011_09_26\2011_09_26_drive_0009_sync\image_02\data\0000000094.png,E:\monodepth_project\data\kitti\2011_09_26\2011_09_26_drive_0009_sync\velodyne_points\data\0000000094.bin,True,True,375,1242,116337
2011_09_26,2011_09_26_drive_0009_sync,0000000095,E:\monodepth_project\data\kitti\2011_09_26\2011_09_26_drive_0009_sync\image_02\data\0000000095.png,E:\monodepth_project\data\kitti\2011_09_26\2011_09_26_drive_0009_sync\velodyne_points\data\0000000095.bin,True,True,375,1242,116302
2011_09_26,2011_09_26_drive_0009_sync,0000000096,E:\monodepth_project\data\kitti\2011_09_26\2011_09_26_drive_0009_sync\image_02\data\0000000096.png,E:\monodepth_project\data\kitti\2011_09_26\2011_09_26_drive_0009_sync\velodyne_points\data\0000000096.bin,True,True,375,1242,116419
2011_09_26,2011_09_26_drive_0009_sync,0000000097,E:\monodepth_project\data\kitti\2011_09_26\2011_09_26_drive_0009_sync\image_02\data\0000000097.png,E:\monodepth_project\data\kitti\2011_09_26\2011_09_26_drive_0009_sync\velodyne_points\data\0000000097.bin,True,True,375,1242,116543
2011_09_26,2011_09_26_drive_0009_sync,0000000098,E:\monodepth_project\data\kitti\2011_09_26\2011_09_26_drive_0009_sync\image_02\data\0000000098.png,E:\monodepth_project\data\kitti\2011_09_26\2011_09_26_drive_0009_sync\velodyne_points\data\0000000098.bin,True,True,375,1242,116567
2011_09_26,2011_09_26_drive_0009_sync,0000000099,E:\monodepth_project\data\kitti\2011_09_26\2011_09_26_drive_0009_sync\image_02\data\0000000099.png,E:\monodepth_project\data\kitti\2011_09_26\2011_09_26_drive_0009_sync\velodyne_points\data\0000000099.bin,True,True,375,1242,116437
2011_09_26,2011_09_26_drive_0009_sync,0000000100,E:\monodepth_project\data\kitti\2011_09_26\2011_09_26_drive_0009_sync\image_02\data\0000000100.png,E:\monodepth_project\data\kitti\2011_09_26\2011_09_26_drive_0009_sync\velodyne_points\data\0000000100.bin,True,True,375,1242,115964
2011_09_26,2011_09_26_drive_0009_sync,0000000101,E:\monodepth_project\data\kitti\2011_09_26\2011_09_26_drive_0009_sync\image_02\data\0000000101.png,E:\monodepth_project\data\kitti\2011_09_26\2011_09_26_drive_0009_sync\velodyne_points\data\0000000101.bin,True,True,375,1242,115411
2011_09_26,2011_09_26_drive_0009_sync,0000000102,E:\monodepth_project\data\kitti\2011_09_26\2011_09_26_drive_0009_sync\image_02\data\0000000102.png,E:\monodepth_project\data\kitti\2011_09_26\2011_09_26_drive_0009_sync\velodyne_points\data\0000000102.bin,True,True,375,1242,116068
2011_09_26,2011_09_26_drive_0009_sync,0000000103,E:\monodepth_project\data\kitti\2011_09_26\2011_09_26_drive_0009_sync\image_02\data\0000000103.png,E:\monodepth_project\data\kitti\2011_09_26\2011_09_26_drive_0009_sync\velodyne_points\data\0000000103.bin,True,True,375,1242,116044
2011_09_26,2011_09_26_drive_0009_sync,0000000104,E:\monodepth_project\data\kitti\2011_09_26\2011_09_26_drive_0009_sync\image_02\data\0000000104.png,E:\monodepth_project\data\kitti\2011_09_26\2011_09_26_drive_0009_sync\velodyne_points\data\0000000104.bin,True,True,375,1242,115795
2011_09_26,2011_09_26_drive_0009_sync,0000000105,E:\monodepth_project\data\kitti\2011_09_26\2011_09_26_drive_0009_sync\image_02\data\0000000105.png,E:\monodepth_project\data\kitti\2011_09_26\2011_09_26_drive_0009_sync\velodyne_points\data\0000000105.bin,True,True,375,1242,115180
2011_09_26,2011_09_26_drive_0009_sync,0000000106,E:\monodepth_project\data\kitti\2011_09_26\2011_09_26_drive_0009_sync\image_02\data\0000000106.png,E:\monodepth_project\data\kitti\2011_09_26\2011_09_26_drive_0009_sync\velodyne_points\data\0000000106.bin,True,True,375,1242,115090
2011_09_26,2011_09_26_drive_0009_sync,0000000107,E:\monodepth_project\data\kitti\2011_09_26\2011_09_26_drive_0009_sync\image_02\data\0000000107.png,E:\monodepth_project\data\kitti\2011_09_26\2011_09_26_drive_0009_sync\velodyne_points\data\0000000107.bin,True,True,375,1242,115135
2011_09_26,2011_09_26_drive_0009_sync,0000000108,E:\monodepth_project\data\kitti\2011_09_26\2011_09_26_drive_0009_sync\image_02\data\0000000108.png,E:\monodepth_project\data\kitti\2011_09_26\2011_09_26_drive_0009_sync\velodyne_points\data\0000000108.bin,True,True,375,1242,114844
2011_09_26,2011_09_26_drive_0009_sync,0000000109,E:\monodepth_project\data\kitti\2011_09_26\2011_09_26_drive_0009_sync\image_02\data\0000000109.png,E:\monodepth_project\data\kitti\2011_09_26\2011_09_26_drive_0009_sync\velodyne_points\data\0000000109.bin,True,True,375,1242,114635
2011_09_26,2011_09_26_drive_0009_sync,0000000110,E:\monodepth_project\data\kitti\2011_09_26\2011_09_26_drive_0009_sync\image_02\data\0000000110.png,E:\monodepth_project\data\kitti\2011_09_26\2011_09_26_drive_0009_sync\velodyne_points\data\0000000110.bin,True,True,375,1242,114347
2011_09_26,2011_09_26_drive_0009_sync,0000000111,E:\monodepth_project\data\kitti\2011_09_26\2011_09_26_drive_0009_sync\image_02\data\0000000111.png,E:\monodepth_project\data\kitti\2011_09_26\2011_09_26_drive_0009_sync\velodyne_points\data\0000000111.bin,True,True,375,1242,113728
2011_09_26,2011_09_26_drive_0009_sync,0000000112,E:\monodepth_project\data\kitti\2011_09_26\2011_09_26_drive_0009_sync\image_02\data\0000000112.png,E:\monodepth_project\data\kitti\2011_09_26\2011_09_26_drive_0009_sync\velodyne_points\data\0000000112.bin,True,True,375,1242,113000
2011_09_26,2011_09_26_drive_0009_sync,0000000113,E:\monodepth_project\data\kitti\2011_09_26\2011_09_26_drive_0009_sync\image_02\data\0000000113.png,E:\monodepth_project\data\kitti\2011_09_26\2011_09_26_drive_0009_sync\velodyne_points\data\0000000113.bin,True,True,375,1242,112058
2011_09_26,2011_09_26_drive_0009_sync,0000000114,E:\monodepth_project\data\kitti\2011_09_26\2011_09_26_drive_0009_sync\image_02\data\0000000114.png,E:\monodepth_project\data\kitti\2011_09_26\2011_09_26_drive_0009_sync\velodyne_points\data\0000000114.bin,True,True,375,1242,110050
2011_09_26,2011_09_26_drive_0009_sync,0000000115,E:\monodepth_project\data\kitti\2011_09_26\2011_09_26_drive_0009_sync\image_02\data\0000000115.png,E:\monodepth_project\data\kitti\2011_09_26\2011_09_26_drive_0009_sync\velodyne_points\data\0000000115.bin,True,True,375,1242,108255
2011_09_26,2011_09_26_drive_0009_sync,0000000116,E:\monodepth_project\data\kitti\2011_09_26\2011_09_26_drive_0009_sync\image_02\data\0000000116.png,E:\monodepth_project\data\kitti\2011_09_26\2011_09_26_drive_0009_sync\velodyne_points\data\0000000116.bin,True,True,375,1242,106559
2011_09_26,2011_09_26_drive_0009_sync,0000000117,E:\monodepth_project\data\kitti\2011_09_26\2011_09_26_drive_0009_sync\image_02\data\0000000117.png,E:\monodepth_project\data\kitti\2011_09_26\2011_09_26_drive_0009_sync\velodyne_points\data\0000000117.bin,True,True,375,1242,104587
2011_09_26,2011_09_26_drive_0009_sync,0000000118,E:\monodepth_project\data\kitti\2011_09_26\2011_09_26_drive_0009_sync\image_02\data\0000000118.png,E:\monodepth_project\data\kitti\2011_09_26\2011_09_26_drive_0009_sync\velodyne_points\data\0000000118.bin,True,True,375,1242,103831
2011_09_26,2011_09_26_drive_0009_sync,0000000119,E:\monodepth_project\data\kitti\2011_09_26\2011_09_26_drive_0009_sync\image_02\data\0000000119.png,E:\monodepth_project\data\kitti\2011_09_26\2011_09_26_drive_0009_sync\velodyne_points\data\0000000119.bin,True,True,375,1242,103490
2011_09_26,2011_09_26_drive_0009_sync,0000000120,E:\monodepth_project\data\kitti\2011_09_26\2011_09_26_drive_0009_sync\image_02\data\0000000120.png,E:\monodepth_project\data\kitti\2011_09_26\2011_09_26_drive_0009_sync\velodyne_points\data\0000000120.bin,True,True,375,1242,101873
2011_09_26,2011_09_26_drive_0009_sync,0000000121,E:\monodepth_project\data\kitti\2011_09_26\2011_09_26_drive_0009_sync\image_02\data\0000000121.png,E:\monodepth_project\data\kitti\2011_09_26\2011_09_26_drive_0009_sync\velodyne_points\data\0000000121.bin,True,True,375,1242,101737
2011_09_26,2011_09_26_drive_0009_sync,0000000122,E:\monodepth_project\data\kitti\2011_09_26\2011_09_26_drive_0009_sync\image_02\data\0000000122.png,E:\monodepth_project\data\kitti\2011_09_26\2011_09_26_drive_0009_sync\velodyne_points\data\0000000122.bin,True,True,375,1242,102873
2011_09_26,2011_09_26_drive_0009_sync,0000000123,E:\monodepth_project\data\kitti\2011_09_26\2011_09_26_drive_0009_sync\image_02\data\0000000123.png,E:\monodepth_project\data\kitti\2011_09_26\2011_09_26_drive_0009_sync\velodyne_points\data\0000000123.bin,True,True,375,1242,103670
2011_09_26,2011_09_26_drive_0009_sync,0000000124,E:\monodepth_project\data\kitti\2011_09_26\2011_09_26_drive_0009_sync\image_02\data\0000000124.png,E:\monodepth_project\data\kitti\2011_09_26\2011_09_26_drive_0009_sync\velodyne_points\data\0000000124.bin,True,True,375,1242,105149
2011_09_26,2011_09_26_drive_0009_sync,0000000125,E:\monodepth_project\data\kitti\2011_09_26\2011_09_26_drive_0009_sync\image_02\data\0000000125.png,E:\monodepth_project\data\kitti\2011_09_26\2011_09_26_drive_0009_sync\velodyne_points\data\0000000125.bin,True,True,375,1242,106328
2011_09_26,2011_09_26_drive_0009_sync,0000000126,E:\monodepth_project\data\kitti\2011_09_26\2011_09_26_drive_0009_sync\image_02\data\0000000126.png,E:\monodepth_project\data\kitti\2011_09_26\2011_09_26_drive_0009_sync\velodyne_points\data\0000000126.bin,True,True,375,1242,107987
2011_09_26,2011_09_26_drive_0009_sync,0000000127,E:\monodepth_project\data\kitti\2011_09_26\2011_09_26_drive_0009_sync\image_02\data\0000000127.png,E:\monodepth_project\data\kitti\2011_09_26\2011_09_26_drive_0009_sync\velodyne_points\data\0000000127.bin,True,True,375,1242,109941
2011_09_26,2011_09_26_drive_0009_sync,0000000128,E:\monodepth_project\data\kitti\2011_09_26\2011_09_26_drive_0009_sync\image_02\data\0000000128.png,E:\monodepth_project\data\kitti\2011_09_26\2011_09_26_drive_0009_sync\velodyne_points\data\0000000128.bin,True,True,375,1242,110956
2011_09_26,2011_09_26_drive_0009_sync,0000000129,E:\monodepth_project\data\kitti\2011_09_26\2011_09_26_drive_0009_sync\image_02\data\0000000129.png,E:\monodepth_project\data\kitti\2011_09_26\2011_09_26_drive_0009_sync\velodyne_points\data\0000000129.bin,True,True,375,1242,111897
2011_09_26,2011_09_26_drive_0009_sync,0000000130,E:\monodepth_project\data\kitti\2011_09_26\2011_09_26_drive_0009_sync\image_02\data\0000000130.png,E:\monodepth_project\data\kitti\2011_09_26\2011_09_26_drive_0009_sync\velodyne_points\data\0000000130.bin,True,True,375,1242,111785
2011_09_26,2011_09_26_drive_0009_sync,0000000131,E:\monodepth_project\data\kitti\2011_09_26\2011_09_26_drive_0009_sync\image_02\data\0000000131.png,E:\monodepth_project\data\kitti\2011_09_26\2011_09_26_drive_0009_sync\velodyne_points\data\0000000131.bin,True,True,375,1242,111207
2011_09_26,2011_09_26_drive_0009_sync,0000000132,E:\monodepth_project\data\kitti\2011_09_26\2011_09_26_drive_0009_sync\image_02\data\0000000132.png,E:\monodepth_project\data\kitti\2011_09_26\2011_09_26_drive_0009_sync\velodyne_points\data\0000000132.bin,True,True,375,1242,110899
2011_09_26,2011_09_26_drive_0009_sync,0000000133,E:\monodepth_project\data\kitti\2011_09_26\2011_09_26_drive_0009_sync\image_02\data\0000000133.png,E:\monodepth_project\data\kitti\2011_09_26\2011_09_26_drive_0009_sync\velodyne_points\data\0000000133.bin,True,True,375,1242,110810
2011_09_26,2011_09_26_drive_0009_sync,0000000134,E:\monodepth_project\data\kitti\2011_09_26\2011_09_26_drive_0009_sync\image_02\data\0000000134.png,E:\monodepth_project\data\kitti\2011_09_26\2011_09_26_drive_0009_sync\velodyne_points\data\0000000134.bin,True,True,375,1242,110469
2011_09_26,2011_09_26_drive_0009_sync,0000000135,E:\monodepth_project\data\kitti\2011_09_26\2011_09_26_drive_0009_sync\image_02\data\0000000135.png,E:\monodepth_project\data\kitti\2011_09_26\2011_09_26_drive_0009_sync\velodyne_points\data\0000000135.bin,True,True,375,1242,108786
2011_09_26,2011_09_26_drive_0009_sync,0000000136,E:\monodepth_project\data\kitti\2011_09_26\2011_09_26_drive_0009_sync\image_02\data\0000000136.png,E:\monodepth_project\data\kitti\2011_09_26\2011_09_26_drive_0009_sync\velodyne_points\data\0000000136.bin,True,True,375,1242,108445
2011_09_26,2011_09_26_drive_0009_sync,0000000137,E:\monodepth_project\data\kitti\2011_09_26\2011_09_26_drive_0009_sync\image_02\data\0000000137.png,E:\monodepth_project\data\kitti\2011_09_26\2011_09_26_drive_0009_sync\velodyne_points\data\0000000137.bin,True,True,375,1242,108049
2011_09_26,2011_09_26_drive_0009_sync,0000000138,E:\monodepth_project\data\kitti\2011_09_26\2011_09_26_drive_0009_sync\image_02\data\0000000138.png,E:\monodepth_project\data\kitti\2011_09_26\2011_09_26_drive_0009_sync\velodyne_points\data\0000000138.bin,True,True,375,1242,107719
2011_09_26,2011_09_26_drive_0009_sync,0000000139,E:\monodepth_project\data\kitti\2011_09_26\2011_09_26_drive_0009_sync\image_02\data\0000000139.png,E:\monodepth_project\data\kitti\2011_09_26\2011_09_26_drive_0009_sync\velodyne_points\data\0000000139.bin,True,True,375,1242,108014
2011_09_26,2011_09_26_drive_0009_sync,0000000140,E:\monodepth_project\data\kitti\2011_09_26\2011_09_26_drive_0009_sync\image_02\data\0000000140.png,E:\monodepth_project\data\kitti\2011_09_26\2011_09_26_drive_0009_sync\velodyne_points\data\0000000140.bin,True,True,375,1242,108008
2011_09_26,2011_09_26_drive_0009_sync,0000000141,E:\monodepth_project\data\kitti\2011_09_26\2011_09_26_drive_0009_sync\image_02\data\0000000141.png,E:\monodepth_project\data\kitti\2011_09_26\2011_09_26_drive_0009_sync\velodyne_points\data\0000000141.bin,True,True,375,1242,108674
2011_09_26,2011_09_26_drive_0009_sync,0000000142,E:\monodepth_project\data\kitti\2011_09_26\2011_09_26_drive_0009_sync\image_02\data\0000000142.png,E:\monodepth_project\data\kitti\2011_09_26\2011_09_26_drive_0009_sync\velodyne_points\data\0000000142.bin,True,True,375,1242,110548
2011_09_26,2011_09_26_drive_0009_sync,0000000143,E:\monodepth_project\data\kitti\2011_09_26\2011_09_26_drive_0009_sync\image_02\data\0000000143.png,E:\monodepth_project\data\kitti\2011_09_26\2011_09_26_drive_0009_sync\velodyne_points\data\0000000143.bin,True,True,375,1242,112077
2011_09_26,2011_09_26_drive_0009_sync,0000000144,E:\monodepth_project\data\kitti\2011_09_26\2011_09_26_drive_0009_sync\image_02\data\0000000144.png,E:\monodepth_project\data\kitti\2011_09_26\2011_09_26_drive_0009_sync\velodyne_points\data\0000000144.bin,True,True,375,1242,112808
2011_09_26,2011_09_26_drive_0009_sync,0000000145,E:\monodepth_project\data\kitti\2011_09_26\2011_09_26_drive_0009_sync\image_02\data\0000000145.png,E:\monodepth_project\data\kitti\2011_09_26\2011_09_26_drive_0009_sync\velodyne_points\data\0000000145.bin,True,True,375,1242,112783
2011_09_26,2011_09_26_drive_0009_sync,0000000146,E:\monodepth_project\data\kitti\2011_09_26\2011_09_26_drive_0009_sync\image_02\data\0000000146.png,E:\monodepth_project\data\kitti\2011_09_26\2011_09_26_drive_0009_sync\velodyne_points\data\0000000146.bin,True,True,375,1242,112768
2011_09_26,2011_09_26_drive_0009_sync,0000000147,E:\monodepth_project\data\kitti\2011_09_26\2011_09_26_drive_0009_sync\image_02\data\0000000147.png,E:\monodepth_project\data\kitti\2011_09_26\2011_09_26_drive_0009_sync\velodyne_points\data\0000000147.bin,True,True,375,1242,112067
2011_09_26,2011_09_26_drive_0009_sync,0000000148,E:\monodepth_project\data\kitti\2011_09_26\2011_09_26_drive_0009_sync\image_02\data\0000000148.png,E:\monodepth_project\data\kitti\2011_09_26\2011_09_26_drive_0009_sync\velodyne_points\data\0000000148.bin,True,True,375,1242,110848
2011_09_26,2011_09_26_drive_0009_sync,0000000149,E:\monodepth_project\data\kitti\2011_09_26\2011_09_26_drive_0009_sync\image_02\data\0000000149.png,E:\monodepth_project\data\kitti\2011_09_26\2011_09_26_drive_0009_sync\velodyne_points\data\0000000149.bin,True,True,375,1242,110243
2011_09_26,2011_09_26_drive_0009_sync,0000000150,E:\monodepth_project\data\kitti\2011_09_26\2011_09_26_drive_0009_sync\image_02\data\0000000150.png,E:\monodepth_project\data\kitti\2011_09_26\2011_09_26_drive_0009_sync\velodyne_points\data\0000000150.bin,True,True,375,1242,110887
2011_09_26,2011_09_26_drive_0009_sync,0000000151,E:\monodepth_project\data\kitti\2011_09_26\2011_09_26_drive_0009_sync\image_02\data\0000000151.png,E:\monodepth_project\data\kitti\2011_09_26\2011_09_26_drive_0009_sync\velodyne_points\data\0000000151.bin,True,True,375,1242,110946
2011_09_26,2011_09_26_drive_0009_sync,0000000152,E:\monodepth_project\data\kitti\2011_09_26\2011_09_26_drive_0009_sync\image_02\data\0000000152.png,E:\monodepth_project\data\kitti\2011_09_26\2011_09_26_drive_0009_sync\velodyne_points\data\0000000152.bin,True,True,375,1242,111629
2011_09_26,2011_09_26_drive_0009_sync,0000000153,E:\monodepth_project\data\kitti\2011_09_26\2011_09_26_drive_0009_sync\image_02\data\0000000153.png,E:\monodepth_project\data\kitti\2011_09_26\2011_09_26_drive_0009_sync\velodyne_points\data\0000000153.bin,True,True,375,1242,112063
2011_09_26,2011_09_26_drive_0009_sync,0000000154,E:\monodepth_project\data\kitti\2011_09_26\2011_09_26_drive_0009_sync\image_02\data\0000000154.png,E:\monodepth_project\data\kitti\2011_09_26\2011_09_26_drive_0009_sync\velodyne_points\data\0000000154.bin,True,True,375,1242,111417
2011_09_26,2011_09_26_drive_0009_sync,0000000155,E:\monodepth_project\data\kitti\2011_09_26\2011_09_26_drive_0009_sync\image_02\data\0000000155.png,E:\monodepth_project\data\kitti\2011_09_26\2011_09_26_drive_0009_sync\velodyne_points\data\0000000155.bin,True,True,375,1242,110817
2011_09_26,2011_09_26_drive_0009_sync,0000000156,E:\monodepth_project\data\kitti\2011_09_26\2011_09_26_drive_0009_sync\image_02\data\0000000156.png,E:\monodepth_project\data\kitti\2011_09_26\2011_09_26_drive_0009_sync\velodyne_points\data\0000000156.bin,True,True,375,1242,110722
2011_09_26,2011_09_26_drive_0009_sync,0000000157,E:\monodepth_project\data\kitti\2011_09_26\2011_09_26_drive_0009_sync\image_02\data\0000000157.png,E:\monodepth_project\data\kitti\2011_09_26\2011_09_26_drive_0009_sync\velodyne_points\data\0000000157.bin,True,True,375,1242,110721
2011_09_26,2011_09_26_drive_0009_sync,0000000158,E:\monodepth_project\data\kitti\2011_09_26\2011_09_26_drive_0009_sync\image_02\data\0000000158.png,E:\monodepth_project\data\kitti\2011_09_26\2011_09_26_drive_0009_sync\velodyne_points\data\0000000158.bin,True,True,375,1242,111223
2011_09_26,2011_09_26_drive_0009_sync,0000000159,E:\monodepth_project\data\kitti\2011_09_26\2011_09_26_drive_0009_sync\image_02\data\0000000159.png,E:\monodepth_project\data\kitti\2011_09_26\2011_09_26_drive_0009_sync\velodyne_points\data\0000000159.bin,True,True,375,1242,111281
2011_09_26,2011_09_26_drive_0009_sync,0000000160,E:\monodepth_project\data\kitti\2011_09_26\2011_09_26_drive_0009_sync\image_02\data\0000000160.png,E:\monodepth_project\data\kitti\2011_09_26\2011_09_26_drive_0009_sync\velodyne_points\data\0000000160.bin,True,True,375,1242,111525
2011_09_26,2011_09_26_drive_0009_sync,0000000161,E:\monodepth_project\data\kitti\2011_09_26\2011_09_26_drive_0009_sync\image_02\data\0000000161.png,E:\monodepth_project\data\kitti\2011_09_26\2011_09_26_drive_0009_sync\velodyne_points\data\0000000161.bin,True,True,375,1242,112485
2011_09_26,2011_09_26_drive_0009_sync,0000000162,E:\monodepth_project\data\kitti\2011_09_26\2011_09_26_drive_0009_sync\image_02\data\0000000162.png,E:\monodepth_project\data\kitti\2011_09_26\2011_09_26_drive_0009_sync\velodyne_points\data\0000000162.bin,True,True,375,1242,113083
2011_09_26,2011_09_26_drive_0009_sync,0000000163,E:\monodepth_project\data\kitti\2011_09_26\2011_09_26_drive_0009_sync\image_02\data\0000000163.png,E:\monodepth_project\data\kitti\2011_09_26\2011_09_26_drive_0009_sync\velodyne_points\data\0000000163.bin,True,True,375,1242,113380
2011_09_26,2011_09_26_drive_0009_sync,0000000164,E:\monodepth_project\data\kitti\2011_09_26\2011_09_26_drive_0009_sync\image_02\data\0000000164.png,E:\monodepth_project\data\kitti\2011_09_26\2011_09_26_drive_0009_sync\velodyne_points\data\0000000164.bin,True,True,375,1242,113229
2011_09_26,2011_09_26_drive_0009_sync,0000000165,E:\monodepth_project\data\kitti\2011_09_26\2011_09_26_drive_0009_sync\image_02\data\0000000165.png,E:\monodepth_project\data\kitti\2011_09_26\2011_09_26_drive_0009_sync\velodyne_points\data\0000000165.bin,True,True,375,1242,113998
2011_09_26,2011_09_26_drive_0009_sync,0000000166,E:\monodepth_project\data\kitti\2011_09_26\2011_09_26_drive_0009_sync\image_02\data\0000000166.png,E:\monodepth_project\data\kitti\2011_09_26\2011_09_26_drive_0009_sync\velodyne_points\data\0000000166.bin,True,True,375,1242,114508
2011_09_26,2011_09_26_drive_0009_sync,0000000167,E:\monodepth_project\data\kitti\2011_09_26\2011_09_26_drive_0009_sync\image_02\data\0000000167.png,E:\monodepth_project\data\kitti\2011_09_26\2011_09_26_drive_0009_sync\velodyne_points\data\0000000167.bin,True,True,375,1242,114998
2011_09_26,2011_09_26_drive_0009_sync,0000000168,E:\monodepth_project\data\kitti\2011_09_26\2011_09_26_drive_0009_sync\image_02\data\0000000168.png,E:\monodepth_project\data\kitti\2011_09_26\2011_09_26_drive_0009_sync\velodyne_points\data\0000000168.bin,True,True,375,1242,115463
2011_09_26,2011_09_26_drive_0009_sync,0000000169,E:\monodepth_project\data\kitti\2011_09_26\2011_09_26_drive_0009_sync\image_02\data\0000000169.png,E:\monodepth_project\data\kitti\2011_09_26\2011_09_26_drive_0009_sync\velodyne_points\data\0000000169.bin,True,True,375,1242,116083
2011_09_26,2011_09_26_drive_0009_sync,0000000170,E:\monodepth_project\data\kitti\2011_09_26\2011_09_26_drive_0009_sync\image_02\data\0000000170.png,E:\monodepth_project\data\kitti\2011_09_26\2011_09_26_drive_0009_sync\velodyne_points\data\0000000170.bin,True,True,375,1242,116728
2011_09_26,2011_09_26_drive_0009_sync,0000000171,E:\monodepth_project\data\kitti\2011_09_26\2011_09_26_drive_0009_sync\image_02\data\0000000171.png,E:\monodepth_project\data\kitti\2011_09_26\2011_09_26_drive_0009_sync\velodyne_points\data\0000000171.bin,True,True,375,1242,117126
2011_09_26,2011_09_26_drive_0009_sync,0000000172,E:\monodepth_project\data\kitti\2011_09_26\2011_09_26_drive_0009_sync\image_02\data\0000000172.png,E:\monodepth_project\data\kitti\2011_09_26\2011_09_26_drive_0009_sync\velodyne_points\data\0000000172.bin,True,True,375,1242,117261
2011_09_26,2011_09_26_drive_0009_sync,0000000173,E:\monodepth_project\data\kitti\2011_09_26\2011_09_26_drive_0009_sync\image_02\data\0000000173.png,E:\monodepth_project\data\kitti\2011_09_26\2011_09_26_drive_0009_sync\velodyne_points\data\0000000173.bin,True,True,375,1242,117316
2011_09_26,2011_09_26_drive_0009_sync,0000000174,E:\monodepth_project\data\kitti\2011_09_26\2011_09_26_drive_0009_sync\image_02\data\0000000174.png,E:\monodepth_project\data\kitti\2011_09_26\2011_09_26_drive_0009_sync\velodyne_points\data\0000000174.bin,True,True,375,1242,117498
2011_09_26,2011_09_26_drive_0009_sync,0000000175,E:\monodepth_project\data\kitti\2011_09_26\2011_09_26_drive_0009_sync\image_02\data\0000000175.png,E:\monodepth_project\data\kitti\2011_09_26\2011_09_26_drive_0009_sync\velodyne_points\data\0000000175.bin,True,True,375,1242,117667
2011_09_26,2011_09_26_drive_0009_sync,0000000176,E:\monodepth_project\data\kitti\2011_09_26\2011_09_26_drive_0009_sync\image_02\data\0000000176.png,E:\monodepth_project\data\kitti\2011_09_26\2011_09_26_drive_0009_sync\velodyne_points\data\0000000176.bin,True,True,375,1242,118116
2011_09_26,2011_09_26_drive_0009_sync,0000000177,E:\monodepth_project\data\kitti\2011_09_26\2011_09_26_drive_0009_sync\image_02\data\0000000177.png,E:\monodepth_project\data\kitti\2011_09_26\2011_09_26_drive_0009_sync\velodyne_points\data\0000000181.bin,True,True,375,1242,118451
2011_09_26,2011_09_26_drive_0009_sync,0000000178,E:\monodepth_project\data\kitti\2011_09_26\2011_09_26_drive_0009_sync\image_02\data\0000000178.png,E:\monodepth_project\data\kitti\2011_09_26\2011_09_26_drive_0009_sync\velodyne_points\data\0000000182.bin,True,True,375,1242,118418
2011_09_26,2011_09_26_drive_0009_sync,0000000179,E:\monodepth_project\data\kitti\2011_09_26\2011_09_26_drive_0009_sync\image_02\data\0000000179.png,E:\monodepth_project\data\kitti\2011_09_26\2011_09_26_drive_0009_sync\velodyne_points\data\0000000183.bin,True,True,375,1242,118414
2011_09_26,2011_09_26_drive_0009_sync,0000000180,E:\monodepth_project\data\kitti\2011_09_26\2011_09_26_drive_0009_sync\image_02\data\0000000180.png,E:\monodepth_project\data\kitti\2011_09_26\2011_09_26_drive_0009_sync\velodyne_points\data\0000000184.bin,True,True,375,1242,118439
2011_09_26,2011_09_26_drive_0009_sync,0000000181,E:\monodepth_project\data\kitti\2011_09_26\2011_09_26_drive_0009_sync\image_02\data\0000000181.png,E:\monodepth_project\data\kitti\2011_09_26\2011_09_26_drive_0009_sync\velodyne_points\data\0000000185.bin,True,True,375,1242,118549
2011_09_26,2011_09_26_drive_0009_sync,0000000182,E:\monodepth_project\data\kitti\2011_09_26\2011_09_26_drive_0009_sync\image_02\data\0000000182.png,E:\monodepth_project\data\kitti\2011_09_26\2011_09_26_drive_0009_sync\velodyne_points\data\0000000186.bin,True,True,375,1242,118611
2011_09_26,2011_09_26_drive_0009_sync,0000000183,E:\monodepth_project\data\kitti\2011_09_26\2011_09_26_drive_0009_sync\image_02\data\0000000183.png,E:\monodepth_project\data\kitti\2011_09_26\2011_09_26_drive_0009_sync\velodyne_points\data\0000000187.bin,True,True,375,1242,118489
2011_09_26,2011_09_26_drive_0009_sync,0000000184,E:\monodepth_project\data\kitti\2011_09_26\2011_09_26_drive_0009_sync\image_02\data\0000000184.png,E:\monodepth_project\data\kitti\2011_09_26\2011_09_26_drive_0009_sync\velodyne_points\data\0000000188.bin,True,True,375,1242,118576
2011_09_26,2011_09_26_drive_0009_sync,0000000185,E:\monodepth_project\data\kitti\2011_09_26\2011_09_26_drive_0009_sync\image_02\data\0000000185.png,E:\monodepth_project\data\kitti\2011_09_26\2011_09_26_drive_0009_sync\velodyne_points\data\0000000189.bin,True,True,375,1242,118664
2011_09_26,2011_09_26_drive_0009_sync,0000000186,E:\monodepth_project\data\kitti\2011_09_26\2011_09_26_drive_0009_sync\image_02\data\0000000186.png,E:\monodepth_project\data\kitti\2011_09_26\2011_09_26_drive_0009_sync\velodyne_points\data\0000000190.bin,True,True,375,1242,118713
2011_09_26,2011_09_26_drive_0009_sync,0000000187,E:\monodepth_project\data\kitti\2011_09_26\2011_09_26_drive_0009_sync\image_02\data\0000000187.png,E:\monodepth_project\data\kitti\2011_09_26\2011_09_26_drive_0009_sync\velodyne_points\data\0000000191.bin,True,True,375,1242,118744
2011_09_26,2011_09_26_drive_0009_sync,0000000188,E:\monodepth_project\data\kitti\2011_09_26\2011_09_26_drive_0009_sync\image_02\data\0000000188.png,E:\monodepth_project\data\kitti\2011_09_26\2011_09_26_drive_0009_sync\velodyne_points\data\0000000192.bin,True,True,375,1242,118693
2011_09_26,2011_09_26_drive_0009_sync,0000000189,E:\monodepth_project\data\kitti\2011_09_26\2011_09_26_drive_0009_sync\image_02\data\0000000189.png,E:\monodepth_project\data\kitti\2011_09_26\2011_09_26_drive_0009_sync\velodyne_points\data\0000000193.bin,True,True,375,1242,118738
2011_09_26,2011_09_26_drive_0009_sync,0000000190,E:\monodepth_project\data\kitti\2011_09_26\2011_09_26_drive_0009_sync\image_02\data\0000000190.png,E:\monodepth_project\data\kitti\2011_09_26\2011_09_26_drive_0009_sync\velodyne_points\data\0000000194.bin,True,True,375,1242,118818
2011_09_26,2011_09_26_drive_0009_sync,0000000191,E:\monodepth_project\data\kitti\2011_09_26\2011_09_26_drive_0009_sync\image_02\data\0000000191.png,E:\monodepth_project\data\kitti\2011_09_26\2011_09_26_drive_0009_sync\velodyne_points\data\0000000195.bin,True,True,375,1242,118817
2011_09_26,2011_09_26_drive_0009_sync,0000000192,E:\monodepth_project\data\kitti\2011_09_26\2011_09_26_drive_0009_sync\image_02\data\0000000192.png,E:\monodepth_project\data\kitti\2011_09_26\2011_09_26_drive_0009_sync\velodyne_points\data\0000000196.bin,True,True,375,1242,118815
2011_09_26,2011_09_26_drive_0009_sync,0000000193,E:\monodepth_project\data\kitti\2011_09_26\2011_09_26_drive_0009_sync\image_02\data\0000000193.png,E:\monodepth_project\data\kitti\2011_09_26\2011_09_26_drive_0009_sync\velodyne_points\data\0000000197.bin,True,True,375,1242,118790
2011_09_26,2011_09_26_drive_0009_sync,0000000194,E:\monodepth_project\data\kitti\2011_09_26\2011_09_26_drive_0009_sync\image_02\data\0000000194.png,E:\monodepth_project\data\kitti\2011_09_26\2011_09_26_drive_0009_sync\velodyne_points\data\0000000198.bin,True,True,375,1242,118830
2011_09_26,2011_09_26_drive_0009_sync,0000000195,E:\monodepth_project\data\kitti\2011_09_26\2011_09_26_drive_0009_sync\image_02\data\0000000195.png,E:\monodepth_project\data\kitti\2011_09_26\2011_09_26_drive_0009_sync\velodyne_points\data\0000000199.bin,True,True,375,1242,118958
2011_09_26,2011_09_26_drive_0009_sync,0000000196,E:\monodepth_project\data\kitti\2011_09_26\2011_09_26_drive_0009_sync\image_02\data\0000000196.png,E:\monodepth_project\data\kitti\2011_09_26\2011_09_26_drive_0009_sync\velodyne_points\data\0000000200.bin,True,True,375,1242,118961
2011_09_26,2011_09_26_drive_0009_sync,0000000197,E:\monodepth_project\data\kitti\2011_09_26\2011_09_26_drive_0009_sync\image_02\data\0000000197.png,E:\monodepth_project\data\kitti\2011_09_26\2011_09_26_drive_0009_sync\velodyne_points\data\0000000201.bin,True,True,375,1242,118985
2011_09_26,2011_09_26_drive_0009_sync,0000000198,E:\monodepth_project\data\kitti\2011_09_26\2011_09_26_drive_0009_sync\image_02\data\0000000198.png,E:\monodepth_project\data\kitti\2011_09_26\2011_09_26_drive_0009_sync\velodyne_points\data\0000000202.bin,True,True,375,1242,119001
2011_09_26,2011_09_26_drive_0009_sync,0000000199,E:\monodepth_project\data\kitti\2011_09_26\2011_09_26_drive_0009_sync\image_02\data\0000000199.png,E:\monodepth_project\data\kitti\2011_09_26\2011_09_26_drive_0009_sync\velodyne_points\data\0000000203.bin,True,True,375,1242,119038
2011_09_26,2011_09_26_drive_0009_sync,0000000200,E:\monodepth_project\data\kitti\2011_09_26\2011_09_26_drive_0009_sync\image_02\data\0000000200.png,E:\monodepth_project\data\kitti\2011_09_26\2011_09_26_drive_0009_sync\velodyne_points\data\0000000204.bin,True,True,375,1242,118838
2011_09_26,2011_09_26_drive_0009_sync,0000000201,E:\monodepth_project\data\kitti\2011_09_26\2011_09_26_drive_0009_sync\image_02\data\0000000201.png,E:\monodepth_project\data\kitti\2011_09_26\2011_09_26_drive_0009_sync\velodyne_points\data\0000000205.bin,True,True,375,1242,118848
2011_09_26,2011_09_26_drive_0009_sync,0000000202,E:\monodepth_project\data\kitti\2011_09_26\2011_09_26_drive_0009_sync\image_02\data\0000000202.png,E:\monodepth_project\data\kitti\2011_09_26\2011_09_26_drive_0009_sync\velodyne_points\data\0000000206.bin,True,True,375,1242,118839
2011_09_26,2011_09_26_drive_0009_sync,0000000203,E:\monodepth_project\data\kitti\2011_09_26\2011_09_26_drive_0009_sync\image_02\data\0000000203.png,E:\monodepth_project\data\kitti\2011_09_26\2011_09_26_drive_0009_sync\velodyne_points\data\0000000207.bin,True,True,375,1242,118703
2011_09_26,2011_09_26_drive_0009_sync,0000000204,E:\monodepth_project\data\kitti\2011_09_26\2011_09_26_drive_0009_sync\image_02\data\0000000204.png,E:\monodepth_project\data\kitti\2011_09_26\2011_09_26_drive_0009_sync\velodyne_points\data\0000000208.bin,True,True,375,1242,118790
2011_09_26,2011_09_26_drive_0009_sync,0000000205,E:\monodepth_project\data\kitti\2011_09_26\2011_09_26_drive_0009_sync\image_02\data\0000000205.png,E:\monodepth_project\data\kitti\2011_09_26\2011_09_26_drive_0009_sync\velodyne_points\data\0000000209.bin,True,True,375,1242,118805
2011_09_26,2011_09_26_drive_0009_sync,0000000206,E:\monodepth_project\data\kitti\2011_09_26\2011_09_26_drive_0009_sync\image_02\data\0000000206.png,E:\monodepth_project\data\kitti\2011_09_26\2011_09_26_drive_0009_sync\velodyne_points\data\0000000210.bin,True,True,375,1242,118757
2011_09_26,2011_09_26_drive_0009_sync,0000000207,E:\monodepth_project\data\kitti\2011_09_26\2011_09_26_drive_0009_sync\image_02\data\0000000207.png,E:\monodepth_project\data\kitti\2011_09_26\2011_09_26_drive_0009_sync\velodyne_points\data\0000000211.bin,True,True,375,1242,118733
2011_09_26,2011_09_26_drive_0009_sync,0000000208,E:\monodepth_project\data\kitti\2011_09_26\2011_09_26_drive_0009_sync\image_02\data\0000000208.png,E:\monodepth_project\data\kitti\2011_09_26\2011_09_26_drive_0009_sync\velodyne_points\data\0000000212.bin,True,True,375,1242,118647
2011_09_26,2011_09_26_drive_0009_sync,0000000209,E:\monodepth_project\data\kitti\2011_09_26\2011_09_26_drive_0009_sync\image_02\data\0000000209.png,E:\monodepth_project\data\kitti\2011_09_26\2011_09_26_drive_0009_sync\velodyne_points\data\0000000213.bin,True,True,375,1242,118613
2011_09_26,2011_09_26_drive_0009_sync,0000000210,E:\monodepth_project\data\kitti\2011_09_26\2011_09_26_drive_0009_sync\image_02\data\0000000210.png,E:\monodepth_project\data\kitti\2011_09_26\2011_09_26_drive_0009_sync\velodyne_points\data\0000000214.bin,True,True,375,1242,118578
2011_09_26,2011_09_26_drive_0009_sync,0000000211,E:\monodepth_project\data\kitti\2011_09_26\2011_09_26_drive_0009_sync\image_02\data\0000000211.png,E:\monodepth_project\data\kitti\2011_09_26\2011_09_26_drive_0009_sync\velodyne_points\data\0000000215.bin,True,True,375,1242,118648
2011_09_26,2011_09_26_drive_0009_sync,0000000212,E:\monodepth_project\data\kitti\2011_09_26\2011_09_26_drive_0009_sync\image_02\data\0000000212.png,E:\monodepth_project\data\kitti\2011_09_26\2011_09_26_drive_0009_sync\velodyne_points\data\0000000216.bin,True,True,375,1242,118647
2011_09_26,2011_09_26_drive_0009_sync,0000000213,E:\monodepth_project\data\kitti\2011_09_26\2011_09_26_drive_0009_sync\image_02\data\0000000213.png,E:\monodepth_project\data\kitti\2011_09_26\2011_09_26_drive_0009_sync\velodyne_points\data\0000000217.bin,True,True,375,1242,118666
2011_09_26,2011_09_26_drive_0009_sync,0000000214,E:\monodepth_project\data\kitti\2011_09_26\2011_09_26_drive_0009_sync\image_02\data\0000000214.png,E:\monodepth_project\data\kitti\2011_09_26\2011_09_26_drive_0009_sync\velodyne_points\data\0000000218.bin,True,True,375,1242,118649
2011_09_26,2011_09_26_drive_0009_sync,0000000215,E:\monodepth_project\data\kitti\2011_09_26\2011_09_26_drive_0009_sync\image_02\data\0000000215.png,E:\monodepth_project\data\kitti\2011_09_26\2011_09_26_drive_0009_sync\velodyne_points\data\0000000219.bin,True,True,375,1242,118755
2011_09_26,2011_09_26_drive_0009_sync,0000000216,E:\monodepth_project\data\kitti\2011_09_26\2011_09_26_drive_0009_sync\image_02\data\0000000216.png,E:\monodepth_project\data\kitti\2011_09_26\2011_09_26_drive_0009_sync\velodyne_points\data\0000000220.bin,True,True,375,1242,118719
2011_09_26,2011_09_26_drive_0009_sync,0000000217,E:\monodepth_project\data\kitti\2011_09_26\2011_09_26_drive_0009_sync\image_02\data\0000000217.png,E:\monodepth_project\data\kitti\2011_09_26\2011_09_26_drive_0009_sync\velodyne_points\data\0000000221.bin,True,True,375,1242,118733
2011_09_26,2011_09_26_drive_0009_sync,0000000218,E:\monodepth_project\data\kitti\2011_09_26\2011_09_26_drive_0009_sync\image_02\data\0000000218.png,E:\monodepth_project\data\kitti\2011_09_26\2011_09_26_drive_0009_sync\velodyne_points\data\0000000222.bin,True,True,375,1242,118560
2011_09_26,2011_09_26_drive_0009_sync,0000000219,E:\monodepth_project\data\kitti\2011_09_26\2011_09_26_drive_0009_sync\image_02\data\0000000219.png,E:\monodepth_project\data\kitti\2011_09_26\2011_09_26_drive_0009_sync\velodyne_points\data\0000000223.bin,True,True,375,1242,118405
2011_09_26,2011_09_26_drive_0009_sync,0000000220,E:\monodepth_project\data\kitti\2011_09_26\2011_09_26_drive_0009_sync\image_02\data\0000000220.png,E:\monodepth_project\data\kitti\2011_09_26\2011_09_26_drive_0009_sync\velodyne_points\data\0000000224.bin,True,True,375,1242,117972
2011_09_26,2011_09_26_drive_0009_sync,0000000221,E:\monodepth_project\data\kitti\2011_09_26\2011_09_26_drive_0009_sync\image_02\data\0000000221.png,E:\monodepth_project\data\kitti\2011_09_26\2011_09_26_drive_0009_sync\velodyne_points\data\0000000225.bin,True,True,375,1242,117654
2011_09_26,2011_09_26_drive_0009_sync,0000000222,E:\monodepth_project\data\kitti\2011_09_26\2011_09_26_drive_0009_sync\image_02\data\0000000222.png,E:\monodepth_project\data\kitti\2011_09_26\2011_09_26_drive_0009_sync\velodyne_points\data\0000000226.bin,True,True,375,1242,117487
2011_09_26,2011_09_26_drive_0009_sync,0000000223,E:\monodepth_project\data\kitti\2011_09_26\2011_09_26_drive_0009_sync\image_02\data\0000000223.png,E:\monodepth_project\data\kitti\2011_09_26\2011_09_26_drive_0009_sync\velodyne_points\data\0000000227.bin,True,True,375,1242,117086
2011_09_26,2011_09_26_drive_0009_sync,0000000224,E:\monodepth_project\data\kitti\2011_09_26\2011_09_26_drive_0009_sync\image_02\data\0000000224.png,E:\monodepth_project\data\kitti\2011_09_26\2011_09_26_drive_0009_sync\velodyne_points\data\0000000228.bin,True,True,375,1242,116735
2011_09_26,2011_09_26_drive_0009_sync,0000000225,E:\monodepth_project\data\kitti\2011_09_26\2011_09_26_drive_0009_sync\image_02\data\0000000225.png,E:\monodepth_project\data\kitti\2011_09_26\2011_09_26_drive_0009_sync\velodyne_points\data\0000000229.bin,True,True,375,1242,116324
2011_09_26,2011_09_26_drive_0009_sync,0000000226,E:\monodepth_project\data\kitti\2011_09_26\2011_09_26_drive_0009_sync\image_02\data\0000000226.png,E:\monodepth_project\data\kitti\2011_09_26\2011_09_26_drive_0009_sync\velodyne_points\data\0000000230.bin,True,True,375,1242,115796
2011_09_26,2011_09_26_drive_0009_sync,0000000227,E:\monodepth_project\data\kitti\2011_09_26\2011_09_26_drive_0009_sync\image_02\data\0000000227.png,E:\monodepth_project\data\kitti\2011_09_26\2011_09_26_drive_0009_sync\velodyne_points\data\0000000231.bin,True,True,375,1242,115259
2011_09_26,2011_09_26_drive_0009_sync,0000000228,E:\monodepth_project\data\kitti\2011_09_26\2011_09_26_drive_0009_sync\image_02\data\0000000228.png,E:\monodepth_project\data\kitti\2011_09_26\2011_09_26_drive_0009_sync\velodyne_points\data\0000000232.bin,True,True,375,1242,114728
2011_09_26,2011_09_26_drive_0009_sync,0000000229,E:\monodepth_project\data\kitti\2011_09_26\2011_09_26_drive_0009_sync\image_02\data\0000000229.png,E:\monodepth_project\data\kitti\2011_09_26\2011_09_26_drive_0009_sync\velodyne_points\data\0000000233.bin,True,True,375,1242,113600
2011_09_26,2011_09_26_drive_0009_sync,0000000230,E:\monodepth_project\data\kitti\2011_09_26\2011_09_26_drive_0009_sync\image_02\data\0000000230.png,E:\monodepth_project\data\kitti\2011_09_26\2011_09_26_drive_0009_sync\velodyne_points\data\0000000234.bin,True,True,375,1242,112150
2011_09_26,2011_09_26_drive_0009_sync,0000000231,E:\monodepth_project\data\kitti\2011_09_26\2011_09_26_drive_0009_sync\image_02\data\0000000231.png,E:\monodepth_project\data\kitti\2011_09_26\2011_09_26_drive_0009_sync\velodyne_points\data\0000000235.bin,True,True,375,1242,111449
2011_09_26,2011_09_26_drive_0009_sync,0000000232,E:\monodepth_project\data\kitti\2011_09_26\2011_09_26_drive_0009_sync\image_02\data\0000000232.png,E:\monodepth_project\data\kitti\2011_09_26\2011_09_26_drive_0009_sync\velodyne_points\data\0000000236.bin,True,True,375,1242,110362
2011_09_26,2011_09_26_drive_0009_sync,0000000233,E:\monodepth_project\data\kitti\2011_09_26\2011_09_26_drive_0009_sync\image_02\data\0000000233.png,E:\monodepth_project\data\kitti\2011_09_26\2011_09_26_drive_0009_sync\velodyne_points\data\0000000237.bin,True,True,375,1242,109823
2011_09_26,2011_09_26_drive_0009_sync,0000000234,E:\monodepth_project\data\kitti\2011_09_26\2011_09_26_drive_0009_sync\image_02\data\0000000234.png,E:\monodepth_project\data\kitti\2011_09_26\2011_09_26_drive_0009_sync\velodyne_points\data\0000000238.bin,True,True,375,1242,109688
2011_09_26,2011_09_26_drive_0009_sync,0000000235,E:\monodepth_project\data\kitti\2011_09_26\2011_09_26_drive_0009_sync\image_02\data\0000000235.png,E:\monodepth_project\data\kitti\2011_09_26\2011_09_26_drive_0009_sync\velodyne_points\data\0000000239.bin,True,True,375,1242,110929
2011_09_26,2011_09_26_drive_0009_sync,0000000236,E:\monodepth_project\data\kitti\2011_09_26\2011_09_26_drive_0009_sync\image_02\data\0000000236.png,E:\monodepth_project\data\kitti\2011_09_26\2011_09_26_drive_0009_sync\velodyne_points\data\0000000240.bin,True,True,375,1242,111882
2011_09_26,2011_09_26_drive_0009_sync,0000000237,E:\monodepth_project\data\kitti\2011_09_26\2011_09_26_drive_0009_sync\image_02\data\0000000237.png,E:\monodepth_project\data\kitti\2011_09_26\2011_09_26_drive_0009_sync\velodyne_points\data\0000000241.bin,True,True,375,1242,112768
2011_09_26,2011_09_26_drive_0009_sync,0000000238,E:\monodepth_project\data\kitti\2011_09_26\2011_09_26_drive_0009_sync\image_02\data\0000000238.png,E:\monodepth_project\data\kitti\2011_09_26\2011_09_26_drive_0009_sync\velodyne_points\data\0000000242.bin,True,True,375,1242,113238
2011_09_26,2011_09_26_drive_0009_sync,0000000239,E:\monodepth_project\data\kitti\2011_09_26\2011_09_26_drive_0009_sync\image_02\data\0000000239.png,E:\monodepth_project\data\kitti\2011_09_26\2011_09_26_drive_0009_sync\velodyne_points\data\0000000243.bin,True,True,375,1242,113626
2011_09_26,2011_09_26_drive_0009_sync,0000000240,E:\monodepth_project\data\kitti\2011_09_26\2011_09_26_drive_0009_sync\image_02\data\0000000240.png,E:\monodepth_project\data\kitti\2011_09_26\2011_09_26_drive_0009_sync\velodyne_points\data\0000000244.bin,True,True,375,1242,114173
2011_09_26,2011_09_26_drive_0009_sync,0000000241,E:\monodepth_project\data\kitti\2011_09_26\2011_09_26_drive_0009_sync\image_02\data\0000000241.png,E:\monodepth_project\data\kitti\2011_09_26\2011_09_26_drive_0009_sync\velodyne_points\data\0000000245.bin,True,True,375,1242,114840
2011_09_26,2011_09_26_drive_0009_sync,0000000242,E:\monodepth_project\data\kitti\2011_09_26\2011_09_26_drive_0009_sync\image_02\data\0000000242.png,E:\monodepth_project\data\kitti\2011_09_26\2011_09_26_drive_0009_sync\velodyne_points\data\0000000246.bin,True,True,375,1242,115937
2011_09_26,2011_09_26_drive_0009_sync,0000000243,E:\monodepth_project\data\kitti\2011_09_26\2011_09_26_drive_0009_sync\image_02\data\0000000243.png,E:\monodepth_project\data\kitti\2011_09_26\2011_09_26_drive_0009_sync\velodyne_points\data\0000000247.bin,True,True,375,1242,116394
2011_09_26,2011_09_26_drive_0009_sync,0000000244,E:\monodepth_project\data\kitti\2011_09_26\2011_09_26_drive_0009_sync\image_02\data\0000000244.png,E:\monodepth_project\data\kitti\2011_09_26\2011_09_26_drive_0009_sync\velodyne_points\data\0000000248.bin,True,True,375,1242,116508
2011_09_26,2011_09_26_drive_0009_sync,0000000245,E:\monodepth_project\data\kitti\2011_09_26\2011_09_26_drive_0009_sync\image_02\data\0000000245.png,E:\monodepth_project\data\kitti\2011_09_26\2011_09_26_drive_0009_sync\velodyne_points\data\0000000249.bin,True,True,375,1242,116777
2011_09_26,2011_09_26_drive_0009_sync,0000000246,E:\monodepth_project\data\kitti\2011_09_26\2011_09_26_drive_0009_sync\image_02\data\0000000246.png,E:\monodepth_project\data\kitti\2011_09_26\2011_09_26_drive_0009_sync\velodyne_points\data\0000000250.bin,True,True,375,1242,116663
2011_09_26,2011_09_26_drive_0009_sync,0000000247,E:\monodepth_project\data\kitti\2011_09_26\2011_09_26_drive_0009_sync\image_02\data\0000000247.png,E:\monodepth_project\data\kitti\2011_09_26\2011_09_26_drive_0009_sync\velodyne_points\data\0000000251.bin,True,True,375,1242,116884
2011_09_26,2011_09_26_drive_0009_sync,0000000248,E:\monodepth_project\data\kitti\2011_09_26\2011_09_26_drive_0009_sync\image_02\data\0000000248.png,E:\monodepth_project\data\kitti\2011_09_26\2011_09_26_drive_0009_sync\velodyne_points\data\0000000252.bin,True,True,375,1242,116847
2011_09_26,2011_09_26_drive_0009_sync,0000000249,E:\monodepth_project\data\kitti\2011_09_26\2011_09_26_drive_0009_sync\image_02\data\0000000249.png,E:\monodepth_project\data\kitti\2011_09_26\2011_09_26_drive_0009_sync\velodyne_points\data\0000000253.bin,True,True,375,1242,116848
2011_09_26,2011_09_26_drive_0009_sync,0000000250,E:\monodepth_project\data\kitti\2011_09_26\2011_09_26_drive_0009_sync\image_02\data\0000000250.png,E:\monodepth_project\data\kitti\2011_09_26\2011_09_26_drive_0009_sync\velodyne_points\data\0000000254.bin,True,True,375,1242,117037
2011_09_26,2011_09_26_drive_0009_sync,0000000251,E:\monodepth_project\data\kitti\2011_09_26\2011_09_26_drive_0009_sync\image_02\data\0000000251.png,E:\monodepth_project\data\kitti\2011_09_26\2011_09_26_drive_0009_sync\velodyne_points\data\0000000255.bin,True,True,375,1242,117180
2011_09_26,2011_09_26_drive_0009_sync,0000000252,E:\monodepth_project\data\kitti\2011_09_26\2011_09_26_drive_0009_sync\image_02\data\0000000252.png,E:\monodepth_project\data\kitti\2011_09_26\2011_09_26_drive_0009_sync\velodyne_points\data\0000000256.bin,True,True,375,1242,117193
2011_09_26,2011_09_26_drive_0009_sync,0000000253,E:\monodepth_project\data\kitti\2011_09_26\2011_09_26_drive_0009_sync\image_02\data\0000000253.png,E:\monodepth_project\data\kitti\2011_09_26\2011_09_26_drive_0009_sync\velodyne_points\data\0000000257.bin,True,True,375,1242,117126
2011_09_26,2011_09_26_drive_0009_sync,0000000254,E:\monodepth_project\data\kitti\2011_09_26\2011_09_26_drive_0009_sync\image_02\data\0000000254.png,E:\monodepth_project\data\kitti\2011_09_26\2011_09_26_drive_0009_sync\velodyne_points\data\0000000258.bin,True,True,375,1242,117098
2011_09_26,2011_09_26_drive_0009_sync,0000000255,E:\monodepth_project\data\kitti\2011_09_26\2011_09_26_drive_0009_sync\image_02\data\0000000255.png,E:\monodepth_project\data\kitti\2011_09_26\2011_09_26_drive_0009_sync\velodyne_points\data\0000000259.bin,True,True,375,1242,117286
2011_09_26,2011_09_26_drive_0009_sync,0000000256,E:\monodepth_project\data\kitti\2011_09_26\2011_09_26_drive_0009_sync\image_02\data\0000000256.png,E:\monodepth_project\data\kitti\2011_09_26\2011_09_26_drive_0009_sync\velodyne_points\data\0000000260.bin,True,True,375,1242,116997
2011_09_26,2011_09_26_drive_0009_sync,0000000257,E:\monodepth_project\data\kitti\2011_09_26\2011_09_26_drive_0009_sync\image_02\data\0000000257.png,E:\monodepth_project\data\kitti\2011_09_26\2011_09_26_drive_0009_sync\velodyne_points\data\0000000261.bin,True,True,375,1242,116789
2011_09_26,2011_09_26_drive_0009_sync,0000000258,E:\monodepth_project\data\kitti\2011_09_26\2011_09_26_drive_0009_sync\image_02\data\0000000258.png,E:\monodepth_project\data\kitti\2011_09_26\2011_09_26_drive_0009_sync\velodyne_points\data\0000000262.bin,True,True,375,1242,116328
2011_09_26,2011_09_26_drive_0009_sync,0000000259,E:\monodepth_project\data\kitti\2011_09_26\2011_09_26_drive_0009_sync\image_02\data\0000000259.png,E:\monodepth_project\data\kitti\2011_09_26\2011_09_26_drive_0009_sync\velodyne_points\data\0000000263.bin,True,True,375,1242,115869
2011_09_26,2011_09_26_drive_0009_sync,0000000260,E:\monodepth_project\data\kitti\2011_09_26\2011_09_26_drive_0009_sync\image_02\data\0000000260.png,E:\monodepth_project\data\kitti\2011_09_26\2011_09_26_drive_0009_sync\velodyne_points\data\0000000264.bin,True,True,375,1242,115530
2011_09_26,2011_09_26_drive_0009_sync,0000000261,E:\monodepth_project\data\kitti\2011_09_26\2011_09_26_drive_0009_sync\image_02\data\0000000261.png,E:\monodepth_project\data\kitti\2011_09_26\2011_09_26_drive_0009_sync\velodyne_points\data\0000000265.bin,True,True,375,1242,115392
2011_09_26,2011_09_26_drive_0009_sync,0000000262,E:\monodepth_project\data\kitti\2011_09_26\2011_09_26_drive_0009_sync\image_02\data\0000000262.png,E:\monodepth_project\data\kitti\2011_09_26\2011_09_26_drive_0009_sync\velodyne_points\data\0000000266.bin,True,True,375,1242,115401
2011_09_26,2011_09_26_drive_0009_sync,0000000263,E:\monodepth_project\data\kitti\2011_09_26\2011_09_26_drive_0009_sync\image_02\data\0000000263.png,E:\monodepth_project\data\kitti\2011_09_26\2011_09_26_drive_0009_sync\velodyne_points\data\0000000267.bin,True,True,375,1242,115465
2011_09_26,2011_09_26_drive_0009_sync,0000000264,E:\monodepth_project\data\kitti\2011_09_26\2011_09_26_drive_0009_sync\image_02\data\0000000264.png,E:\monodepth_project\data\kitti\2011_09_26\2011_09_26_drive_0009_sync\velodyne_points\data\0000000268.bin,True,True,375,1242,115265
2011_09_26,2011_09_26_drive_0009_sync,0000000265,E:\monodepth_project\data\kitti\2011_09_26\2011_09_26_drive_0009_sync\image_02\data\0000000265.png,E:\monodepth_project\data\kitti\2011_09_26\2011_09_26_drive_0009_sync\velodyne_points\data\0000000269.bin,True,True,375,1242,115247
2011_09_26,2011_09_26_drive_0009_sync,0000000266,E:\monodepth_project\data\kitti\2011_09_26\2011_09_26_drive_0009_sync\image_02\data\0000000266.png,E:\monodepth_project\data\kitti\2011_09_26\2011_09_26_drive_0009_sync\velodyne_points\data\0000000270.bin,True,True,375,1242,115391
2011_09_26,2011_09_26_drive_0009_sync,0000000267,E:\monodepth_project\data\kitti\2011_09_26\2011_09_26_drive_0009_sync\image_02\data\0000000267.png,E:\monodepth_project\data\kitti\2011_09_26\2011_09_26_drive_0009_sync\velodyne_points\data\0000000271.bin,True,True,375,1242,115708
2011_09_26,2011_09_26_drive_0009_sync,0000000268,E:\monodepth_project\data\kitti\2011_09_26\2011_09_26_drive_0009_sync\image_02\data\0000000268.png,E:\monodepth_project\data\kitti\2011_09_26\2011_09_26_drive_0009_sync\velodyne_points\data\0000000272.bin,True,True,375,1242,116369
2011_09_26,2011_09_26_drive_0009_sync,0000000269,E:\monodepth_project\data\kitti\2011_09_26\2011_09_26_drive_0009_sync\image_02\data\0000000269.png,E:\monodepth_project\data\kitti\2011_09_26\2011_09_26_drive_0009_sync\velodyne_points\data\0000000273.bin,True,True,375,1242,116699
2011_09_26,2011_09_26_drive_0009_sync,0000000270,E:\monodepth_project\data\kitti\2011_09_26\2011_09_26_drive_0009_sync\image_02\data\0000000270.png,E:\monodepth_project\data\kitti\2011_09_26\2011_09_26_drive_0009_sync\velodyne_points\data\0000000274.bin,True,True,375,1242,116873
2011_09_26,2011_09_26_drive_0009_sync,0000000271,E:\monodepth_project\data\kitti\2011_09_26\2011_09_26_drive_0009_sync\image_02\data\0000000271.png,E:\monodepth_project\data\kitti\2011_09_26\2011_09_26_drive_0009_sync\velodyne_points\data\0000000275.bin,True,True,375,1242,117075
2011_09_26,2011_09_26_drive_0009_sync,0000000272,E:\monodepth_project\data\kitti\2011_09_26\2011_09_26_drive_0009_sync\image_02\data\0000000272.png,E:\monodepth_project\data\kitti\2011_09_26\2011_09_26_drive_0009_sync\velodyne_points\data\0000000276.bin,True,True,375,1242,116972
2011_09_26,2011_09_26_drive_0009_sync,0000000273,E:\monodepth_project\data\kitti\2011_09_26\2011_09_26_drive_0009_sync\image_02\data\0000000273.png,E:\monodepth_project\data\kitti\2011_09_26\2011_09_26_drive_0009_sync\velodyne_points\data\0000000277.bin,True,True,375,1242,117001
2011_09_26,2011_09_26_drive_0009_sync,0000000274,E:\monodepth_project\data\kitti\2011_09_26\2011_09_26_drive_0009_sync\image_02\data\0000000274.png,E:\monodepth_project\data\kitti\2011_09_26\2011_09_26_drive_0009_sync\velodyne_points\data\0000000278.bin,True,True,375,1242,116915
2011_09_26,2011_09_26_drive_0009_sync,0000000275,E:\monodepth_project\data\kitti\2011_09_26\2011_09_26_drive_0009_sync\image_02\data\0000000275.png,E:\monodepth_project\data\kitti\2011_09_26\2011_09_26_drive_0009_sync\velodyne_points\data\0000000279.bin,True,True,375,1242,116960
2011_09_26,2011_09_26_drive_0009_sync,0000000276,E:\monodepth_project\data\kitti\2011_09_26\2011_09_26_drive_0009_sync\image_02\data\0000000276.png,E:\monodepth_project\data\kitti\2011_09_26\2011_09_26_drive_0009_sync\velodyne_points\data\0000000280.bin,True,True,375,1242,117016
2011_09_26,2011_09_26_drive_0009_sync,0000000277,E:\monodepth_project\data\kitti\2011_09_26\2011_09_26_drive_0009_sync\image_02\data\0000000277.png,E:\monodepth_project\data\kitti\2011_09_26\2011_09_26_drive_0009_sync\velodyne_points\data\0000000281.bin,True,True,375,1242,116999
2011_09_26,2011_09_26_drive_0009_sync,0000000278,E:\monodepth_project\data\kitti\2011_09_26\2011_09_26_drive_0009_sync\image_02\data\0000000278.png,E:\monodepth_project\data\kitti\2011_09_26\2011_09_26_drive_0009_sync\velodyne_points\data\0000000282.bin,True,True,375,1242,116808
2011_09_26,2011_09_26_drive_0009_sync,0000000279,E:\monodepth_project\data\kitti\2011_09_26\2011_09_26_drive_0009_sync\image_02\data\0000000279.png,E:\monodepth_project\data\kitti\2011_09_26\2011_09_26_drive_0009_sync\velodyne_points\data\0000000283.bin,True,True,375,1242,116518
2011_09_26,2011_09_26_drive_0009_sync,0000000280,E:\monodepth_project\data\kitti\2011_09_26\2011_09_26_drive_0009_sync\image_02\data\0000000280.png,E:\monodepth_project\data\kitti\2011_09_26\2011_09_26_drive_0009_sync\velodyne_points\data\0000000284.bin,True,True,375,1242,116755
2011_09_26,2011_09_26_drive_0009_sync,0000000281,E:\monodepth_project\data\kitti\2011_09_26\2011_09_26_drive_0009_sync\image_02\data\0000000281.png,E:\monodepth_project\data\kitti\2011_09_26\2011_09_26_drive_0009_sync\velodyne_points\data\0000000285.bin,True,True,375,1242,116764
2011_09_26,2011_09_26_drive_0009_sync,0000000282,E:\monodepth_project\data\kitti\2011_09_26\2011_09_26_drive_0009_sync\image_02\data\0000000282.png,E:\monodepth_project\data\kitti\2011_09_26\2011_09_26_drive_0009_sync\velodyne_points\data\0000000286.bin,True,True,375,1242,117119
2011_09_26,2011_09_26_drive_0009_sync,0000000283,E:\monodepth_project\data\kitti\2011_09_26\2011_09_26_drive_0009_sync\image_02\data\0000000283.png,E:\monodepth_project\data\kitti\2011_09_26\2011_09_26_drive_0009_sync\velodyne_points\data\0000000287.bin,True,True,375,1242,116861
2011_09_26,2011_09_26_drive_0009_sync,0000000284,E:\monodepth_project\data\kitti\2011_09_26\2011_09_26_drive_0009_sync\image_02\data\0000000284.png,E:\monodepth_project\data\kitti\2011_09_26\2011_09_26_drive_0009_sync\velodyne_points\data\0000000288.bin,True,True,375,1242,116670
2011_09_26,2011_09_26_drive_0009_sync,0000000285,E:\monodepth_project\data\kitti\2011_09_26\2011_09_26_drive_0009_sync\image_02\data\0000000285.png,E:\monodepth_project\data\kitti\2011_09_26\2011_09_26_drive_0009_sync\velodyne_points\data\0000000289.bin,True,True,375,1242,116390
2011_09_26,2011_09_26_drive_0009_sync,0000000286,E:\monodepth_project\data\kitti\2011_09_26\2011_09_26_drive_0009_sync\image_02\data\0000000286.png,E:\monodepth_project\data\kitti\2011_09_26\2011_09_26_drive_0009_sync\velodyne_points\data\0000000290.bin,True,True,375,1242,116558
2011_09_26,2011_09_26_drive_0009_sync,0000000287,E:\monodepth_project\data\kitti\2011_09_26\2011_09_26_drive_0009_sync\image_02\data\0000000287.png,E:\monodepth_project\data\kitti\2011_09_26\2011_09_26_drive_0009_sync\velodyne_points\data\0000000291.bin,True,True,375,1242,116342
2011_09_26,2011_09_26_drive_0009_sync,0000000288,E:\monodepth_project\data\kitti\2011_09_26\2011_09_26_drive_0009_sync\image_02\data\0000000288.png,E:\monodepth_project\data\kitti\2011_09_26\2011_09_26_drive_0009_sync\velodyne_points\data\0000000292.bin,True,True,375,1242,116111
2011_09_26,2011_09_26_drive_0009_sync,0000000289,E:\monodepth_project\data\kitti\2011_09_26\2011_09_26_drive_0009_sync\image_02\data\0000000289.png,E:\monodepth_project\data\kitti\2011_09_26\2011_09_26_drive_0009_sync\velodyne_points\data\0000000293.bin,True,True,375,1242,115640
2011_09_26,2011_09_26_drive_0009_sync,0000000290,E:\monodepth_project\data\kitti\2011_09_26\2011_09_26_drive_0009_sync\image_02\data\0000000290.png,E:\monodepth_project\data\kitti\2011_09_26\2011_09_26_drive_0009_sync\velodyne_points\data\0000000294.bin,True,True,375,1242,115240
2011_09_26,2011_09_26_drive_0009_sync,0000000291,E:\monodepth_project\data\kitti\2011_09_26\2011_09_26_drive_0009_sync\image_02\data\0000000291.png,E:\monodepth_project\data\kitti\2011_09_26\2011_09_26_drive_0009_sync\velodyne_points\data\0000000295.bin,True,True,375,1242,114197
2011_09_26,2011_09_26_drive_0009_sync,0000000292,E:\monodepth_project\data\kitti\2011_09_26\2011_09_26_drive_0009_sync\image_02\data\0000000292.png,E:\monodepth_project\data\kitti\2011_09_26\2011_09_26_drive_0009_sync\velodyne_points\data\0000000296.bin,True,True,375,1242,113541
2011_09_26,2011_09_26_drive_0009_sync,0000000293,E:\monodepth_project\data\kitti\2011_09_26\2011_09_26_drive_0009_sync\image_02\data\0000000293.png,E:\monodepth_project\data\kitti\2011_09_26\2011_09_26_drive_0009_sync\velodyne_points\data\0000000297.bin,True,True,375,1242,113384
2011_09_26,2011_09_26_drive_0009_sync,0000000294,E:\monodepth_project\data\kitti\2011_09_26\2011_09_26_drive_0009_sync\image_02\data\0000000294.png,E:\monodepth_project\data\kitti\2011_09_26\2011_09_26_drive_0009_sync\velodyne_points\data\0000000298.bin,True,True,375,1242,113557
2011_09_26,2011_09_26_drive_0009_sync,0000000295,E:\monodepth_project\data\kitti\2011_09_26\2011_09_26_drive_0009_sync\image_02\data\0000000295.png,E:\monodepth_project\data\kitti\2011_09_26\2011_09_26_drive_0009_sync\velodyne_points\data\0000000299.bin,True,True,375,1242,113533
2011_09_26,2011_09_26_drive_0009_sync,0000000296,E:\monodepth_project\data\kitti\2011_09_26\2011_09_26_drive_0009_sync\image_02\data\0000000296.png,E:\monodepth_project\data\kitti\2011_09_26\2011_09_26_drive_0009_sync\velodyne_points\data\0000000300.bin,True,True,375,1242,113306
2011_09_26,2011_09_26_drive_0009_sync,0000000297,E:\monodepth_project\data\kitti\2011_09_26\2011_09_26_drive_0009_sync\image_02\data\0000000297.png,E:\monodepth_project\data\kitti\2011_09_26\2011_09_26_drive_0009_sync\velodyne_points\data\0000000301.bin,True,True,375,1242,113107
2011_09_26,2011_09_26_drive_0009_sync,0000000298,E:\monodepth_project\data\kitti\2011_09_26\2011_09_26_drive_0009_sync\image_02\data\0000000298.png,E:\monodepth_project\data\kitti\2011_09_26\2011_09_26_drive_0009_sync\velodyne_points\data\0000000302.bin,True,True,375,1242,113158
2011_09_26,2011_09_26_drive_0009_sync,0000000299,E:\monodepth_project\data\kitti\2011_09_26\2011_09_26_drive_0009_sync\image_02\data\0000000299.png,E:\monodepth_project\data\kitti\2011_09_26\2011_09_26_drive_0009_sync\velodyne_points\data\0000000303.bin,True,True,375,1242,113330
2011_09_26,2011_09_26_drive_0009_sync,0000000300,E:\monodepth_project\data\kitti\2011_09_26\2011_09_26_drive_0009_sync\image_02\data\0000000300.png,E:\monodepth_project\data\kitti\2011_09_26\2011_09_26_drive_0009_sync\velodyne_points\data\0000000304.bin,True,True,375,1242,113456
2011_09_26,2011_09_26_drive_0009_sync,0000000301,E:\monodepth_project\data\kitti\2011_09_26\2011_09_26_drive_0009_sync\image_02\data\0000000301.png,E:\monodepth_project\data\kitti\2011_09_26\2011_09_26_drive_0009_sync\velodyne_points\data\0000000305.bin,True,True,375,1242,113574
2011_09_26,2011_09_26_drive_0009_sync,0000000302,E:\monodepth_project\data\kitti\2011_09_26\2011_09_26_drive_0009_sync\image_02\data\0000000302.png,E:\monodepth_project\data\kitti\2011_09_26\2011_09_26_drive_0009_sync\velodyne_points\data\0000000306.bin,True,True,375,1242,113169
2011_09_26,2011_09_26_drive_0009_sync,0000000303,E:\monodepth_project\data\kitti\2011_09_26\2011_09_26_drive_0009_sync\image_02\data\0000000303.png,E:\monodepth_project\data\kitti\2011_09_26\2011_09_26_drive_0009_sync\velodyne_points\data\0000000307.bin,True,True,375,1242,112711
2011_09_26,2011_09_26_drive_0009_sync,0000000304,E:\monodepth_project\data\kitti\2011_09_26\2011_09_26_drive_0009_sync\image_02\data\0000000304.png,E:\monodepth_project\data\kitti\2011_09_26\2011_09_26_drive_0009_sync\velodyne_points\data\0000000308.bin,True,True,375,1242,111980
2011_09_26,2011_09_26_drive_0009_sync,0000000305,E:\monodepth_project\data\kitti\2011_09_26\2011_09_26_drive_0009_sync\image_02\data\0000000305.png,E:\monodepth_project\data\kitti\2011_09_26\2011_09_26_drive_0009_sync\velodyne_points\data\0000000309.bin,True,True,375,1242,111981
2011_09_26,2011_09_26_drive_0009_sync,0000000306,E:\monodepth_project\data\kitti\2011_09_26\2011_09_26_drive_0009_sync\image_02\data\0000000306.png,E:\monodepth_project\data\kitti\2011_09_26\2011_09_26_drive_0009_sync\velodyne_points\data\0000000310.bin,True,True,375,1242,111906
2011_09_26,2011_09_26_drive_0009_sync,0000000307,E:\monodepth_project\data\kitti\2011_09_26\2011_09_26_drive_0009_sync\image_02\data\0000000307.png,E:\monodepth_project\data\kitti\2011_09_26\2011_09_26_drive_0009_sync\velodyne_points\data\0000000311.bin,True,True,375,1242,111372
2011_09_26,2011_09_26_drive_0009_sync,0000000308,E:\monodepth_project\data\kitti\2011_09_26\2011_09_26_drive_0009_sync\image_02\data\0000000308.png,E:\monodepth_project\data\kitti\2011_09_26\2011_09_26_drive_0009_sync\velodyne_points\data\0000000312.bin,True,True,375,1242,109425
2011_09_26,2011_09_26_drive_0009_sync,0000000309,E:\monodepth_project\data\kitti\2011_09_26\2011_09_26_drive_0009_sync\image_02\data\0000000309.png,E:\monodepth_project\data\kitti\2011_09_26\2011_09_26_drive_0009_sync\velodyne_points\data\0000000313.bin,True,True,375,1242,108505
2011_09_26,2011_09_26_drive_0009_sync,0000000310,E:\monodepth_project\data\kitti\2011_09_26\2011_09_26_drive_0009_sync\image_02\data\0000000310.png,E:\monodepth_project\data\kitti\2011_09_26\2011_09_26_drive_0009_sync\velodyne_points\data\0000000314.bin,True,True,375,1242,107968
2011_09_26,2011_09_26_drive_0009_sync,0000000311,E:\monodepth_project\data\kitti\2011_09_26\2011_09_26_drive_0009_sync\image_02\data\0000000311.png,E:\monodepth_project\data\kitti\2011_09_26\2011_09_26_drive_0009_sync\velodyne_points\data\0000000315.bin,True,True,375,1242,107890
2011_09_26,2011_09_26_drive_0009_sync,0000000312,E:\monodepth_project\data\kitti\2011_09_26\2011_09_26_drive_0009_sync\image_02\data\0000000312.png,E:\monodepth_project\data\kitti\2011_09_26\2011_09_26_drive_0009_sync\velodyne_points\data\0000000316.bin,True,True,375,1242,106785
2011_09_26,2011_09_26_drive_0009_sync,0000000313,E:\monodepth_project\data\kitti\2011_09_26\2011_09_26_drive_0009_sync\image_02\data\0000000313.png,E:\monodepth_project\data\kitti\2011_09_26\2011_09_26_drive_0009_sync\velodyne_points\data\0000000317.bin,True,True,375,1242,105188
2011_09_26,2011_09_26_drive_0009_sync,0000000314,E:\monodepth_project\data\kitti\2011_09_26\2011_09_26_drive_0009_sync\image_02\data\0000000314.png,E:\monodepth_project\data\kitti\2011_09_26\2011_09_26_drive_0009_sync\velodyne_points\data\0000000318.bin,True,True,375,1242,104437
2011_09_26,2011_09_26_drive_0009_sync,0000000315,E:\monodepth_project\data\kitti\2011_09_26\2011_09_26_drive_0009_sync\image_02\data\0000000315.png,E:\monodepth_project\data\kitti\2011_09_26\2011_09_26_drive_0009_sync\velodyne_points\data\0000000319.bin,True,True,375,1242,103893
2011_09_26,2011_09_26_drive_0009_sync,0000000316,E:\monodepth_project\data\kitti\2011_09_26\2011_09_26_drive_0009_sync\image_02\data\0000000316.png,E:\monodepth_project\data\kitti\2011_09_26\2011_09_26_drive_0009_sync\velodyne_points\data\0000000320.bin,True,True,375,1242,103916
2011_09_26,2011_09_26_drive_0009_sync,0000000317,E:\monodepth_project\data\kitti\2011_09_26\2011_09_26_drive_0009_sync\image_02\data\0000000317.png,E:\monodepth_project\data\kitti\2011_09_26\2011_09_26_drive_0009_sync\velodyne_points\data\0000000321.bin,True,True,375,1242,103106
2011_09_26,2011_09_26_drive_0009_sync,0000000318,E:\monodepth_project\data\kitti\2011_09_26\2011_09_26_drive_0009_sync\image_02\data\0000000318.png,E:\monodepth_project\data\kitti\2011_09_26\2011_09_26_drive_0009_sync\velodyne_points\data\0000000322.bin,True,True,375,1242,100653
2011_09_26,2011_09_26_drive_0009_sync,0000000319,E:\monodepth_project\data\kitti\2011_09_26\2011_09_26_drive_0009_sync\image_02\data\0000000319.png,E:\monodepth_project\data\kitti\2011_09_26\2011_09_26_drive_0009_sync\velodyne_points\data\0000000323.bin,True,True,375,1242,99562
2011_09_26,2011_09_26_drive_0009_sync,0000000320,E:\monodepth_project\data\kitti\2011_09_26\2011_09_26_drive_0009_sync\image_02\data\0000000320.png,E:\monodepth_project\data\kitti\2011_09_26\2011_09_26_drive_0009_sync\velodyne_points\data\0000000324.bin,True,True,375,1242,99986
2011_09_26,2011_09_26_drive_0009_sync,0000000321,E:\monodepth_project\data\kitti\2011_09_26\2011_09_26_drive_0009_sync\image_02\data\0000000321.png,E:\monodepth_project\data\kitti\2011_09_26\2011_09_26_drive_0009_sync\velodyne_points\data\0000000325.bin,True,True,375,1242,100477
2011_09_26,2011_09_26_drive_0009_sync,0000000322,E:\monodepth_project\data\kitti\2011_09_26\2011_09_26_drive_0009_sync\image_02\data\0000000322.png,E:\monodepth_project\data\kitti\2011_09_26\2011_09_26_drive_0009_sync\velodyne_points\data\0000000326.bin,True,True,375,1242,100758
2011_09_26,2011_09_26_drive_0009_sync,0000000323,E:\monodepth_project\data\kitti\2011_09_26\2011_09_26_drive_0009_sync\image_02\data\0000000323.png,E:\monodepth_project\data\kitti\2011_09_26\2011_09_26_drive_0009_sync\velodyne_points\data\0000000327.bin,True,True,375,1242,100236
2011_09_26,2011_09_26_drive_0009_sync,0000000324,E:\monodepth_project\data\kitti\2011_09_26\2011_09_26_drive_0009_sync\image_02\data\0000000324.png,E:\monodepth_project\data\kitti\2011_09_26\2011_09_26_drive_0009_sync\velodyne_points\data\0000000328.bin,True,True,375,1242,99477
2011_09_26,2011_09_26_drive_0009_sync,0000000325,E:\monodepth_project\data\kitti\2011_09_26\2011_09_26_drive_0009_sync\image_02\data\0000000325.png,E:\monodepth_project\data\kitti\2011_09_26\2011_09_26_drive_0009_sync\velodyne_points\data\0000000329.bin,True,True,375,1242,101011
2011_09_26,2011_09_26_drive_0009_sync,0000000326,E:\monodepth_project\data\kitti\2011_09_26\2011_09_26_drive_0009_sync\image_02\data\0000000326.png,E:\monodepth_project\data\kitti\2011_09_26\2011_09_26_drive_0009_sync\velodyne_points\data\0000000330.bin,True,True,375,1242,102734
2011_09_26,2011_09_26_drive_0009_sync,0000000327,E:\monodepth_project\data\kitti\2011_09_26\2011_09_26_drive_0009_sync\image_02\data\0000000327.png,E:\monodepth_project\data\kitti\2011_09_26\2011_09_26_drive_0009_sync\velodyne_points\data\0000000331.bin,True,True,375,1242,104343
2011_09_26,2011_09_26_drive_0009_sync,0000000328,E:\monodepth_project\data\kitti\2011_09_26\2011_09_26_drive_0009_sync\image_02\data\0000000328.png,E:\monodepth_project\data\kitti\2011_09_26\2011_09_26_drive_0009_sync\velodyne_points\data\0000000332.bin,True,True,375,1242,105882
2011_09_26,2011_09_26_drive_0009_sync,0000000329,E:\monodepth_project\data\kitti\2011_09_26\2011_09_26_drive_0009_sync\image_02\data\0000000329.png,E:\monodepth_project\data\kitti\2011_09_26\2011_09_26_drive_0009_sync\velodyne_points\data\0000000333.bin,True,True,375,1242,106854
2011_09_26,2011_09_26_drive_0009_sync,0000000330,E:\monodepth_project\data\kitti\2011_09_26\2011_09_26_drive_0009_sync\image_02\data\0000000330.png,E:\monodepth_project\data\kitti\2011_09_26\2011_09_26_drive_0009_sync\velodyne_points\data\0000000334.bin,True,True,375,1242,107739
2011_09_26,2011_09_26_drive_0009_sync,0000000331,E:\monodepth_project\data\kitti\2011_09_26\2011_09_26_drive_0009_sync\image_02\data\0000000331.png,E:\monodepth_project\data\kitti\2011_09_26\2011_09_26_drive_0009_sync\velodyne_points\data\0000000335.bin,True,True,375,1242,108808
2011_09_26,2011_09_26_drive_0009_sync,0000000332,E:\monodepth_project\data\kitti\2011_09_26\2011_09_26_drive_0009_sync\image_02\data\0000000332.png,E:\monodepth_project\data\kitti\2011_09_26\2011_09_26_drive_0009_sync\velodyne_points\data\0000000336.bin,True,True,375,1242,110222
2011_09_26,2011_09_26_drive_0009_sync,0000000333,E:\monodepth_project\data\kitti\2011_09_26\2011_09_26_drive_0009_sync\image_02\data\0000000333.png,E:\monodepth_project\data\kitti\2011_09_26\2011_09_26_drive_0009_sync\velodyne_points\data\0000000337.bin,True,True,375,1242,111228
2011_09_26,2011_09_26_drive_0009_sync,0000000334,E:\monodepth_project\data\kitti\2011_09_26\2011_09_26_drive_0009_sync\image_02\data\0000000334.png,E:\monodepth_project\data\kitti\2011_09_26\2011_09_26_drive_0009_sync\velodyne_points\data\0000000338.bin,True,True,375,1242,111935
2011_09_26,2011_09_26_drive_0009_sync,0000000335,E:\monodepth_project\data\kitti\2011_09_26\2011_09_26_drive_0009_sync\image_02\data\0000000335.png,E:\monodepth_project\data\kitti\2011_09_26\2011_09_26_drive_0009_sync\velodyne_points\data\0000000339.bin,True,True,375,1242,112176
2011_09_26,2011_09_26_drive_0009_sync,0000000336,E:\monodepth_project\data\kitti\2011_09_26\2011_09_26_drive_0009_sync\image_02\data\0000000336.png,E:\monodepth_project\data\kitti\2011_09_26\2011_09_26_drive_0009_sync\velodyne_points\data\0000000340.bin,True,True,375,1242,112230
2011_09_26,2011_09_26_drive_0009_sync,0000000337,E:\monodepth_project\data\kitti\2011_09_26\2011_09_26_drive_0009_sync\image_02\data\0000000337.png,E:\monodepth_project\data\kitti\2011_09_26\2011_09_26_drive_0009_sync\velodyne_points\data\0000000341.bin,True,True,375,1242,112028
2011_09_26,2011_09_26_drive_0009_sync,0000000338,E:\monodepth_project\data\kitti\2011_09_26\2011_09_26_drive_0009_sync\image_02\data\0000000338.png,E:\monodepth_project\data\kitti\2011_09_26\2011_09_26_drive_0009_sync\velodyne_points\data\0000000342.bin,True,True,375,1242,112368
2011_09_26,2011_09_26_drive_0009_sync,0000000339,E:\monodepth_project\data\kitti\2011_09_26\2011_09_26_drive_0009_sync\image_02\data\0000000339.png,E:\monodepth_project\data\kitti\2011_09_26\2011_09_26_drive_0009_sync\velodyne_points\data\0000000343.bin,True,True,375,1242,111850
2011_09_26,2011_09_26_drive_0009_sync,0000000340,E:\monodepth_project\data\kitti\2011_09_26\2011_09_26_drive_0009_sync\image_02\data\0000000340.png,E:\monodepth_project\data\kitti\2011_09_26\2011_09_26_drive_0009_sync\velodyne_points\data\0000000344.bin,True,True,375,1242,111779
2011_09_26,2011_09_26_drive_0009_sync,0000000341,E:\monodepth_project\data\kitti\2011_09_26\2011_09_26_drive_0009_sync\image_02\data\0000000341.png,E:\monodepth_project\data\kitti\2011_09_26\2011_09_26_drive_0009_sync\velodyne_points\data\0000000345.bin,True,True,375,1242,111876
2011_09_26,2011_09_26_drive_0009_sync,0000000342,E:\monodepth_project\data\kitti\2011_09_26\2011_09_26_drive_0009_sync\image_02\data\0000000342.png,E:\monodepth_project\data\kitti\2011_09_26\2011_09_26_drive_0009_sync\velodyne_points\data\0000000346.bin,True,True,375,1242,112509
2011_09_26,2011_09_26_drive_0009_sync,0000000343,E:\monodepth_project\data\kitti\2011_09_26\2011_09_26_drive_0009_sync\image_02\data\0000000343.png,E:\monodepth_project\data\kitti\2011_09_26\2011_09_26_drive_0009_sync\velodyne_points\data\0000000347.bin,True,True,375,1242,112900
2011_09_26,2011_09_26_drive_0009_sync,0000000344,E:\monodepth_project\data\kitti\2011_09_26\2011_09_26_drive_0009_sync\image_02\data\0000000344.png,E:\monodepth_project\data\kitti\2011_09_26\2011_09_26_drive_0009_sync\velodyne_points\data\0000000348.bin,True,True,375,1242,114389
2011_09_26,2011_09_26_drive_0009_sync,0000000345,E:\monodepth_project\data\kitti\2011_09_26\2011_09_26_drive_0009_sync\image_02\data\0000000345.png,E:\monodepth_project\data\kitti\2011_09_26\2011_09_26_drive_0009_sync\velodyne_points\data\0000000349.bin,True,True,375,1242,115940
2011_09_26,2011_09_26_drive_0009_sync,0000000346,E:\monodepth_project\data\kitti\2011_09_26\2011_09_26_drive_0009_sync\image_02\data\0000000346.png,E:\monodepth_project\data\kitti\2011_09_26\2011_09_26_drive_0009_sync\velodyne_points\data\0000000350.bin,True,True,375,1242,116569
2011_09_26,2011_09_26_drive_0009_sync,0000000347,E:\monodepth_project\data\kitti\2011_09_26\2011_09_26_drive_0009_sync\image_02\data\0000000347.png,E:\monodepth_project\data\kitti\2011_09_26\2011_09_26_drive_0009_sync\velodyne_points\data\0000000351.bin,True,True,375,1242,116914
2011_09_26,2011_09_26_drive_0009_sync,0000000348,E:\monodepth_project\data\kitti\2011_09_26\2011_09_26_drive_0009_sync\image_02\data\0000000348.png,E:\monodepth_project\data\kitti\2011_09_26\2011_09_26_drive_0009_sync\velodyne_points\data\0000000352.bin,True,True,375,1242,117652
2011_09_26,2011_09_26_drive_0009_sync,0000000349,E:\monodepth_project\data\kitti\2011_09_26\2011_09_26_drive_0009_sync\image_02\data\0000000349.png,E:\monodepth_project\data\kitti\2011_09_26\2011_09_26_drive_0009_sync\velodyne_points\data\0000000353.bin,True,True,375,1242,118634
2011_09_26,2011_09_26_drive_0009_sync,0000000350,E:\monodepth_project\data\kitti\2011_09_26\2011_09_26_drive_0009_sync\image_02\data\0000000350.png,E:\monodepth_project\data\kitti\2011_09_26\2011_09_26_drive_0009_sync\velodyne_points\data\0000000354.bin,True,True,375,1242,119006
2011_09_26,2011_09_26_drive_0009_sync,0000000351,E:\monodepth_project\data\kitti\2011_09_26\2011_09_26_drive_0009_sync\image_02\data\0000000351.png,E:\monodepth_project\data\kitti\2011_09_26\2011_09_26_drive_0009_sync\velodyne_points\data\0000000355.bin,True,True,375,1242,119674
2011_09_26,2011_09_26_drive_0009_sync,0000000352,E:\monodepth_project\data\kitti\2011_09_26\2011_09_26_drive_0009_sync\image_02\data\0000000352.png,E:\monodepth_project\data\kitti\2011_09_26\2011_09_26_drive_0009_sync\velodyne_points\data\0000000356.bin,True,True,375,1242,119835
2011_09_26,2011_09_26_drive_0009_sync,0000000353,E:\monodepth_project\data\kitti\2011_09_26\2011_09_26_drive_0009_sync\image_02\data\0000000353.png,E:\monodepth_project\data\kitti\2011_09_26\2011_09_26_drive_0009_sync\velodyne_points\data\0000000357.bin,True,True,375,1242,120344
2011_09_26,2011_09_26_drive_0009_sync,0000000354,E:\monodepth_project\data\kitti\2011_09_26\2011_09_26_drive_0009_sync\image_02\data\0000000354.png,E:\monodepth_project\data\kitti\2011_09_26\2011_09_26_drive_0009_sync\velodyne_points\data\0000000358.bin,True,True,375,1242,120744
2011_09_26,2011_09_26_drive_0009_sync,0000000355,E:\monodepth_project\data\kitti\2011_09_26\2011_09_26_drive_0009_sync\image_02\data\0000000355.png,E:\monodepth_project\data\kitti\2011_09_26\2011_09_26_drive_0009_sync\velodyne_points\data\0000000359.bin,True,True,375,1242,120954
2011_09_26,2011_09_26_drive_0009_sync,0000000356,E:\monodepth_project\data\kitti\2011_09_26\2011_09_26_drive_0009_sync\image_02\data\0000000356.png,E:\monodepth_project\data\kitti\2011_09_26\2011_09_26_drive_0009_sync\velodyne_points\data\0000000360.bin,True,True,375,1242,121288
2011_09_26,2011_09_26_drive_0009_sync,0000000357,E:\monodepth_project\data\kitti\2011_09_26\2011_09_26_drive_0009_sync\image_02\data\0000000357.png,E:\monodepth_project\data\kitti\2011_09_26\2011_09_26_drive_0009_sync\velodyne_points\data\0000000361.bin,True,True,375,1242,121319
2011_09_26,2011_09_26_drive_0009_sync,0000000358,E:\monodepth_project\data\kitti\2011_09_26\2011_09_26_drive_0009_sync\image_02\data\0000000358.png,E:\monodepth_project\data\kitti\2011_09_26\2011_09_26_drive_0009_sync\velodyne_points\data\0000000362.bin,True,True,375,1242,121491
2011_09_26,2011_09_26_drive_0009_sync,0000000359,E:\monodepth_project\data\kitti\2011_09_26\2011_09_26_drive_0009_sync\image_02\data\0000000359.png,E:\monodepth_project\data\kitti\2011_09_26\2011_09_26_drive_0009_sync\velodyne_points\data\0000000363.bin,True,True,375,1242,121681
2011_09_26,2011_09_26_drive_0009_sync,0000000360,E:\monodepth_project\data\kitti\2011_09_26\2011_09_26_drive_0009_sync\image_02\data\0000000360.png,E:\monodepth_project\data\kitti\2011_09_26\2011_09_26_drive_0009_sync\velodyne_points\data\0000000364.bin,True,True,375,1242,121784
2011_09_26,2011_09_26_drive_0009_sync,0000000361,E:\monodepth_project\data\kitti\2011_09_26\2011_09_26_drive_0009_sync\image_02\data\0000000361.png,E:\monodepth_project\data\kitti\2011_09_26\2011_09_26_drive_0009_sync\velodyne_points\data\0000000365.bin,True,True,375,1242,121761
2011_09_26,2011_09_26_drive_0009_sync,0000000362,E:\monodepth_project\data\kitti\2011_09_26\2011_09_26_drive_0009_sync\image_02\data\0000000362.png,E:\monodepth_project\data\kitti\2011_09_26\2011_09_26_drive_0009_sync\velodyne_points\data\0000000366.bin,True,True,375,1242,121550
2011_09_26,2011_09_26_drive_0009_sync,0000000363,E:\monodepth_project\data\kitti\2011_09_26\2011_09_26_drive_0009_sync\image_02\data\0000000363.png,E:\monodepth_project\data\kitti\2011_09_26\2011_09_26_drive_0009_sync\velodyne_points\data\0000000367.bin,True,True,375,1242,121936
2011_09_26,2011_09_26_drive_0009_sync,0000000364,E:\monodepth_project\data\kitti\2011_09_26\2011_09_26_drive_0009_sync\image_02\data\0000000364.png,E:\monodepth_project\data\kitti\2011_09_26\2011_09_26_drive_0009_sync\velodyne_points\data\0000000368.bin,True,True,375,1242,121928
2011_09_26,2011_09_26_drive_0009_sync,0000000365,E:\monodepth_project\data\kitti\2011_09_26\2011_09_26_drive_0009_sync\image_02\data\0000000365.png,E:\monodepth_project\data\kitti\2011_09_26\2011_09_26_drive_0009_sync\velodyne_points\data\0000000369.bin,True,True,375,1242,122026
2011_09_26,2011_09_26_drive_0009_sync,0000000366,E:\monodepth_project\data\kitti\2011_09_26\2011_09_26_drive_0009_sync\image_02\data\0000000366.png,E:\monodepth_project\data\kitti\2011_09_26\2011_09_26_drive_0009_sync\velodyne_points\data\0000000370.bin,True,True,375,1242,122200
2011_09_26,2011_09_26_drive_0009_sync,0000000367,E:\monodepth_project\data\kitti\2011_09_26\2011_09_26_drive_0009_sync\image_02\data\0000000367.png,E:\monodepth_project\data\kitti\2011_09_26\2011_09_26_drive_0009_sync\velodyne_points\data\0000000371.bin,True,True,375,1242,122181
2011_09_26,2011_09_26_drive_0009_sync,0000000368,E:\monodepth_project\data\kitti\2011_09_26\2011_09_26_drive_0009_sync\image_02\data\0000000368.png,E:\monodepth_project\data\kitti\2011_09_26\2011_09_26_drive_0009_sync\velodyne_points\data\0000000372.bin,True,True,375,1242,121838
2011_09_26,2011_09_26_drive_0009_sync,0000000369,E:\monodepth_project\data\kitti\2011_09_26\2011_09_26_drive_0009_sync\image_02\data\0000000369.png,E:\monodepth_project\data\kitti\2011_09_26\2011_09_26_drive_0009_sync\velodyne_points\data\0000000373.bin,True,True,375,1242,121045
2011_09_26,2011_09_26_drive_0009_sync,0000000370,E:\monodepth_project\data\kitti\2011_09_26\2011_09_26_drive_0009_sync\image_02\data\0000000370.png,E:\monodepth_project\data\kitti\2011_09_26\2011_09_26_drive_0009_sync\velodyne_points\data\0000000374.bin,True,True,375,1242,120457
2011_09_26,2011_09_26_drive_0009_sync,0000000371,E:\monodepth_project\data\kitti\2011_09_26\2011_09_26_drive_0009_sync\image_02\data\0000000371.png,E:\monodepth_project\data\kitti\2011_09_26\2011_09_26_drive_0009_sync\velodyne_points\data\0000000375.bin,True,True,375,1242,120167
2011_09_26,2011_09_26_drive_0009_sync,0000000372,E:\monodepth_project\data\kitti\2011_09_26\2011_09_26_drive_0009_sync\image_02\data\0000000372.png,E:\monodepth_project\data\kitti\2011_09_26\2011_09_26_drive_0009_sync\velodyne_points\data\0000000376.bin,True,True,375,1242,120183
2011_09_26,2011_09_26_drive_0009_sync,0000000373,E:\monodepth_project\data\kitti\2011_09_26\2011_09_26_drive_0009_sync\image_02\data\0000000373.png,E:\monodepth_project\data\kitti\2011_09_26\2011_09_26_drive_0009_sync\velodyne_points\data\0000000377.bin,True,True,375,1242,120280
2011_09_26,2011_09_26_drive_0009_sync,0000000374,E:\monodepth_project\data\kitti\2011_09_26\2011_09_26_drive_0009_sync\image_02\data\0000000374.png,E:\monodepth_project\data\kitti\2011_09_26\2011_09_26_drive_0009_sync\velodyne_points\data\0000000378.bin,True,True,375,1242,120522
2011_09_26,2011_09_26_drive_0009_sync,0000000375,E:\monodepth_project\data\kitti\2011_09_26\2011_09_26_drive_0009_sync\image_02\data\0000000375.png,E:\monodepth_project\data\kitti\2011_09_26\2011_09_26_drive_0009_sync\velodyne_points\data\0000000379.bin,True,True,375,1242,121553
2011_09_26,2011_09_26_drive_0009_sync,0000000376,E:\monodepth_project\data\kitti\2011_09_26\2011_09_26_drive_0009_sync\image_02\data\0000000376.png,E:\monodepth_project\data\kitti\2011_09_26\2011_09_26_drive_0009_sync\velodyne_points\data\0000000380.bin,True,True,375,1242,122621
2011_09_26,2011_09_26_drive_0009_sync,0000000377,E:\monodepth_project\data\kitti\2011_09_26\2011_09_26_drive_0009_sync\image_02\data\0000000377.png,E:\monodepth_project\data\kitti\2011_09_26\2011_09_26_drive_0009_sync\velodyne_points\data\0000000381.bin,True,True,375,1242,123060
2011_09_26,2011_09_26_drive_0009_sync,0000000378,E:\monodepth_project\data\kitti\2011_09_26\2011_09_26_drive_0009_sync\image_02\data\0000000378.png,E:\monodepth_project\data\kitti\2011_09_26\2011_09_26_drive_0009_sync\velodyne_points\data\0000000382.bin,True,True,375,1242,123139
2011_09_26,2011_09_26_drive_0009_sync,0000000379,E:\monodepth_project\data\kitti\2011_09_26\2011_09_26_drive_0009_sync\image_02\data\0000000379.png,E:\monodepth_project\data\kitti\2011_09_26\2011_09_26_drive_0009_sync\velodyne_points\data\0000000383.bin,True,True,375,1242,123393
2011_09_26,2011_09_26_drive_0009_sync,0000000380,E:\monodepth_project\data\kitti\2011_09_26\2011_09_26_drive_0009_sync\image_02\data\0000000380.png,E:\monodepth_project\data\kitti\2011_09_26\2011_09_26_drive_0009_sync\velodyne_points\data\0000000384.bin,True,True,375,1242,123451
2011_09_26,2011_09_26_drive_0009_sync,0000000381,E:\monodepth_project\data\kitti\2011_09_26\2011_09_26_drive_0009_sync\image_02\data\0000000381.png,E:\monodepth_project\data\kitti\2011_09_26\2011_09_26_drive_0009_sync\velodyne_points\data\0000000385.bin,True,True,375,1242,123473
2011_09_26,2011_09_26_drive_0009_sync,0000000382,E:\monodepth_project\data\kitti\2011_09_26\2011_09_26_drive_0009_sync\image_02\data\0000000382.png,E:\monodepth_project\data\kitti\2011_09_26\2011_09_26_drive_0009_sync\velodyne_points\data\0000000386.bin,True,True,375,1242,123511
2011_09_26,2011_09_26_drive_0009_sync,0000000383,E:\monodepth_project\data\kitti\2011_09_26\2011_09_26_drive_0009_sync\image_02\data\0000000383.png,E:\monodepth_project\data\kitti\2011_09_26\2011_09_26_drive_0009_sync\velodyne_points\data\0000000387.bin,True,True,375,1242,123651
2011_09_26,2011_09_26_drive_0009_sync,0000000384,E:\monodepth_project\data\kitti\2011_09_26\2011_09_26_drive_0009_sync\image_02\data\0000000384.png,E:\monodepth_project\data\kitti\2011_09_26\2011_09_26_drive_0009_sync\velodyne_points\data\0000000388.bin,True,True,375,1242,123407
2011_09_26,2011_09_26_drive_0009_sync,0000000385,E:\monodepth_project\data\kitti\2011_09_26\2011_09_26_drive_0009_sync\image_02\data\0000000385.png,E:\monodepth_project\data\kitti\2011_09_26\2011_09_26_drive_0009_sync\velodyne_points\data\0000000389.bin,True,True,375,1242,123640
2011_09_26,2011_09_26_drive_0009_sync,0000000386,E:\monodepth_project\data\kitti\2011_09_26\2011_09_26_drive_0009_sync\image_02\data\0000000386.png,E:\monodepth_project\data\kitti\2011_09_26\2011_09_26_drive_0009_sync\velodyne_points\data\0000000390.bin,True,True,375,1242,123773
2011_09_26,2011_09_26_drive_0009_sync,0000000387,E:\monodepth_project\data\kitti\2011_09_26\2011_09_26_drive_0009_sync\image_02\data\0000000387.png,E:\monodepth_project\data\kitti\2011_09_26\2011_09_26_drive_0009_sync\velodyne_points\data\0000000391.bin,True,True,375,1242,123672
2011_09_26,2011_09_26_drive_0009_sync,0000000388,E:\monodepth_project\data\kitti\2011_09_26\2011_09_26_drive_0009_sync\image_02\data\0000000388.png,E:\monodepth_project\data\kitti\2011_09_26\2011_09_26_drive_0009_sync\velodyne_points\data\0000000392.bin,True,True,375,1242,123739
2011_09_26,2011_09_26_drive_0009_sync,0000000389,E:\monodepth_project\data\kitti\2011_09_26\2011_09_26_drive_0009_sync\image_02\data\0000000389.png,E:\monodepth_project\data\kitti\2011_09_26\2011_09_26_drive_0009_sync\velodyne_points\data\0000000393.bin,True,True,375,1242,123760
2011_09_26,2011_09_26_drive_0009_sync,0000000390,E:\monodepth_project\data\kitti\2011_09_26\2011_09_26_drive_0009_sync\image_02\data\0000000390.png,E:\monodepth_project\data\kitti\2011_09_26\2011_09_26_drive_0009_sync\velodyne_points\data\0000000394.bin,True,True,375,1242,123870
2011_09_26,2011_09_26_drive_0009_sync,0000000391,E:\monodepth_project\data\kitti\2011_09_26\2011_09_26_drive_0009_sync\image_02\data\0000000391.png,E:\monodepth_project\data\kitti\2011_09_26\2011_09_26_drive_0009_sync\velodyne_points\data\0000000395.bin,True,True,375,1242,123824
2011_09_26,2011_09_26_drive_0009_sync,0000000392,E:\monodepth_project\data\kitti\2011_09_26\2011_09_26_drive_0009_sync\image_02\data\0000000392.png,E:\monodepth_project\data\kitti\2011_09_26\2011_09_26_drive_0009_sync\velodyne_points\data\0000000396.bin,True,True,375,1242,123894
2011_09_26,2011_09_26_drive_0009_sync,0000000393,E:\monodepth_project\data\kitti\2011_09_26\2011_09_26_drive_0009_sync\image_02\data\0000000393.png,E:\monodepth_project\data\kitti\2011_09_26\2011_09_26_drive_0009_sync\velodyne_points\data\0000000397.bin,True,True,375,1242,123906
2011_09_26,2011_09_26_drive_0009_sync,0000000394,E:\monodepth_project\data\kitti\2011_09_26\2011_09_26_drive_0009_sync\image_02\data\0000000394.png,E:\monodepth_project\data\kitti\2011_09_26\2011_09_26_drive_0009_sync\velodyne_points\data\0000000398.bin,True,True,375,1242,123955
2011_09_26,2011_09_26_drive_0009_sync,0000000395,E:\monodepth_project\data\kitti\2011_09_26\2011_09_26_drive_0009_sync\image_02\data\0000000395.png,E:\monodepth_project\data\kitti\2011_09_26\2011_09_26_drive_0009_sync\velodyne_points\data\0000000399.bin,True,True,375,1242,123916
2011_09_26,2011_09_26_drive_0009_sync,0000000396,E:\monodepth_project\data\kitti\2011_09_26\2011_09_26_drive_0009_sync\image_02\data\0000000396.png,E:\monodepth_project\data\kitti\2011_09_26\2011_09_26_drive_0009_sync\velodyne_points\data\0000000400.bin,True,True,375,1242,123990
2011_09_26,2011_09_26_drive_0009_sync,0000000397,E:\monodepth_project\data\kitti\2011_09_26\2011_09_26_drive_0009_sync\image_02\data\0000000397.png,E:\monodepth_project\data\kitti\2011_09_26\2011_09_26_drive_0009_sync\velodyne_points\data\0000000401.bin,True,True,375,1242,123755
2011_09_26,2011_09_26_drive_0009_sync,0000000398,E:\monodepth_project\data\kitti\2011_09_26\2011_09_26_drive_0009_sync\image_02\data\0000000398.png,E:\monodepth_project\data\kitti\2011_09_26\2011_09_26_drive_0009_sync\velodyne_points\data\0000000402.bin,True,True,375,1242,123629
2011_09_26,2011_09_26_drive_0009_sync,0000000399,E:\monodepth_project\data\kitti\2011_09_26\2011_09_26_drive_0009_sync\image_02\data\0000000399.png,E:\monodepth_project\data\kitti\2011_09_26\2011_09_26_drive_0009_sync\velodyne_points\data\0000000403.bin,True,True,375,1242,123571
2011_09_26,2011_09_26_drive_0009_sync,0000000400,E:\monodepth_project\data\kitti\2011_09_26\2011_09_26_drive_0009_sync\image_02\data\0000000400.png,E:\monodepth_project\data\kitti\2011_09_26\2011_09_26_drive_0009_sync\velodyne_points\data\0000000404.bin,True,True,375,1242,123369
2011_09_26,2011_09_26_drive_0009_sync,0000000401,E:\monodepth_project\data\kitti\2011_09_26\2011_09_26_drive_0009_sync\image_02\data\0000000401.png,E:\monodepth_project\data\kitti\2011_09_26\2011_09_26_drive_0009_sync\velodyne_points\data\0000000405.bin,True,True,375,1242,123295
2011_09_26,2011_09_26_drive_0009_sync,0000000402,E:\monodepth_project\data\kitti\2011_09_26\2011_09_26_drive_0009_sync\image_02\data\0000000402.png,E:\monodepth_project\data\kitti\2011_09_26\2011_09_26_drive_0009_sync\velodyne_points\data\0000000406.bin,True,True,375,1242,123232
2011_09_26,2011_09_26_drive_0009_sync,0000000403,E:\monodepth_project\data\kitti\2011_09_26\2011_09_26_drive_0009_sync\image_02\data\0000000403.png,E:\monodepth_project\data\kitti\2011_09_26\2011_09_26_drive_0009_sync\velodyne_points\data\0000000407.bin,True,True,375,1242,123151
2011_09_26,2011_09_26_drive_0009_sync,0000000404,E:\monodepth_project\data\kitti\2011_09_26\2011_09_26_drive_0009_sync\image_02\data\0000000404.png,E:\monodepth_project\data\kitti\2011_09_26\2011_09_26_drive_0009_sync\velodyne_points\data\0000000408.bin,True,True,375,1242,122930
2011_09_26,2011_09_26_drive_0009_sync,0000000405,E:\monodepth_project\data\kitti\2011_09_26\2011_09_26_drive_0009_sync\image_02\data\0000000405.png,E:\monodepth_project\data\kitti\2011_09_26\2011_09_26_drive_0009_sync\velodyne_points\data\0000000409.bin,True,True,375,1242,122608
2011_09_26,2011_09_26_drive_0009_sync,0000000406,E:\monodepth_project\data\kitti\2011_09_26\2011_09_26_drive_0009_sync\image_02\data\0000000406.png,E:\monodepth_project\data\kitti\2011_09_26\2011_09_26_drive_0009_sync\velodyne_points\data\0000000410.bin,True,True,375,1242,122378
2011_09_26,2011_09_26_drive_0009_sync,0000000407,E:\monodepth_project\data\kitti\2011_09_26\2011_09_26_drive_0009_sync\image_02\data\0000000407.png,E:\monodepth_project\data\kitti\2011_09_26\2011_09_26_drive_0009_sync\velodyne_points\data\0000000411.bin,True,True,375,1242,122072
2011_09_26,2011_09_26_drive_0009_sync,0000000408,E:\monodepth_project\data\kitti\2011_09_26\2011_09_26_drive_0009_sync\image_02\data\0000000408.png,E:\monodepth_project\data\kitti\2011_09_26\2011_09_26_drive_0009_sync\velodyne_points\data\0000000412.bin,True,True,375,1242,121594
2011_09_26,2011_09_26_drive_0009_sync,0000000409,E:\monodepth_project\data\kitti\2011_09_26\2011_09_26_drive_0009_sync\image_02\data\0000000409.png,E:\monodepth_project\data\kitti\2011_09_26\2011_09_26_drive_0009_sync\velodyne_points\data\0000000413.bin,True,True,375,1242,121226
2011_09_26,2011_09_26_drive_0009_sync,0000000410,E:\monodepth_project\data\kitti\2011_09_26\2011_09_26_drive_0009_sync\image_02\data\0000000410.png,E:\monodepth_project\data\kitti\2011_09_26\2011_09_26_drive_0009_sync\velodyne_points\data\0000000414.bin,True,True,375,1242,120683
2011_09_26,2011_09_26_drive_0009_sync,0000000411,E:\monodepth_project\data\kitti\2011_09_26\2011_09_26_drive_0009_sync\image_02\data\0000000411.png,E:\monodepth_project\data\kitti\2011_09_26\2011_09_26_drive_0009_sync\velodyne_points\data\0000000415.bin,True,True,375,1242,120697
2011_09_26,2011_09_26_drive_0009_sync,0000000412,E:\monodepth_project\data\kitti\2011_09_26\2011_09_26_drive_0009_sync\image_02\data\0000000412.png,E:\monodepth_project\data\kitti\2011_09_26\2011_09_26_drive_0009_sync\velodyne_points\data\0000000416.bin,True,True,375,1242,120687
2011_09_26,2011_09_26_drive_0009_sync,0000000413,E:\monodepth_project\data\kitti\2011_09_26\2011_09_26_drive_0009_sync\image_02\data\0000000413.png,E:\monodepth_project\data\kitti\2011_09_26\2011_09_26_drive_0009_sync\velodyne_points\data\0000000417.bin,True,True,375,1242,120568
2011_09_26,2011_09_26_drive_0009_sync,0000000414,E:\monodepth_project\data\kitti\2011_09_26\2011_09_26_drive_0009_sync\image_02\data\0000000414.png,E:\monodepth_project\data\kitti\2011_09_26\2011_09_26_drive_0009_sync\velodyne_points\data\0000000418.bin,True,True,375,1242,120529
2011_09_26,2011_09_26_drive_0009_sync,0000000415,E:\monodepth_project\data\kitti\2011_09_26\2011_09_26_drive_0009_sync\image_02\data\0000000415.png,E:\monodepth_project\data\kitti\2011_09_26\2011_09_26_drive_0009_sync\velodyne_points\data\0000000419.bin,True,True,375,1242,120606
2011_09_26,2011_09_26_drive_0009_sync,0000000416,E:\monodepth_project\data\kitti\2011_09_26\2011_09_26_drive_0009_sync\image_02\data\0000000416.png,E:\monodepth_project\data\kitti\2011_09_26\2011_09_26_drive_0009_sync\velodyne_points\data\0000000420.bin,True,True,375,1242,120670
2011_09_26,2011_09_26_drive_0009_sync,0000000417,E:\monodepth_project\data\kitti\2011_09_26\2011_09_26_drive_0009_sync\image_02\data\0000000417.png,E:\monodepth_project\data\kitti\2011_09_26\2011_09_26_drive_0009_sync\velodyne_points\data\0000000421.bin,True,True,375,1242,120966
2011_09_26,2011_09_26_drive_0009_sync,0000000418,E:\monodepth_project\data\kitti\2011_09_26\2011_09_26_drive_0009_sync\image_02\data\0000000418.png,E:\monodepth_project\data\kitti\2011_09_26\2011_09_26_drive_0009_sync\velodyne_points\data\0000000422.bin,True,True,375,1242,121006
2011_09_26,2011_09_26_drive_0009_sync,0000000419,E:\monodepth_project\data\kitti\2011_09_26\2011_09_26_drive_0009_sync\image_02\data\0000000419.png,E:\monodepth_project\data\kitti\2011_09_26\2011_09_26_drive_0009_sync\velodyne_points\data\0000000423.bin,True,True,375,1242,121270
2011_09_26,2011_09_26_drive_0009_sync,0000000420,E:\monodepth_project\data\kitti\2011_09_26\2011_09_26_drive_0009_sync\image_02\data\0000000420.png,E:\monodepth_project\data\kitti\2011_09_26\2011_09_26_drive_0009_sync\velodyne_points\data\0000000424.bin,True,True,375,1242,121576
2011_09_26,2011_09_26_drive_0009_sync,0000000421,E:\monodepth_project\data\kitti\2011_09_26\2011_09_26_drive_0009_sync\image_02\data\0000000421.png,E:\monodepth_project\data\kitti\2011_09_26\2011_09_26_drive_0009_sync\velodyne_points\data\0000000425.bin,True,True,375,1242,121478
2011_09_26,2011_09_26_drive_0009_sync,0000000422,E:\monodepth_project\data\kitti\2011_09_26\2011_09_26_drive_0009_sync\image_02\data\0000000422.png,E:\monodepth_project\data\kitti\2011_09_26\2011_09_26_drive_0009_sync\velodyne_points\data\0000000426.bin,True,True,375,1242,121711
2011_09_26,2011_09_26_drive_0009_sync,0000000423,E:\monodepth_project\data\kitti\2011_09_26\2011_09_26_drive_0009_sync\image_02\data\0000000423.png,E:\monodepth_project\data\kitti\2011_09_26\2011_09_26_drive_0009_sync\velodyne_points\data\0000000427.bin,True,True,375,1242,121758
2011_09_26,2011_09_26_drive_0009_sync,0000000424,E:\monodepth_project\data\kitti\2011_09_26\2011_09_26_drive_0009_sync\image_02\data\0000000424.png,E:\monodepth_project\data\kitti\2011_09_26\2011_09_26_drive_0009_sync\velodyne_points\data\0000000428.bin,True,True,375,1242,122029
2011_09_26,2011_09_26_drive_0009_sync,0000000425,E:\monodepth_project\data\kitti\2011_09_26\2011_09_26_drive_0009_sync\image_02\data\0000000425.png,E:\monodepth_project\data\kitti\2011_09_26\2011_09_26_drive_0009_sync\velodyne_points\data\0000000429.bin,True,True,375,1242,122091
2011_09_26,2011_09_26_drive_0009_sync,0000000426,E:\monodepth_project\data\kitti\2011_09_26\2011_09_26_drive_0009_sync\image_02\data\0000000426.png,E:\monodepth_project\data\kitti\2011_09_26\2011_09_26_drive_0009_sync\velodyne_points\data\0000000430.bin,True,True,375,1242,122191
2011_09_26,2011_09_26_drive_0009_sync,0000000427,E:\monodepth_project\data\kitti\2011_09_26\2011_09_26_drive_0009_sync\image_02\data\0000000427.png,E:\monodepth_project\data\kitti\2011_09_26\2011_09_26_drive_0009_sync\velodyne_points\data\0000000431.bin,True,True,375,1242,122200
2011_09_26,2011_09_26_drive_0009_sync,0000000428,E:\monodepth_project\data\kitti\2011_09_26\2011_09_26_drive_0009_sync\image_02\data\0000000428.png,E:\monodepth_project\data\kitti\2011_09_26\2011_09_26_drive_0009_sync\velodyne_points\data\0000000432.bin,True,True,375,1242,122407
2011_09_26,2011_09_26_drive_0009_sync,0000000429,E:\monodepth_project\data\kitti\2011_09_26\2011_09_26_drive_0009_sync\image_02\data\0000000429.png,E:\monodepth_project\data\kitti\2011_09_26\2011_09_26_drive_0009_sync\velodyne_points\data\0000000433.bin,True,True,375,1242,122432
2011_09_26,2011_09_26_drive_0009_sync,0000000430,E:\monodepth_project\data\kitti\2011_09_26\2011_09_26_drive_0009_sync\image_02\data\0000000430.png,E:\monodepth_project\data\kitti\2011_09_26\2011_09_26_drive_0009_sync\velodyne_points\data\0000000434.bin,True,True,375,1242,122593
2011_09_26,2011_09_26_drive_0009_sync,0000000431,E:\monodepth_project\data\kitti\2011_09_26\2011_09_26_drive_0009_sync\image_02\data\0000000431.png,E:\monodepth_project\data\kitti\2011_09_26\2011_09_26_drive_0009_sync\velodyne_points\data\0000000435.bin,True,True,375,1242,122688
2011_09_26,2011_09_26_drive_0009_sync,0000000432,E:\monodepth_project\data\kitti\2011_09_26\2011_09_26_drive_0009_sync\image_02\data\0000000432.png,E:\monodepth_project\data\kitti\2011_09_26\2011_09_26_drive_0009_sync\velodyne_points\data\0000000436.bin,True,True,375,1242,122864
2011_09_26,2011_09_26_drive_0009_sync,0000000433,E:\monodepth_project\data\kitti\2011_09_26\2011_09_26_drive_0009_sync\image_02\data\0000000433.png,E:\monodepth_project\data\kitti\2011_09_26\2011_09_26_drive_0009_sync\velodyne_points\data\0000000437.bin,True,True,375,1242,123010
2011_09_26,2011_09_26_drive_0009_sync,0000000434,E:\monodepth_project\data\kitti\2011_09_26\2011_09_26_drive_0009_sync\image_02\data\0000000434.png,E:\monodepth_project\data\kitti\2011_09_26\2011_09_26_drive_0009_sync\velodyne_points\data\0000000438.bin,True,True,375,1242,123198
2011_09_26,2011_09_26_drive_0009_sync,0000000435,E:\monodepth_project\data\kitti\2011_09_26\2011_09_26_drive_0009_sync\image_02\data\0000000435.png,E:\monodepth_project\data\kitti\2011_09_26\2011_09_26_drive_0009_sync\velodyne_points\data\0000000439.bin,True,True,375,1242,123180
2011_09_26,2011_09_26_drive_0009_sync,0000000436,E:\monodepth_project\data\kitti\2011_09_26\2011_09_26_drive_0009_sync\image_02\data\0000000436.png,E:\monodepth_project\data\kitti\2011_09_26\2011_09_26_drive_0009_sync\velodyne_points\data\0000000440.bin,True,True,375,1242,123353
2011_09_26,2011_09_26_drive_0009_sync,0000000437,E:\monodepth_project\data\kitti\2011_09_26\2011_09_26_drive_0009_sync\image_02\data\0000000437.png,E:\monodepth_project\data\kitti\2011_09_26\2011_09_26_drive_0009_sync\velodyne_points\data\0000000441.bin,True,True,375,1242,123577
2011_09_26,2011_09_26_drive_0009_sync,0000000438,E:\monodepth_project\data\kitti\2011_09_26\2011_09_26_drive_0009_sync\image_02\data\0000000438.png,E:\monodepth_project\data\kitti\2011_09_26\2011_09_26_drive_0009_sync\velodyne_points\data\0000000442.bin,True,True,375,1242,123710
2011_09_26,2011_09_26_drive_0009_sync,0000000439,E:\monodepth_project\data\kitti\2011_09_26\2011_09_26_drive_0009_sync\image_02\data\0000000439.png,E:\monodepth_project\data\kitti\2011_09_26\2011_09_26_drive_0009_sync\velodyne_points\data\0000000443.bin,True,True,375,1242,123967
2011_09_26,2011_09_26_drive_0009_sync,0000000440,E:\monodepth_project\data\kitti\2011_09_26\2011_09_26_drive_0009_sync\image_02\data\0000000440.png,E:\monodepth_project\data\kitti\2011_09_26\2011_09_26_drive_0009_sync\velodyne_points\data\0000000444.bin,True,True,375,1242,124100
2011_09_26,2011_09_26_drive_0009_sync,0000000441,E:\monodepth_project\data\kitti\2011_09_26\2011_09_26_drive_0009_sync\image_02\data\0000000441.png,E:\monodepth_project\data\kitti\2011_09_26\2011_09_26_drive_0009_sync\velodyne_points\data\0000000445.bin,True,True,375,1242,124177
2011_09_26,2011_09_26_drive_0009_sync,0000000442,E:\monodepth_project\data\kitti\2011_09_26\2011_09_26_drive_0009_sync\image_02\data\0000000442.png,E:\monodepth_project\data\kitti\2011_09_26\2011_09_26_drive_0009_sync\velodyne_points\data\0000000446.bin,True,True,375,1242,124177
2011_09_26,2011_09_26_drive_0011_sync,0000000000,E:\monodepth_project\data\kitti\2011_09_26\2011_09_26_drive_0011_sync\image_02\data\0000000000.png,E:\monodepth_project\data\kitti\2011_09_26\2011_09_26_drive_0011_sync\velodyne_points\data\0000000000.bin,True,True,375,1242,121438
2011_09_26,2011_09_26_drive_0011_sync,0000000001,E:\monodepth_project\data\kitti\2011_09_26\2011_09_26_drive_0011_sync\image_02\data\0000000001.png,E:\monodepth_project\data\kitti\2011_09_26\2011_09_26_drive_0011_sync\velodyne_points\data\0000000001.bin,True,True,375,1242,121447
2011_09_26,2011_09_26_drive_0011_sync,0000000002,E:\monodepth_project\data\kitti\2011_09_26\2011_09_26_drive_0011_sync\image_02\data\0000000002.png,E:\monodepth_project\data\kitti\2011_09_26\2011_09_26_drive_0011_sync\velodyne_points\data\0000000002.bin,True,True,375,1242,121460
2011_09_26,2011_09_26_drive_0011_sync,0000000003,E:\monodepth_project\data\kitti\2011_09_26\2011_09_26_drive_0011_sync\image_02\data\0000000003.png,E:\monodepth_project\data\kitti\2011_09_26\2011_09_26_drive_0011_sync\velodyne_points\data\0000000003.bin,True,True,375,1242,121523
2011_09_26,2011_09_26_drive_0011_sync,0000000004,E:\monodepth_project\data\kitti\2011_09_26\2011_09_26_drive_0011_sync\image_02\data\0000000004.png,E:\monodepth_project\data\kitti\2011_09_26\2011_09_26_drive_0011_sync\velodyne_points\data\0000000004.bin,True,True,375,1242,121487
2011_09_26,2011_09_26_drive_0011_sync,0000000005,E:\monodepth_project\data\kitti\2011_09_26\2011_09_26_drive_0011_sync\image_02\data\0000000005.png,E:\monodepth_project\data\kitti\2011_09_26\2011_09_26_drive_0011_sync\velodyne_points\data\0000000005.bin,True,True,375,1242,121512
2011_09_26,2011_09_26_drive_0011_sync,0000000006,E:\monodepth_project\data\kitti\2011_09_26\2011_09_26_drive_0011_sync\image_02\data\0000000006.png,E:\monodepth_project\data\kitti\2011_09_26\2011_09_26_drive_0011_sync\velodyne_points\data\0000000006.bin,True,True,375,1242,121547
2011_09_26,2011_09_26_drive_0011_sync,0000000007,E:\monodepth_project\data\kitti\2011_09_26\2011_09_26_drive_0011_sync\image_02\data\0000000007.png,E:\monodepth_project\data\kitti\2011_09_26\2011_09_26_drive_0011_sync\velodyne_points\data\0000000007.bin,True,True,375,1242,121644
2011_09_26,2011_09_26_drive_0011_sync,0000000008,E:\monodepth_project\data\kitti\2011_09_26\2011_09_26_drive_0011_sync\image_02\data\0000000008.png,E:\monodepth_project\data\kitti\2011_09_26\2011_09_26_drive_0011_sync\velodyne_points\data\0000000008.bin,True,True,375,1242,121564
2011_09_26,2011_09_26_drive_0011_sync,0000000009,E:\monodepth_project\data\kitti\2011_09_26\2011_09_26_drive_0011_sync\image_02\data\0000000009.png,E:\monodepth_project\data\kitti\2011_09_26\2011_09_26_drive_0011_sync\velodyne_points\data\0000000009.bin,True,True,375,1242,121486
2011_09_26,2011_09_26_drive_0011_sync,0000000010,E:\monodepth_project\data\kitti\2011_09_26\2011_09_26_drive_0011_sync\image_02\data\0000000010.png,E:\monodepth_project\data\kitti\2011_09_26\2011_09_26_drive_0011_sync\velodyne_points\data\0000000010.bin,True,True,375,1242,121298
2011_09_26,2011_09_26_drive_0011_sync,0000000011,E:\monodepth_project\data\kitti\2011_09_26\2011_09_26_drive_0011_sync\image_02\data\0000000011.png,E:\monodepth_project\data\kitti\2011_09_26\2011_09_26_drive_0011_sync\velodyne_points\data\0000000011.bin,True,True,375,1242,121288
2011_09_26,2011_09_26_drive_0011_sync,0000000012,E:\monodepth_project\data\kitti\2011_09_26\2011_09_26_drive_0011_sync\image_02\data\0000000012.png,E:\monodepth_project\data\kitti\2011_09_26\2011_09_26_drive_0011_sync\velodyne_points\data\0000000012.bin,True,True,375,1242,121155
2011_09_26,2011_09_26_drive_0011_sync,0000000013,E:\monodepth_project\data\kitti\2011_09_26\2011_09_26_drive_0011_sync\image_02\data\0000000013.png,E:\monodepth_project\data\kitti\2011_09_26\2011_09_26_drive_0011_sync\velodyne_points\data\0000000013.bin,True,True,375,1242,121180
2011_09_26,2011_09_26_drive_0011_sync,0000000014,E:\monodepth_project\data\kitti\2011_09_26\2011_09_26_drive_0011_sync\image_02\data\0000000014.png,E:\monodepth_project\data\kitti\2011_09_26\2011_09_26_drive_0011_sync\velodyne_points\data\0000000014.bin,True,True,375,1242,120786
2011_09_26,2011_09_26_drive_0011_sync,0000000015,E:\monodepth_project\data\kitti\2011_09_26\2011_09_26_drive_0011_sync\image_02\data\0000000015.png,E:\monodepth_project\data\kitti\2011_09_26\2011_09_26_drive_0011_sync\velodyne_points\data\0000000015.bin,True,True,375,1242,120844
2011_09_26,2011_09_26_drive_0011_sync,0000000016,E:\monodepth_project\data\kitti\2011_09_26\2011_09_26_drive_0011_sync\image_02\data\0000000016.png,E:\monodepth_project\data\kitti\2011_09_26\2011_09_26_drive_0011_sync\velodyne_points\data\0000000016.bin,True,True,375,1242,120499
2011_09_26,2011_09_26_drive_0011_sync,0000000017,E:\monodepth_project\data\kitti\2011_09_26\2011_09_26_drive_0011_sync\image_02\data\0000000017.png,E:\monodepth_project\data\kitti\2011_09_26\2011_09_26_drive_0011_sync\velodyne_points\data\0000000017.bin,True,True,375,1242,120326
2011_09_26,2011_09_26_drive_0011_sync,0000000018,E:\monodepth_project\data\kitti\2011_09_26\2011_09_26_drive_0011_sync\image_02\data\0000000018.png,E:\monodepth_project\data\kitti\2011_09_26\2011_09_26_drive_0011_sync\velodyne_points\data\0000000018.bin,True,True,375,1242,120586
2011_09_26,2011_09_26_drive_0011_sync,0000000019,E:\monodepth_project\data\kitti\2011_09_26\2011_09_26_drive_0011_sync\image_02\data\0000000019.png,E:\monodepth_project\data\kitti\2011_09_26\2011_09_26_drive_0011_sync\velodyne_points\data\0000000019.bin,True,True,375,1242,120425
2011_09_26,2011_09_26_drive_0011_sync,0000000020,E:\monodepth_project\data\kitti\2011_09_26\2011_09_26_drive_0011_sync\image_02\data\0000000020.png,E:\monodepth_project\data\kitti\2011_09_26\2011_09_26_drive_0011_sync\velodyne_points\data\0000000020.bin,True,True,375,1242,120357
2011_09_26,2011_09_26_drive_0011_sync,0000000021,E:\monodepth_project\data\kitti\2011_09_26\2011_09_26_drive_0011_sync\image_02\data\0000000021.png,E:\monodepth_project\data\kitti\2011_09_26\2011_09_26_drive_0011_sync\velodyne_points\data\0000000021.bin,True,True,375,1242,120238
2011_09_26,2011_09_26_drive_0011_sync,0000000022,E:\monodepth_project\data\kitti\2011_09_26\2011_09_26_drive_0011_sync\image_02\data\0000000022.png,E:\monodepth_project\data\kitti\2011_09_26\2011_09_26_drive_0011_sync\velodyne_points\data\0000000022.bin,True,True,375,1242,119884
2011_09_26,2011_09_26_drive_0011_sync,0000000023,E:\monodepth_project\data\kitti\2011_09_26\2011_09_26_drive_0011_sync\image_02\data\0000000023.png,E:\monodepth_project\data\kitti\2011_09_26\2011_09_26_drive_0011_sync\velodyne_points\data\0000000023.bin,True,True,375,1242,120038
2011_09_26,2011_09_26_drive_0011_sync,0000000024,E:\monodepth_project\data\kitti\2011_09_26\2011_09_26_drive_0011_sync\image_02\data\0000000024.png,E:\monodepth_project\data\kitti\2011_09_26\2011_09_26_drive_0011_sync\velodyne_points\data\0000000024.bin,True,True,375,1242,119830
2011_09_26,2011_09_26_drive_0011_sync,0000000025,E:\monodepth_project\data\kitti\2011_09_26\2011_09_26_drive_0011_sync\image_02\data\0000000025.png,E:\monodepth_project\data\kitti\2011_09_26\2011_09_26_drive_0011_sync\velodyne_points\data\0000000025.bin,True,True,375,1242,119748
2011_09_26,2011_09_26_drive_0011_sync,0000000026,E:\monodepth_project\data\kitti\2011_09_26\2011_09_26_drive_0011_sync\image_02\data\0000000026.png,E:\monodepth_project\data\kitti\2011_09_26\2011_09_26_drive_0011_sync\velodyne_points\data\0000000026.bin,True,True,375,1242,119453
2011_09_26,2011_09_26_drive_0011_sync,0000000027,E:\monodepth_project\data\kitti\2011_09_26\2011_09_26_drive_0011_sync\image_02\data\0000000027.png,E:\monodepth_project\data\kitti\2011_09_26\2011_09_26_drive_0011_sync\velodyne_points\data\0000000027.bin,True,True,375,1242,119439
2011_09_26,2011_09_26_drive_0011_sync,0000000028,E:\monodepth_project\data\kitti\2011_09_26\2011_09_26_drive_0011_sync\image_02\data\0000000028.png,E:\monodepth_project\data\kitti\2011_09_26\2011_09_26_drive_0011_sync\velodyne_points\data\0000000028.bin,True,True,375,1242,119547
2011_09_26,2011_09_26_drive_0011_sync,0000000029,E:\monodepth_project\data\kitti\2011_09_26\2011_09_26_drive_0011_sync\image_02\data\0000000029.png,E:\monodepth_project\data\kitti\2011_09_26\2011_09_26_drive_0011_sync\velodyne_points\data\0000000029.bin,True,True,375,1242,119906
2011_09_26,2011_09_26_drive_0011_sync,0000000030,E:\monodepth_project\data\kitti\2011_09_26\2011_09_26_drive_0011_sync\image_02\data\0000000030.png,E:\monodepth_project\data\kitti\2011_09_26\2011_09_26_drive_0011_sync\velodyne_points\data\0000000030.bin,True,True,375,1242,119559
2011_09_26,2011_09_26_drive_0011_sync,0000000031,E:\monodepth_project\data\kitti\2011_09_26\2011_09_26_drive_0011_sync\image_02\data\0000000031.png,E:\monodepth_project\data\kitti\2011_09_26\2011_09_26_drive_0011_sync\velodyne_points\data\0000000031.bin,True,True,375,1242,119304
2011_09_26,2011_09_26_drive_0011_sync,0000000032,E:\monodepth_project\data\kitti\2011_09_26\2011_09_26_drive_0011_sync\image_02\data\0000000032.png,E:\monodepth_project\data\kitti\2011_09_26\2011_09_26_drive_0011_sync\velodyne_points\data\0000000032.bin,True,True,375,1242,119141
2011_09_26,2011_09_26_drive_0011_sync,0000000033,E:\monodepth_project\data\kitti\2011_09_26\2011_09_26_drive_0011_sync\image_02\data\0000000033.png,E:\monodepth_project\data\kitti\2011_09_26\2011_09_26_drive_0011_sync\velodyne_points\data\0000000033.bin,True,True,375,1242,118961
2011_09_26,2011_09_26_drive_0011_sync,0000000034,E:\monodepth_project\data\kitti\2011_09_26\2011_09_26_drive_0011_sync\image_02\data\0000000034.png,E:\monodepth_project\data\kitti\2011_09_26\2011_09_26_drive_0011_sync\velodyne_points\data\0000000034.bin,True,True,375,1242,118848
2011_09_26,2011_09_26_drive_0011_sync,0000000035,E:\monodepth_project\data\kitti\2011_09_26\2011_09_26_drive_0011_sync\image_02\data\0000000035.png,E:\monodepth_project\data\kitti\2011_09_26\2011_09_26_drive_0011_sync\velodyne_points\data\0000000035.bin,True,True,375,1242,118619
2011_09_26,2011_09_26_drive_0011_sync,0000000036,E:\monodepth_project\data\kitti\2011_09_26\2011_09_26_drive_0011_sync\image_02\data\0000000036.png,E:\monodepth_project\data\kitti\2011_09_26\2011_09_26_drive_0011_sync\velodyne_points\data\0000000036.bin,True,True,375,1242,118683
2011_09_26,2011_09_26_drive_0011_sync,0000000037,E:\monodepth_project\data\kitti\2011_09_26\2011_09_26_drive_0011_sync\image_02\data\0000000037.png,E:\monodepth_project\data\kitti\2011_09_26\2011_09_26_drive_0011_sync\velodyne_points\data\0000000037.bin,True,True,375,1242,118678
2011_09_26,2011_09_26_drive_0011_sync,0000000038,E:\monodepth_project\data\kitti\2011_09_26\2011_09_26_drive_0011_sync\image_02\data\0000000038.png,E:\monodepth_project\data\kitti\2011_09_26\2011_09_26_drive_0011_sync\velodyne_points\data\0000000038.bin,True,True,375,1242,118679
2011_09_26,2011_09_26_drive_0011_sync,0000000039,E:\monodepth_project\data\kitti\2011_09_26\2011_09_26_drive_0011_sync\image_02\data\0000000039.png,E:\monodepth_project\data\kitti\2011_09_26\2011_09_26_drive_0011_sync\velodyne_points\data\0000000039.bin,True,True,375,1242,118328
2011_09_26,2011_09_26_drive_0011_sync,0000000040,E:\monodepth_project\data\kitti\2011_09_26\2011_09_26_drive_0011_sync\image_02\data\0000000040.png,E:\monodepth_project\data\kitti\2011_09_26\2011_09_26_drive_0011_sync\velodyne_points\data\0000000040.bin,True,True,375,1242,118287
2011_09_26,2011_09_26_drive_0011_sync,0000000041,E:\monodepth_project\data\kitti\2011_09_26\2011_09_26_drive_0011_sync\image_02\data\0000000041.png,E:\monodepth_project\data\kitti\2011_09_26\2011_09_26_drive_0011_sync\velodyne_points\data\0000000041.bin,True,True,375,1242,118464
2011_09_26,2011_09_26_drive_0011_sync,0000000042,E:\monodepth_project\data\kitti\2011_09_26\2011_09_26_drive_0011_sync\image_02\data\0000000042.png,E:\monodepth_project\data\kitti\2011_09_26\2011_09_26_drive_0011_sync\velodyne_points\data\0000000042.bin,True,True,375,1242,118236
2011_09_26,2011_09_26_drive_0011_sync,0000000043,E:\monodepth_project\data\kitti\2011_09_26\2011_09_26_drive_0011_sync\image_02\data\0000000043.png,E:\monodepth_project\data\kitti\2011_09_26\2011_09_26_drive_0011_sync\velodyne_points\data\0000000043.bin,True,True,375,1242,118207
2011_09_26,2011_09_26_drive_0011_sync,0000000044,E:\monodepth_project\data\kitti\2011_09_26\2011_09_26_drive_0011_sync\image_02\data\0000000044.png,E:\monodepth_project\data\kitti\2011_09_26\2011_09_26_drive_0011_sync\velodyne_points\data\0000000044.bin,True,True,375,1242,118216
2011_09_26,2011_09_26_drive_0011_sync,0000000045,E:\monodepth_project\data\kitti\2011_09_26\2011_09_26_drive_0011_sync\image_02\data\0000000045.png,E:\monodepth_project\data\kitti\2011_09_26\2011_09_26_drive_0011_sync\velodyne_points\data\0000000045.bin,True,True,375,1242,118203
2011_09_26,2011_09_26_drive_0011_sync,0000000046,E:\monodepth_project\data\kitti\2011_09_26\2011_09_26_drive_0011_sync\image_02\data\0000000046.png,E:\monodepth_project\data\kitti\2011_09_26\2011_09_26_drive_0011_sync\velodyne_points\data\0000000046.bin,True,True,375,1242,118043
2011_09_26,2011_09_26_drive_0011_sync,0000000047,E:\monodepth_project\data\kitti\2011_09_26\2011_09_26_drive_0011_sync\image_02\data\0000000047.png,E:\monodepth_project\data\kitti\2011_09_26\2011_09_26_drive_0011_sync\velodyne_points\data\0000000047.bin,True,True,375,1242,118039
2011_09_26,2011_09_26_drive_0011_sync,0000000048,E:\monodepth_project\data\kitti\2011_09_26\2011_09_26_drive_0011_sync\image_02\data\0000000048.png,E:\monodepth_project\data\kitti\2011_09_26\2011_09_26_drive_0011_sync\velodyne_points\data\0000000048.bin,True,True,375,1242,117699
2011_09_26,2011_09_26_drive_0011_sync,0000000049,E:\monodepth_project\data\kitti\2011_09_26\2011_09_26_drive_0011_sync\image_02\data\0000000049.png,E:\monodepth_project\data\kitti\2011_09_26\2011_09_26_drive_0011_sync\velodyne_points\data\0000000049.bin,True,True,375,1242,117704
2011_09_26,2011_09_26_drive_0011_sync,0000000050,E:\monodepth_project\data\kitti\2011_09_26\2011_09_26_drive_0011_sync\image_02\data\0000000050.png,E:\monodepth_project\data\kitti\2011_09_26\2011_09_26_drive_0011_sync\velodyne_points\data\0000000050.bin,True,True,375,1242,117676
2011_09_26,2011_09_26_drive_0011_sync,0000000051,E:\monodepth_project\data\kitti\2011_09_26\2011_09_26_drive_0011_sync\image_02\data\0000000051.png,E:\monodepth_project\data\kitti\2011_09_26\2011_09_26_drive_0011_sync\velodyne_points\data\0000000051.bin,True,True,375,1242,117603
2011_09_26,2011_09_26_drive_0011_sync,0000000052,E:\monodepth_project\data\kitti\2011_09_26\2011_09_26_drive_0011_sync\image_02\data\0000000052.png,E:\monodepth_project\data\kitti\2011_09_26\2011_09_26_drive_0011_sync\velodyne_points\data\0000000052.bin,True,True,375,1242,117530
2011_09_26,2011_09_26_drive_0011_sync,0000000053,E:\monodepth_project\data\kitti\2011_09_26\2011_09_26_drive_0011_sync\image_02\data\0000000053.png,E:\monodepth_project\data\kitti\2011_09_26\2011_09_26_drive_0011_sync\velodyne_points\data\0000000053.bin,True,True,375,1242,117426
2011_09_26,2011_09_26_drive_0011_sync,0000000054,E:\monodepth_project\data\kitti\2011_09_26\2011_09_26_drive_0011_sync\image_02\data\0000000054.png,E:\monodepth_project\data\kitti\2011_09_26\2011_09_26_drive_0011_sync\velodyne_points\data\0000000054.bin,True,True,375,1242,117423
2011_09_26,2011_09_26_drive_0011_sync,0000000055,E:\monodepth_project\data\kitti\2011_09_26\2011_09_26_drive_0011_sync\image_02\data\0000000055.png,E:\monodepth_project\data\kitti\2011_09_26\2011_09_26_drive_0011_sync\velodyne_points\data\0000000055.bin,True,True,375,1242,117266
2011_09_26,2011_09_26_drive_0011_sync,0000000056,E:\monodepth_project\data\kitti\2011_09_26\2011_09_26_drive_0011_sync\image_02\data\0000000056.png,E:\monodepth_project\data\kitti\2011_09_26\2011_09_26_drive_0011_sync\velodyne_points\data\0000000056.bin,True,True,375,1242,117359
2011_09_26,2011_09_26_drive_0011_sync,0000000057,E:\monodepth_project\data\kitti\2011_09_26\2011_09_26_drive_0011_sync\image_02\data\0000000057.png,E:\monodepth_project\data\kitti\2011_09_26\2011_09_26_drive_0011_sync\velodyne_points\data\0000000057.bin,True,True,375,1242,117236
2011_09_26,2011_09_26_drive_0011_sync,0000000058,E:\monodepth_project\data\kitti\2011_09_26\2011_09_26_drive_0011_sync\image_02\data\0000000058.png,E:\monodepth_project\data\kitti\2011_09_26\2011_09_26_drive_0011_sync\velodyne_points\data\0000000058.bin,True,True,375,1242,117148
2011_09_26,2011_09_26_drive_0011_sync,0000000059,E:\monodepth_project\data\kitti\2011_09_26\2011_09_26_drive_0011_sync\image_02\data\0000000059.png,E:\monodepth_project\data\kitti\2011_09_26\2011_09_26_drive_0011_sync\velodyne_points\data\0000000059.bin,True,True,375,1242,117202
2011_09_26,2011_09_26_drive_0011_sync,0000000060,E:\monodepth_project\data\kitti\2011_09_26\2011_09_26_drive_0011_sync\image_02\data\0000000060.png,E:\monodepth_project\data\kitti\2011_09_26\2011_09_26_drive_0011_sync\velodyne_points\data\0000000060.bin,True,True,375,1242,117226
2011_09_26,2011_09_26_drive_0011_sync,0000000061,E:\monodepth_project\data\kitti\2011_09_26\2011_09_26_drive_0011_sync\image_02\data\0000000061.png,E:\monodepth_project\data\kitti\2011_09_26\2011_09_26_drive_0011_sync\velodyne_points\data\0000000061.bin,True,True,375,1242,117256
2011_09_26,2011_09_26_drive_0011_sync,0000000062,E:\monodepth_project\data\kitti\2011_09_26\2011_09_26_drive_0011_sync\image_02\data\0000000062.png,E:\monodepth_project\data\kitti\2011_09_26\2011_09_26_drive_0011_sync\velodyne_points\data\0000000062.bin,True,True,375,1242,117260
2011_09_26,2011_09_26_drive_0011_sync,0000000063,E:\monodepth_project\data\kitti\2011_09_26\2011_09_26_drive_0011_sync\image_02\data\0000000063.png,E:\monodepth_project\data\kitti\2011_09_26\2011_09_26_drive_0011_sync\velodyne_points\data\0000000063.bin,True,True,375,1242,117086
2011_09_26,2011_09_26_drive_0011_sync,0000000064,E:\monodepth_project\data\kitti\2011_09_26\2011_09_26_drive_0011_sync\image_02\data\0000000064.png,E:\monodepth_project\data\kitti\2011_09_26\2011_09_26_drive_0011_sync\velodyne_points\data\0000000064.bin,True,True,375,1242,116993
2011_09_26,2011_09_26_drive_0011_sync,0000000065,E:\monodepth_project\data\kitti\2011_09_26\2011_09_26_drive_0011_sync\image_02\data\0000000065.png,E:\monodepth_project\data\kitti\2011_09_26\2011_09_26_drive_0011_sync\velodyne_points\data\0000000065.bin,True,True,375,1242,116737
2011_09_26,2011_09_26_drive_0011_sync,0000000066,E:\monodepth_project\data\kitti\2011_09_26\2011_09_26_drive_0011_sync\image_02\data\0000000066.png,E:\monodepth_project\data\kitti\2011_09_26\2011_09_26_drive_0011_sync\velodyne_points\data\0000000066.bin,True,True,375,1242,116511
2011_09_26,2011_09_26_drive_0011_sync,0000000067,E:\monodepth_project\data\kitti\2011_09_26\2011_09_26_drive_0011_sync\image_02\data\0000000067.png,E:\monodepth_project\data\kitti\2011_09_26\2011_09_26_drive_0011_sync\velodyne_points\data\0000000067.bin,True,True,375,1242,116268
2011_09_26,2011_09_26_drive_0011_sync,0000000068,E:\monodepth_project\data\kitti\2011_09_26\2011_09_26_drive_0011_sync\image_02\data\0000000068.png,E:\monodepth_project\data\kitti\2011_09_26\2011_09_26_drive_0011_sync\velodyne_points\data\0000000068.bin,True,True,375,1242,116282
2011_09_26,2011_09_26_drive_0011_sync,0000000069,E:\monodepth_project\data\kitti\2011_09_26\2011_09_26_drive_0011_sync\image_02\data\0000000069.png,E:\monodepth_project\data\kitti\2011_09_26\2011_09_26_drive_0011_sync\velodyne_points\data\0000000069.bin,True,True,375,1242,116092
2011_09_26,2011_09_26_drive_0011_sync,0000000070,E:\monodepth_project\data\kitti\2011_09_26\2011_09_26_drive_0011_sync\image_02\data\0000000070.png,E:\monodepth_project\data\kitti\2011_09_26\2011_09_26_drive_0011_sync\velodyne_points\data\0000000070.bin,True,True,375,1242,115783
2011_09_26,2011_09_26_drive_0011_sync,0000000071,E:\monodepth_project\data\kitti\2011_09_26\2011_09_26_drive_0011_sync\image_02\data\0000000071.png,E:\monodepth_project\data\kitti\2011_09_26\2011_09_26_drive_0011_sync\velodyne_points\data\0000000071.bin,True,True,375,1242,115469
2011_09_26,2011_09_26_drive_0011_sync,0000000072,E:\monodepth_project\data\kitti\2011_09_26\2011_09_26_drive_0011_sync\image_02\data\0000000072.png,E:\monodepth_project\data\kitti\2011_09_26\2011_09_26_drive_0011_sync\velodyne_points\data\0000000072.bin,True,True,375,1242,115023
2011_09_26,2011_09_26_drive_0011_sync,0000000073,E:\monodepth_project\data\kitti\2011_09_26\2011_09_26_drive_0011_sync\image_02\data\0000000073.png,E:\monodepth_project\data\kitti\2011_09_26\2011_09_26_drive_0011_sync\velodyne_points\data\0000000073.bin,True,True,375,1242,114519
2011_09_26,2011_09_26_drive_0011_sync,0000000074,E:\monodepth_project\data\kitti\2011_09_26\2011_09_26_drive_0011_sync\image_02\data\0000000074.png,E:\monodepth_project\data\kitti\2011_09_26\2011_09_26_drive_0011_sync\velodyne_points\data\0000000074.bin,True,True,375,1242,114249
2011_09_26,2011_09_26_drive_0011_sync,0000000075,E:\monodepth_project\data\kitti\2011_09_26\2011_09_26_drive_0011_sync\image_02\data\0000000075.png,E:\monodepth_project\data\kitti\2011_09_26\2011_09_26_drive_0011_sync\velodyne_points\data\0000000075.bin,True,True,375,1242,113859
2011_09_26,2011_09_26_drive_0011_sync,0000000076,E:\monodepth_project\data\kitti\2011_09_26\2011_09_26_drive_0011_sync\image_02\data\0000000076.png,E:\monodepth_project\data\kitti\2011_09_26\2011_09_26_drive_0011_sync\velodyne_points\data\0000000076.bin,True,True,375,1242,114046
2011_09_26,2011_09_26_drive_0011_sync,0000000077,E:\monodepth_project\data\kitti\2011_09_26\2011_09_26_drive_0011_sync\image_02\data\0000000077.png,E:\monodepth_project\data\kitti\2011_09_26\2011_09_26_drive_0011_sync\velodyne_points\data\0000000077.bin,True,True,375,1242,114045
2011_09_26,2011_09_26_drive_0011_sync,0000000078,E:\monodepth_project\data\kitti\2011_09_26\2011_09_26_drive_0011_sync\image_02\data\0000000078.png,E:\monodepth_project\data\kitti\2011_09_26\2011_09_26_drive_0011_sync\velodyne_points\data\0000000078.bin,True,True,375,1242,114131
2011_09_26,2011_09_26_drive_0011_sync,0000000079,E:\monodepth_project\data\kitti\2011_09_26\2011_09_26_drive_0011_sync\image_02\data\0000000079.png,E:\monodepth_project\data\kitti\2011_09_26\2011_09_26_drive_0011_sync\velodyne_points\data\0000000079.bin,True,True,375,1242,114037
2011_09_26,2011_09_26_drive_0011_sync,0000000080,E:\monodepth_project\data\kitti\2011_09_26\2011_09_26_drive_0011_sync\image_02\data\0000000080.png,E:\monodepth_project\data\kitti\2011_09_26\2011_09_26_drive_0011_sync\velodyne_points\data\0000000080.bin,True,True,375,1242,113836
2011_09_26,2011_09_26_drive_0011_sync,0000000081,E:\monodepth_project\data\kitti\2011_09_26\2011_09_26_drive_0011_sync\image_02\data\0000000081.png,E:\monodepth_project\data\kitti\2011_09_26\2011_09_26_drive_0011_sync\velodyne_points\data\0000000081.bin,True,True,375,1242,113674
2011_09_26,2011_09_26_drive_0011_sync,0000000082,E:\monodepth_project\data\kitti\2011_09_26\2011_09_26_drive_0011_sync\image_02\data\0000000082.png,E:\monodepth_project\data\kitti\2011_09_26\2011_09_26_drive_0011_sync\velodyne_points\data\0000000082.bin,True,True,375,1242,113526
2011_09_26,2011_09_26_drive_0011_sync,0000000083,E:\monodepth_project\data\kitti\2011_09_26\2011_09_26_drive_0011_sync\image_02\data\0000000083.png,E:\monodepth_project\data\kitti\2011_09_26\2011_09_26_drive_0011_sync\velodyne_points\data\0000000083.bin,True,True,375,1242,113457
2011_09_26,2011_09_26_drive_0011_sync,0000000084,E:\monodepth_project\data\kitti\2011_09_26\2011_09_26_drive_0011_sync\image_02\data\0000000084.png,E:\monodepth_project\data\kitti\2011_09_26\2011_09_26_drive_0011_sync\velodyne_points\data\0000000084.bin,True,True,375,1242,113331
2011_09_26,2011_09_26_drive_0011_sync,0000000085,E:\monodepth_project\data\kitti\2011_09_26\2011_09_26_drive_0011_sync\image_02\data\0000000085.png,E:\monodepth_project\data\kitti\2011_09_26\2011_09_26_drive_0011_sync\velodyne_points\data\0000000085.bin,True,True,375,1242,113272
2011_09_26,2011_09_26_drive_0011_sync,0000000086,E:\monodepth_project\data\kitti\2011_09_26\2011_09_26_drive_0011_sync\image_02\data\0000000086.png,E:\monodepth_project\data\kitti\2011_09_26\2011_09_26_drive_0011_sync\velodyne_points\data\0000000086.bin,True,True,375,1242,113011
2011_09_26,2011_09_26_drive_0011_sync,0000000087,E:\monodepth_project\data\kitti\2011_09_26\2011_09_26_drive_0011_sync\image_02\data\0000000087.png,E:\monodepth_project\data\kitti\2011_09_26\2011_09_26_drive_0011_sync\velodyne_points\data\0000000087.bin,True,True,375,1242,112979
2011_09_26,2011_09_26_drive_0011_sync,0000000088,E:\monodepth_project\data\kitti\2011_09_26\2011_09_26_drive_0011_sync\image_02\data\0000000088.png,E:\monodepth_project\data\kitti\2011_09_26\2011_09_26_drive_0011_sync\velodyne_points\data\0000000088.bin,True,True,375,1242,112831
2011_09_26,2011_09_26_drive_0011_sync,0000000089,E:\monodepth_project\data\kitti\2011_09_26\2011_09_26_drive_0011_sync\image_02\data\0000000089.png,E:\monodepth_project\data\kitti\2011_09_26\2011_09_26_drive_0011_sync\velodyne_points\data\0000000089.bin,True,True,375,1242,112875
2011_09_26,2011_09_26_drive_0011_sync,0000000090,E:\monodepth_project\data\kitti\2011_09_26\2011_09_26_drive_0011_sync\image_02\data\0000000090.png,E:\monodepth_project\data\kitti\2011_09_26\2011_09_26_drive_0011_sync\velodyne_points\data\0000000090.bin,True,True,375,1242,112679
2011_09_26,2011_09_26_drive_0011_sync,0000000091,E:\monodepth_project\data\kitti\2011_09_26\2011_09_26_drive_0011_sync\image_02\data\0000000091.png,E:\monodepth_project\data\kitti\2011_09_26\2011_09_26_drive_0011_sync\velodyne_points\data\0000000091.bin,True,True,375,1242,112629
2011_09_26,2011_09_26_drive_0011_sync,0000000092,E:\monodepth_project\data\kitti\2011_09_26\2011_09_26_drive_0011_sync\image_02\data\0000000092.png,E:\monodepth_project\data\kitti\2011_09_26\2011_09_26_drive_0011_sync\velodyne_points\data\0000000092.bin,True,True,375,1242,112376
2011_09_26,2011_09_26_drive_0011_sync,0000000093,E:\monodepth_project\data\kitti\2011_09_26\2011_09_26_drive_0011_sync\image_02\data\0000000093.png,E:\monodepth_project\data\kitti\2011_09_26\2011_09_26_drive_0011_sync\velodyne_points\data\0000000093.bin,True,True,375,1242,112387
2011_09_26,2011_09_26_drive_0011_sync,0000000094,E:\monodepth_project\data\kitti\2011_09_26\2011_09_26_drive_0011_sync\image_02\data\0000000094.png,E:\monodepth_project\data\kitti\2011_09_26\2011_09_26_drive_0011_sync\velodyne_points\data\0000000094.bin,True,True,375,1242,112170
2011_09_26,2011_09_26_drive_0011_sync,0000000095,E:\monodepth_project\data\kitti\2011_09_26\2011_09_26_drive_0011_sync\image_02\data\0000000095.png,E:\monodepth_project\data\kitti\2011_09_26\2011_09_26_drive_0011_sync\velodyne_points\data\0000000095.bin,True,True,375,1242,111963
2011_09_26,2011_09_26_drive_0011_sync,0000000096,E:\monodepth_project\data\kitti\2011_09_26\2011_09_26_drive_0011_sync\image_02\data\0000000096.png,E:\monodepth_project\data\kitti\2011_09_26\2011_09_26_drive_0011_sync\velodyne_points\data\0000000096.bin,True,True,375,1242,111904
2011_09_26,2011_09_26_drive_0011_sync,0000000097,E:\monodepth_project\data\kitti\2011_09_26\2011_09_26_drive_0011_sync\image_02\data\0000000097.png,E:\monodepth_project\data\kitti\2011_09_26\2011_09_26_drive_0011_sync\velodyne_points\data\0000000097.bin,True,True,375,1242,111720
2011_09_26,2011_09_26_drive_0011_sync,0000000098,E:\monodepth_project\data\kitti\2011_09_26\2011_09_26_drive_0011_sync\image_02\data\0000000098.png,E:\monodepth_project\data\kitti\2011_09_26\2011_09_26_drive_0011_sync\velodyne_points\data\0000000098.bin,True,True,375,1242,111605
2011_09_26,2011_09_26_drive_0011_sync,0000000099,E:\monodepth_project\data\kitti\2011_09_26\2011_09_26_drive_0011_sync\image_02\data\0000000099.png,E:\monodepth_project\data\kitti\2011_09_26\2011_09_26_drive_0011_sync\velodyne_points\data\0000000099.bin,True,True,375,1242,111442
2011_09_26,2011_09_26_drive_0011_sync,0000000100,E:\monodepth_project\data\kitti\2011_09_26\2011_09_26_drive_0011_sync\image_02\data\0000000100.png,E:\monodepth_project\data\kitti\2011_09_26\2011_09_26_drive_0011_sync\velodyne_points\data\0000000100.bin,True,True,375,1242,111157
2011_09_26,2011_09_26_drive_0011_sync,0000000101,E:\monodepth_project\data\kitti\2011_09_26\2011_09_26_drive_0011_sync\image_02\data\0000000101.png,E:\monodepth_project\data\kitti\2011_09_26\2011_09_26_drive_0011_sync\velodyne_points\data\0000000101.bin,True,True,375,1242,111086
2011_09_26,2011_09_26_drive_0011_sync,0000000102,E:\monodepth_project\data\kitti\2011_09_26\2011_09_26_drive_0011_sync\image_02\data\0000000102.png,E:\monodepth_project\data\kitti\2011_09_26\2011_09_26_drive_0011_sync\velodyne_points\data\0000000102.bin,True,True,375,1242,111047
2011_09_26,2011_09_26_drive_0011_sync,0000000103,E:\monodepth_project\data\kitti\2011_09_26\2011_09_26_drive_0011_sync\image_02\data\0000000103.png,E:\monodepth_project\data\kitti\2011_09_26\2011_09_26_drive_0011_sync\velodyne_points\data\0000000103.bin,True,True,375,1242,111009
2011_09_26,2011_09_26_drive_0011_sync,0000000104,E:\monodepth_project\data\kitti\2011_09_26\2011_09_26_drive_0011_sync\image_02\data\0000000104.png,E:\monodepth_project\data\kitti\2011_09_26\2011_09_26_drive_0011_sync\velodyne_points\data\0000000104.bin,True,True,375,1242,110819
2011_09_26,2011_09_26_drive_0011_sync,0000000105,E:\monodepth_project\data\kitti\2011_09_26\2011_09_26_drive_0011_sync\image_02\data\0000000105.png,E:\monodepth_project\data\kitti\2011_09_26\2011_09_26_drive_0011_sync\velodyne_points\data\0000000105.bin,True,True,375,1242,110655
2011_09_26,2011_09_26_drive_0011_sync,0000000106,E:\monodepth_project\data\kitti\2011_09_26\2011_09_26_drive_0011_sync\image_02\data\0000000106.png,E:\monodepth_project\data\kitti\2011_09_26\2011_09_26_drive_0011_sync\velodyne_points\data\0000000106.bin,True,True,375,1242,110434
2011_09_26,2011_09_26_drive_0011_sync,0000000107,E:\monodepth_project\data\kitti\2011_09_26\2011_09_26_drive_0011_sync\image_02\data\0000000107.png,E:\monodepth_project\data\kitti\2011_09_26\2011_09_26_drive_0011_sync\velodyne_points\data\0000000107.bin,True,True,375,1242,110077
2011_09_26,2011_09_26_drive_0011_sync,0000000108,E:\monodepth_project\data\kitti\2011_09_26\2011_09_26_drive_0011_sync\image_02\data\0000000108.png,E:\monodepth_project\data\kitti\2011_09_26\2011_09_26_drive_0011_sync\velodyne_points\data\0000000108.bin,True,True,375,1242,109769
2011_09_26,2011_09_26_drive_0011_sync,0000000109,E:\monodepth_project\data\kitti\2011_09_26\2011_09_26_drive_0011_sync\image_02\data\0000000109.png,E:\monodepth_project\data\kitti\2011_09_26\2011_09_26_drive_0011_sync\velodyne_points\data\0000000109.bin,True,True,375,1242,109492
2011_09_26,2011_09_26_drive_0011_sync,0000000110,E:\monodepth_project\data\kitti\2011_09_26\2011_09_26_drive_0011_sync\image_02\data\0000000110.png,E:\monodepth_project\data\kitti\2011_09_26\2011_09_26_drive_0011_sync\velodyne_points\data\0000000110.bin,True,True,375,1242,109224
2011_09_26,2011_09_26_drive_0011_sync,0000000111,E:\monodepth_project\data\kitti\2011_09_26\2011_09_26_drive_0011_sync\image_02\data\0000000111.png,E:\monodepth_project\data\kitti\2011_09_26\2011_09_26_drive_0011_sync\velodyne_points\data\0000000111.bin,True,True,375,1242,108943
2011_09_26,2011_09_26_drive_0011_sync,0000000112,E:\monodepth_project\data\kitti\2011_09_26\2011_09_26_drive_0011_sync\image_02\data\0000000112.png,E:\monodepth_project\data\kitti\2011_09_26\2011_09_26_drive_0011_sync\velodyne_points\data\0000000112.bin,True,True,375,1242,108557
2011_09_26,2011_09_26_drive_0011_sync,0000000113,E:\monodepth_project\data\kitti\2011_09_26\2011_09_26_drive_0011_sync\image_02\data\0000000113.png,E:\monodepth_project\data\kitti\2011_09_26\2011_09_26_drive_0011_sync\velodyne_points\data\0000000113.bin,True,True,375,1242,108440
2011_09_26,2011_09_26_drive_0011_sync,0000000114,E:\monodepth_project\data\kitti\2011_09_26\2011_09_26_drive_0011_sync\image_02\data\0000000114.png,E:\monodepth_project\data\kitti\2011_09_26\2011_09_26_drive_0011_sync\velodyne_points\data\0000000114.bin,True,True,375,1242,108397
2011_09_26,2011_09_26_drive_0011_sync,0000000115,E:\monodepth_project\data\kitti\2011_09_26\2011_09_26_drive_0011_sync\image_02\data\0000000115.png,E:\monodepth_project\data\kitti\2011_09_26\2011_09_26_drive_0011_sync\velodyne_points\data\0000000115.bin,True,True,375,1242,108371
2011_09_26,2011_09_26_drive_0011_sync,0000000116,E:\monodepth_project\data\kitti\2011_09_26\2011_09_26_drive_0011_sync\image_02\data\0000000116.png,E:\monodepth_project\data\kitti\2011_09_26\2011_09_26_drive_0011_sync\velodyne_points\data\0000000116.bin,True,True,375,1242,108418
2011_09_26,2011_09_26_drive_0011_sync,0000000117,E:\monodepth_project\data\kitti\2011_09_26\2011_09_26_drive_0011_sync\image_02\data\0000000117.png,E:\monodepth_project\data\kitti\2011_09_26\2011_09_26_drive_0011_sync\velodyne_points\data\0000000117.bin,True,True,375,1242,108573
2011_09_26,2011_09_26_drive_0011_sync,0000000118,E:\monodepth_project\data\kitti\2011_09_26\2011_09_26_drive_0011_sync\image_02\data\0000000118.png,E:\monodepth_project\data\kitti\2011_09_26\2011_09_26_drive_0011_sync\velodyne_points\data\0000000118.bin,True,True,375,1242,108786
2011_09_26,2011_09_26_drive_0011_sync,0000000119,E:\monodepth_project\data\kitti\2011_09_26\2011_09_26_drive_0011_sync\image_02\data\0000000119.png,E:\monodepth_project\data\kitti\2011_09_26\2011_09_26_drive_0011_sync\velodyne_points\data\0000000119.bin,True,True,375,1242,108874
2011_09_26,2011_09_26_drive_0011_sync,0000000120,E:\monodepth_project\data\kitti\2011_09_26\2011_09_26_drive_0011_sync\image_02\data\0000000120.png,E:\monodepth_project\data\kitti\2011_09_26\2011_09_26_drive_0011_sync\velodyne_points\data\0000000120.bin,True,True,375,1242,108979
2011_09_26,2011_09_26_drive_0011_sync,0000000121,E:\monodepth_project\data\kitti\2011_09_26\2011_09_26_drive_0011_sync\image_02\data\0000000121.png,E:\monodepth_project\data\kitti\2011_09_26\2011_09_26_drive_0011_sync\velodyne_points\data\0000000121.bin,True,True,375,1242,109193
2011_09_26,2011_09_26_drive_0011_sync,0000000122,E:\monodepth_project\data\kitti\2011_09_26\2011_09_26_drive_0011_sync\image_02\data\0000000122.png,E:\monodepth_project\data\kitti\2011_09_26\2011_09_26_drive_0011_sync\velodyne_points\data\0000000122.bin,True,True,375,1242,109420
2011_09_26,2011_09_26_drive_0011_sync,0000000123,E:\monodepth_project\data\kitti\2011_09_26\2011_09_26_drive_0011_sync\image_02\data\0000000123.png,E:\monodepth_project\data\kitti\2011_09_26\2011_09_26_drive_0011_sync\velodyne_points\data\0000000123.bin,True,True,375,1242,109483
2011_09_26,2011_09_26_drive_0011_sync,0000000124,E:\monodepth_project\data\kitti\2011_09_26\2011_09_26_drive_0011_sync\image_02\data\0000000124.png,E:\monodepth_project\data\kitti\2011_09_26\2011_09_26_drive_0011_sync\velodyne_points\data\0000000124.bin,True,True,375,1242,109665
2011_09_26,2011_09_26_drive_0011_sync,0000000125,E:\monodepth_project\data\kitti\2011_09_26\2011_09_26_drive_0011_sync\image_02\data\0000000125.png,E:\monodepth_project\data\kitti\2011_09_26\2011_09_26_drive_0011_sync\velodyne_points\data\0000000125.bin,True,True,375,1242,109838
2011_09_26,2011_09_26_drive_0011_sync,0000000126,E:\monodepth_project\data\kitti\2011_09_26\2011_09_26_drive_0011_sync\image_02\data\0000000126.png,E:\monodepth_project\data\kitti\2011_09_26\2011_09_26_drive_0011_sync\velodyne_points\data\0000000126.bin,True,True,375,1242,109894
2011_09_26,2011_09_26_drive_0011_sync,0000000127,E:\monodepth_project\data\kitti\2011_09_26\2011_09_26_drive_0011_sync\image_02\data\0000000127.png,E:\monodepth_project\data\kitti\2011_09_26\2011_09_26_drive_0011_sync\velodyne_points\data\0000000127.bin,True,True,375,1242,109859
2011_09_26,2011_09_26_drive_0011_sync,0000000128,E:\monodepth_project\data\kitti\2011_09_26\2011_09_26_drive_0011_sync\image_02\data\0000000128.png,E:\monodepth_project\data\kitti\2011_09_26\2011_09_26_drive_0011_sync\velodyne_points\data\0000000128.bin,True,True,375,1242,109898
2011_09_26,2011_09_26_drive_0011_sync,0000000129,E:\monodepth_project\data\kitti\2011_09_26\2011_09_26_drive_0011_sync\image_02\data\0000000129.png,E:\monodepth_project\data\kitti\2011_09_26\2011_09_26_drive_0011_sync\velodyne_points\data\0000000129.bin,True,True,375,1242,110022
2011_09_26,2011_09_26_drive_0011_sync,0000000130,E:\monodepth_project\data\kitti\2011_09_26\2011_09_26_drive_0011_sync\image_02\data\0000000130.png,E:\monodepth_project\data\kitti\2011_09_26\2011_09_26_drive_0011_sync\velodyne_points\data\0000000130.bin,True,True,375,1242,110106
2011_09_26,2011_09_26_drive_0011_sync,0000000131,E:\monodepth_project\data\kitti\2011_09_26\2011_09_26_drive_0011_sync\image_02\data\0000000131.png,E:\monodepth_project\data\kitti\2011_09_26\2011_09_26_drive_0011_sync\velodyne_points\data\0000000131.bin,True,True,375,1242,110135
2011_09_26,2011_09_26_drive_0011_sync,0000000132,E:\monodepth_project\data\kitti\2011_09_26\2011_09_26_drive_0011_sync\image_02\data\0000000132.png,E:\monodepth_project\data\kitti\2011_09_26\2011_09_26_drive_0011_sync\velodyne_points\data\0000000132.bin,True,True,375,1242,110278
2011_09_26,2011_09_26_drive_0011_sync,0000000133,E:\monodepth_project\data\kitti\2011_09_26\2011_09_26_drive_0011_sync\image_02\data\0000000133.png,E:\monodepth_project\data\kitti\2011_09_26\2011_09_26_drive_0011_sync\velodyne_points\data\0000000133.bin,True,True,375,1242,110229
2011_09_26,2011_09_26_drive_0011_sync,0000000134,E:\monodepth_project\data\kitti\2011_09_26\2011_09_26_drive_0011_sync\image_02\data\0000000134.png,E:\monodepth_project\data\kitti\2011_09_26\2011_09_26_drive_0011_sync\velodyne_points\data\0000000134.bin,True,True,375,1242,110272
2011_09_26,2011_09_26_drive_0011_sync,0000000135,E:\monodepth_project\data\kitti\2011_09_26\2011_09_26_drive_0011_sync\image_02\data\0000000135.png,E:\monodepth_project\data\kitti\2011_09_26\2011_09_26_drive_0011_sync\velodyne_points\data\0000000135.bin,True,True,375,1242,110328
2011_09_26,2011_09_26_drive_0011_sync,0000000136,E:\monodepth_project\data\kitti\2011_09_26\2011_09_26_drive_0011_sync\image_02\data\0000000136.png,E:\monodepth_project\data\kitti\2011_09_26\2011_09_26_drive_0011_sync\velodyne_points\data\0000000136.bin,True,True,375,1242,110275
2011_09_26,2011_09_26_drive_0011_sync,0000000137,E:\monodepth_project\data\kitti\2011_09_26\2011_09_26_drive_0011_sync\image_02\data\0000000137.png,E:\monodepth_project\data\kitti\2011_09_26\2011_09_26_drive_0011_sync\velodyne_points\data\0000000137.bin,True,True,375,1242,110141
2011_09_26,2011_09_26_drive_0011_sync,0000000138,E:\monodepth_project\data\kitti\2011_09_26\2011_09_26_drive_0011_sync\image_02\data\0000000138.png,E:\monodepth_project\data\kitti\2011_09_26\2011_09_26_drive_0011_sync\velodyne_points\data\0000000138.bin,True,True,375,1242,110179
2011_09_26,2011_09_26_drive_0011_sync,0000000139,E:\monodepth_project\data\kitti\2011_09_26\2011_09_26_drive_0011_sync\image_02\data\0000000139.png,E:\monodepth_project\data\kitti\2011_09_26\2011_09_26_drive_0011_sync\velodyne_points\data\0000000139.bin,True,True,375,1242,109932
2011_09_26,2011_09_26_drive_0011_sync,0000000140,E:\monodepth_project\data\kitti\2011_09_26\2011_09_26_drive_0011_sync\image_02\data\0000000140.png,E:\monodepth_project\data\kitti\2011_09_26\2011_09_26_drive_0011_sync\velodyne_points\data\0000000140.bin,True,True,375,1242,109725
2011_09_26,2011_09_26_drive_0011_sync,0000000141,E:\monodepth_project\data\kitti\2011_09_26\2011_09_26_drive_0011_sync\image_02\data\0000000141.png,E:\monodepth_project\data\kitti\2011_09_26\2011_09_26_drive_0011_sync\velodyne_points\data\0000000141.bin,True,True,375,1242,109599
2011_09_26,2011_09_26_drive_0011_sync,0000000142,E:\monodepth_project\data\kitti\2011_09_26\2011_09_26_drive_0011_sync\image_02\data\0000000142.png,E:\monodepth_project\data\kitti\2011_09_26\2011_09_26_drive_0011_sync\velodyne_points\data\0000000142.bin,True,True,375,1242,109457
2011_09_26,2011_09_26_drive_0011_sync,0000000143,E:\monodepth_project\data\kitti\2011_09_26\2011_09_26_drive_0011_sync\image_02\data\0000000143.png,E:\monodepth_project\data\kitti\2011_09_26\2011_09_26_drive_0011_sync\velodyne_points\data\0000000143.bin,True,True,375,1242,109444
2011_09_26,2011_09_26_drive_0011_sync,0000000144,E:\monodepth_project\data\kitti\2011_09_26\2011_09_26_drive_0011_sync\image_02\data\0000000144.png,E:\monodepth_project\data\kitti\2011_09_26\2011_09_26_drive_0011_sync\velodyne_points\data\0000000144.bin,True,True,375,1242,109281
2011_09_26,2011_09_26_drive_0011_sync,0000000145,E:\monodepth_project\data\kitti\2011_09_26\2011_09_26_drive_0011_sync\image_02\data\0000000145.png,E:\monodepth_project\data\kitti\2011_09_26\2011_09_26_drive_0011_sync\velodyne_points\data\0000000145.bin,True,True,375,1242,109247
2011_09_26,2011_09_26_drive_0011_sync,0000000146,E:\monodepth_project\data\kitti\2011_09_26\2011_09_26_drive_0011_sync\image_02\data\0000000146.png,E:\monodepth_project\data\kitti\2011_09_26\2011_09_26_drive_0011_sync\velodyne_points\data\0000000146.bin,True,True,375,1242,109222
2011_09_26,2011_09_26_drive_0011_sync,0000000147,E:\monodepth_project\data\kitti\2011_09_26\2011_09_26_drive_0011_sync\image_02\data\0000000147.png,E:\monodepth_project\data\kitti\2011_09_26\2011_09_26_drive_0011_sync\velodyne_points\data\0000000147.bin,True,True,375,1242,109228
2011_09_26,2011_09_26_drive_0011_sync,0000000148,E:\monodepth_project\data\kitti\2011_09_26\2011_09_26_drive_0011_sync\image_02\data\0000000148.png,E:\monodepth_project\data\kitti\2011_09_26\2011_09_26_drive_0011_sync\velodyne_points\data\0000000148.bin,True,True,375,1242,109276
2011_09_26,2011_09_26_drive_0011_sync,0000000149,E:\monodepth_project\data\kitti\2011_09_26\2011_09_26_drive_0011_sync\image_02\data\0000000149.png,E:\monodepth_project\data\kitti\2011_09_26\2011_09_26_drive_0011_sync\velodyne_points\data\0000000149.bin,True,True,375,1242,109170
2011_09_26,2011_09_26_drive_0011_sync,0000000150,E:\monodepth_project\data\kitti\2011_09_26\2011_09_26_drive_0011_sync\image_02\data\0000000150.png,E:\monodepth_project\data\kitti\2011_09_26\2011_09_26_drive_0011_sync\velodyne_points\data\0000000150.bin,True,True,375,1242,109289
2011_09_26,2011_09_26_drive_0011_sync,0000000151,E:\monodepth_project\data\kitti\2011_09_26\2011_09_26_drive_0011_sync\image_02\data\0000000151.png,E:\monodepth_project\data\kitti\2011_09_26\2011_09_26_drive_0011_sync\velodyne_points\data\0000000151.bin,True,True,375,1242,109345
2011_09_26,2011_09_26_drive_0011_sync,0000000152,E:\monodepth_project\data\kitti\2011_09_26\2011_09_26_drive_0011_sync\image_02\data\0000000152.png,E:\monodepth_project\data\kitti\2011_09_26\2011_09_26_drive_0011_sync\velodyne_points\data\0000000152.bin,True,True,375,1242,109298
2011_09_26,2011_09_26_drive_0011_sync,0000000153,E:\monodepth_project\data\kitti\2011_09_26\2011_09_26_drive_0011_sync\image_02\data\0000000153.png,E:\monodepth_project\data\kitti\2011_09_26\2011_09_26_drive_0011_sync\velodyne_points\data\0000000153.bin,True,True,375,1242,109278
2011_09_26,2011_09_26_drive_0011_sync,0000000154,E:\monodepth_project\data\kitti\2011_09_26\2011_09_26_drive_0011_sync\image_02\data\0000000154.png,E:\monodepth_project\data\kitti\2011_09_26\2011_09_26_drive_0011_sync\velodyne_points\data\0000000154.bin,True,True,375,1242,109324
2011_09_26,2011_09_26_drive_0011_sync,0000000155,E:\monodepth_project\data\kitti\2011_09_26\2011_09_26_drive_0011_sync\image_02\data\0000000155.png,E:\monodepth_project\data\kitti\2011_09_26\2011_09_26_drive_0011_sync\velodyne_points\data\0000000155.bin,True,True,375,1242,109240
2011_09_26,2011_09_26_drive_0011_sync,0000000156,E:\monodepth_project\data\kitti\2011_09_26\2011_09_26_drive_0011_sync\image_02\data\0000000156.png,E:\monodepth_project\data\kitti\2011_09_26\2011_09_26_drive_0011_sync\velodyne_points\data\0000000156.bin,True,True,375,1242,109171
2011_09_26,2011_09_26_drive_0011_sync,0000000157,E:\monodepth_project\data\kitti\2011_09_26\2011_09_26_drive_0011_sync\image_02\data\0000000157.png,E:\monodepth_project\data\kitti\2011_09_26\2011_09_26_drive_0011_sync\velodyne_points\data\0000000157.bin,True,True,375,1242,109178
2011_09_26,2011_09_26_drive_0011_sync,0000000158,E:\monodepth_project\data\kitti\2011_09_26\2011_09_26_drive_0011_sync\image_02\data\0000000158.png,E:\monodepth_project\data\kitti\2011_09_26\2011_09_26_drive_0011_sync\velodyne_points\data\0000000158.bin,True,True,375,1242,109237
2011_09_26,2011_09_26_drive_0011_sync,0000000159,E:\monodepth_project\data\kitti\2011_09_26\2011_09_26_drive_0011_sync\image_02\data\0000000159.png,E:\monodepth_project\data\kitti\2011_09_26\2011_09_26_drive_0011_sync\velodyne_points\data\0000000159.bin,True,True,375,1242,109276
2011_09_26,2011_09_26_drive_0011_sync,0000000160,E:\monodepth_project\data\kitti\2011_09_26\2011_09_26_drive_0011_sync\image_02\data\0000000160.png,E:\monodepth_project\data\kitti\2011_09_26\2011_09_26_drive_0011_sync\velodyne_points\data\0000000160.bin,True,True,375,1242,109285
2011_09_26,2011_09_26_drive_0011_sync,0000000161,E:\monodepth_project\data\kitti\2011_09_26\2011_09_26_drive_0011_sync\image_02\data\0000000161.png,E:\monodepth_project\data\kitti\2011_09_26\2011_09_26_drive_0011_sync\velodyne_points\data\0000000161.bin,True,True,375,1242,109336
2011_09_26,2011_09_26_drive_0011_sync,0000000162,E:\monodepth_project\data\kitti\2011_09_26\2011_09_26_drive_0011_sync\image_02\data\0000000162.png,E:\monodepth_project\data\kitti\2011_09_26\2011_09_26_drive_0011_sync\velodyne_points\data\0000000162.bin,True,True,375,1242,109354
2011_09_26,2011_09_26_drive_0011_sync,0000000163,E:\monodepth_project\data\kitti\2011_09_26\2011_09_26_drive_0011_sync\image_02\data\0000000163.png,E:\monodepth_project\data\kitti\2011_09_26\2011_09_26_drive_0011_sync\velodyne_points\data\0000000163.bin,True,True,375,1242,109294
2011_09_26,2011_09_26_drive_0011_sync,0000000164,E:\monodepth_project\data\kitti\2011_09_26\2011_09_26_drive_0011_sync\image_02\data\0000000164.png,E:\monodepth_project\data\kitti\2011_09_26\2011_09_26_drive_0011_sync\velodyne_points\data\0000000164.bin,True,True,375,1242,109271
2011_09_26,2011_09_26_drive_0011_sync,0000000165,E:\monodepth_project\data\kitti\2011_09_26\2011_09_26_drive_0011_sync\image_02\data\0000000165.png,E:\monodepth_project\data\kitti\2011_09_26\2011_09_26_drive_0011_sync\velodyne_points\data\0000000165.bin,True,True,375,1242,109302
2011_09_26,2011_09_26_drive_0011_sync,0000000166,E:\monodepth_project\data\kitti\2011_09_26\2011_09_26_drive_0011_sync\image_02\data\0000000166.png,E:\monodepth_project\data\kitti\2011_09_26\2011_09_26_drive_0011_sync\velodyne_points\data\0000000166.bin,True,True,375,1242,109327
2011_09_26,2011_09_26_drive_0011_sync,0000000167,E:\monodepth_project\data\kitti\2011_09_26\2011_09_26_drive_0011_sync\image_02\data\0000000167.png,E:\monodepth_project\data\kitti\2011_09_26\2011_09_26_drive_0011_sync\velodyne_points\data\0000000167.bin,True,True,375,1242,109335
2011_09_26,2011_09_26_drive_0011_sync,0000000168,E:\monodepth_project\data\kitti\2011_09_26\2011_09_26_drive_0011_sync\image_02\data\0000000168.png,E:\monodepth_project\data\kitti\2011_09_26\2011_09_26_drive_0011_sync\velodyne_points\data\0000000168.bin,True,True,375,1242,109441
2011_09_26,2011_09_26_drive_0011_sync,0000000169,E:\monodepth_project\data\kitti\2011_09_26\2011_09_26_drive_0011_sync\image_02\data\0000000169.png,E:\monodepth_project\data\kitti\2011_09_26\2011_09_26_drive_0011_sync\velodyne_points\data\0000000169.bin,True,True,375,1242,109259
2011_09_26,2011_09_26_drive_0011_sync,0000000170,E:\monodepth_project\data\kitti\2011_09_26\2011_09_26_drive_0011_sync\image_02\data\0000000170.png,E:\monodepth_project\data\kitti\2011_09_26\2011_09_26_drive_0011_sync\velodyne_points\data\0000000170.bin,True,True,375,1242,109543
2011_09_26,2011_09_26_drive_0011_sync,0000000171,E:\monodepth_project\data\kitti\2011_09_26\2011_09_26_drive_0011_sync\image_02\data\0000000171.png,E:\monodepth_project\data\kitti\2011_09_26\2011_09_26_drive_0011_sync\velodyne_points\data\0000000171.bin,True,True,375,1242,109571
2011_09_26,2011_09_26_drive_0011_sync,0000000172,E:\monodepth_project\data\kitti\2011_09_26\2011_09_26_drive_0011_sync\image_02\data\0000000172.png,E:\monodepth_project\data\kitti\2011_09_26\2011_09_26_drive_0011_sync\velodyne_points\data\0000000172.bin,True,True,375,1242,109568
2011_09_26,2011_09_26_drive_0011_sync,0000000173,E:\monodepth_project\data\kitti\2011_09_26\2011_09_26_drive_0011_sync\image_02\data\0000000173.png,E:\monodepth_project\data\kitti\2011_09_26\2011_09_26_drive_0011_sync\velodyne_points\data\0000000173.bin,True,True,375,1242,109488
2011_09_26,2011_09_26_drive_0011_sync,0000000174,E:\monodepth_project\data\kitti\2011_09_26\2011_09_26_drive_0011_sync\image_02\data\0000000174.png,E:\monodepth_project\data\kitti\2011_09_26\2011_09_26_drive_0011_sync\velodyne_points\data\0000000174.bin,True,True,375,1242,109466
2011_09_26,2011_09_26_drive_0011_sync,0000000175,E:\monodepth_project\data\kitti\2011_09_26\2011_09_26_drive_0011_sync\image_02\data\0000000175.png,E:\monodepth_project\data\kitti\2011_09_26\2011_09_26_drive_0011_sync\velodyne_points\data\0000000175.bin,True,True,375,1242,109527
2011_09_26,2011_09_26_drive_0011_sync,0000000176,E:\monodepth_project\data\kitti\2011_09_26\2011_09_26_drive_0011_sync\image_02\data\0000000176.png,E:\monodepth_project\data\kitti\2011_09_26\2011_09_26_drive_0011_sync\velodyne_points\data\0000000176.bin,True,True,375,1242,109547
2011_09_26,2011_09_26_drive_0011_sync,0000000177,E:\monodepth_project\data\kitti\2011_09_26\2011_09_26_drive_0011_sync\image_02\data\0000000177.png,E:\monodepth_project\data\kitti\2011_09_26\2011_09_26_drive_0011_sync\velodyne_points\data\0000000177.bin,True,True,375,1242,109585
2011_09_26,2011_09_26_drive_0011_sync,0000000178,E:\monodepth_project\data\kitti\2011_09_26\2011_09_26_drive_0011_sync\image_02\data\0000000178.png,E:\monodepth_project\data\kitti\2011_09_26\2011_09_26_drive_0011_sync\velodyne_points\data\0000000178.bin,True,True,375,1242,109648
2011_09_26,2011_09_26_drive_0011_sync,0000000179,E:\monodepth_project\data\kitti\2011_09_26\2011_09_26_drive_0011_sync\image_02\data\0000000179.png,E:\monodepth_project\data\kitti\2011_09_26\2011_09_26_drive_0011_sync\velodyne_points\data\0000000179.bin,True,True,375,1242,109639
2011_09_26,2011_09_26_drive_0011_sync,0000000180,E:\monodepth_project\data\kitti\2011_09_26\2011_09_26_drive_0011_sync\image_02\data\0000000180.png,E:\monodepth_project\data\kitti\2011_09_26\2011_09_26_drive_0011_sync\velodyne_points\data\0000000180.bin,True,True,375,1242,109613
2011_09_26,2011_09_26_drive_0011_sync,0000000181,E:\monodepth_project\data\kitti\2011_09_26\2011_09_26_drive_0011_sync\image_02\data\0000000181.png,E:\monodepth_project\data\kitti\2011_09_26\2011_09_26_drive_0011_sync\velodyne_points\data\0000000181.bin,True,True,375,1242,109567
2011_09_26,2011_09_26_drive_0011_sync,0000000182,E:\monodepth_project\data\kitti\2011_09_26\2011_09_26_drive_0011_sync\image_02\data\0000000182.png,E:\monodepth_project\data\kitti\2011_09_26\2011_09_26_drive_0011_sync\velodyne_points\data\0000000182.bin,True,True,375,1242,109491
2011_09_26,2011_09_26_drive_0011_sync,0000000183,E:\monodepth_project\data\kitti\2011_09_26\2011_09_26_drive_0011_sync\image_02\data\0000000183.png,E:\monodepth_project\data\kitti\2011_09_26\2011_09_26_drive_0011_sync\velodyne_points\data\0000000183.bin,True,True,375,1242,109464
2011_09_26,2011_09_26_drive_0011_sync,0000000184,E:\monodepth_project\data\kitti\2011_09_26\2011_09_26_drive_0011_sync\image_02\data\0000000184.png,E:\monodepth_project\data\kitti\2011_09_26\2011_09_26_drive_0011_sync\velodyne_points\data\0000000184.bin,True,True,375,1242,109474
2011_09_26,2011_09_26_drive_0011_sync,0000000185,E:\monodepth_project\data\kitti\2011_09_26\2011_09_26_drive_0011_sync\image_02\data\0000000185.png,E:\monodepth_project\data\kitti\2011_09_26\2011_09_26_drive_0011_sync\velodyne_points\data\0000000185.bin,True,True,375,1242,109457
2011_09_26,2011_09_26_drive_0011_sync,0000000186,E:\monodepth_project\data\kitti\2011_09_26\2011_09_26_drive_0011_sync\image_02\data\0000000186.png,E:\monodepth_project\data\kitti\2011_09_26\2011_09_26_drive_0011_sync\velodyne_points\data\0000000186.bin,True,True,375,1242,109396
2011_09_26,2011_09_26_drive_0011_sync,0000000187,E:\monodepth_project\data\kitti\2011_09_26\2011_09_26_drive_0011_sync\image_02\data\0000000187.png,E:\monodepth_project\data\kitti\2011_09_26\2011_09_26_drive_0011_sync\velodyne_points\data\0000000187.bin,True,True,375,1242,109430
2011_09_26,2011_09_26_drive_0011_sync,0000000188,E:\monodepth_project\data\kitti\2011_09_26\2011_09_26_drive_0011_sync\image_02\data\0000000188.png,E:\monodepth_project\data\kitti\2011_09_26\2011_09_26_drive_0011_sync\velodyne_points\data\0000000188.bin,True,True,375,1242,109343
2011_09_26,2011_09_26_drive_0011_sync,0000000189,E:\monodepth_project\data\kitti\2011_09_26\2011_09_26_drive_0011_sync\image_02\data\0000000189.png,E:\monodepth_project\data\kitti\2011_09_26\2011_09_26_drive_0011_sync\velodyne_points\data\0000000189.bin,True,True,375,1242,109388
2011_09_26,2011_09_26_drive_0011_sync,0000000190,E:\monodepth_project\data\kitti\2011_09_26\2011_09_26_drive_0011_sync\image_02\data\0000000190.png,E:\monodepth_project\data\kitti\2011_09_26\2011_09_26_drive_0011_sync\velodyne_points\data\0000000190.bin,True,True,375,1242,109300
2011_09_26,2011_09_26_drive_0011_sync,0000000191,E:\monodepth_project\data\kitti\2011_09_26\2011_09_26_drive_0011_sync\image_02\data\0000000191.png,E:\monodepth_project\data\kitti\2011_09_26\2011_09_26_drive_0011_sync\velodyne_points\data\0000000191.bin,True,True,375,1242,109291
2011_09_26,2011_09_26_drive_0011_sync,0000000192,E:\monodepth_project\data\kitti\2011_09_26\2011_09_26_drive_0011_sync\image_02\data\0000000192.png,E:\monodepth_project\data\kitti\2011_09_26\2011_09_26_drive_0011_sync\velodyne_points\data\0000000192.bin,True,True,375,1242,109225
2011_09_26,2011_09_26_drive_0011_sync,0000000193,E:\monodepth_project\data\kitti\2011_09_26\2011_09_26_drive_0011_sync\image_02\data\0000000193.png,E:\monodepth_project\data\kitti\2011_09_26\2011_09_26_drive_0011_sync\velodyne_points\data\0000000193.bin,True,True,375,1242,109185
2011_09_26,2011_09_26_drive_0011_sync,0000000194,E:\monodepth_project\data\kitti\2011_09_26\2011_09_26_drive_0011_sync\image_02\data\0000000194.png,E:\monodepth_project\data\kitti\2011_09_26\2011_09_26_drive_0011_sync\velodyne_points\data\0000000194.bin,True,True,375,1242,109191
2011_09_26,2011_09_26_drive_0011_sync,0000000195,E:\monodepth_project\data\kitti\2011_09_26\2011_09_26_drive_0011_sync\image_02\data\0000000195.png,E:\monodepth_project\data\kitti\2011_09_26\2011_09_26_drive_0011_sync\velodyne_points\data\0000000195.bin,True,True,375,1242,109185
2011_09_26,2011_09_26_drive_0011_sync,0000000196,E:\monodepth_project\data\kitti\2011_09_26\2011_09_26_drive_0011_sync\image_02\data\0000000196.png,E:\monodepth_project\data\kitti\2011_09_26\2011_09_26_drive_0011_sync\velodyne_points\data\0000000196.bin,True,True,375,1242,109109
2011_09_26,2011_09_26_drive_0011_sync,0000000197,E:\monodepth_project\data\kitti\2011_09_26\2011_09_26_drive_0011_sync\image_02\data\0000000197.png,E:\monodepth_project\data\kitti\2011_09_26\2011_09_26_drive_0011_sync\velodyne_points\data\0000000197.bin,True,True,375,1242,109107
2011_09_26,2011_09_26_drive_0011_sync,0000000198,E:\monodepth_project\data\kitti\2011_09_26\2011_09_26_drive_0011_sync\image_02\data\0000000198.png,E:\monodepth_project\data\kitti\2011_09_26\2011_09_26_drive_0011_sync\velodyne_points\data\0000000198.bin,True,True,375,1242,109132
2011_09_26,2011_09_26_drive_0011_sync,0000000199,E:\monodepth_project\data\kitti\2011_09_26\2011_09_26_drive_0011_sync\image_02\data\0000000199.png,E:\monodepth_project\data\kitti\2011_09_26\2011_09_26_drive_0011_sync\velodyne_points\data\0000000199.bin,True,True,375,1242,109075
2011_09_26,2011_09_26_drive_0011_sync,0000000200,E:\monodepth_project\data\kitti\2011_09_26\2011_09_26_drive_0011_sync\image_02\data\0000000200.png,E:\monodepth_project\data\kitti\2011_09_26\2011_09_26_drive_0011_sync\velodyne_points\data\0000000200.bin,True,True,375,1242,109044
2011_09_26,2011_09_26_drive_0011_sync,0000000201,E:\monodepth_project\data\kitti\2011_09_26\2011_09_26_drive_0011_sync\image_02\data\0000000201.png,E:\monodepth_project\data\kitti\2011_09_26\2011_09_26_drive_0011_sync\velodyne_points\data\0000000201.bin,True,True,375,1242,108989
2011_09_26,2011_09_26_drive_0011_sync,0000000202,E:\monodepth_project\data\kitti\2011_09_26\2011_09_26_drive_0011_sync\image_02\data\0000000202.png,E:\monodepth_project\data\kitti\2011_09_26\2011_09_26_drive_0011_sync\velodyne_points\data\0000000202.bin,True,True,375,1242,109047
2011_09_26,2011_09_26_drive_0011_sync,0000000203,E:\monodepth_project\data\kitti\2011_09_26\2011_09_26_drive_0011_sync\image_02\data\0000000203.png,E:\monodepth_project\data\kitti\2011_09_26\2011_09_26_drive_0011_sync\velodyne_points\data\0000000203.bin,True,True,375,1242,109054
2011_09_26,2011_09_26_drive_0011_sync,0000000204,E:\monodepth_project\data\kitti\2011_09_26\2011_09_26_drive_0011_sync\image_02\data\0000000204.png,E:\monodepth_project\data\kitti\2011_09_26\2011_09_26_drive_0011_sync\velodyne_points\data\0000000204.bin,True,True,375,1242,109036
2011_09_26,2011_09_26_drive_0011_sync,0000000205,E:\monodepth_project\data\kitti\2011_09_26\2011_09_26_drive_0011_sync\image_02\data\0000000205.png,E:\monodepth_project\data\kitti\2011_09_26\2011_09_26_drive_0011_sync\velodyne_points\data\0000000205.bin,True,True,375,1242,108962
2011_09_26,2011_09_26_drive_0011_sync,0000000206,E:\monodepth_project\data\kitti\2011_09_26\2011_09_26_drive_0011_sync\image_02\data\0000000206.png,E:\monodepth_project\data\kitti\2011_09_26\2011_09_26_drive_0011_sync\velodyne_points\data\0000000206.bin,True,True,375,1242,108906
2011_09_26,2011_09_26_drive_0011_sync,0000000207,E:\monodepth_project\data\kitti\2011_09_26\2011_09_26_drive_0011_sync\image_02\data\0000000207.png,E:\monodepth_project\data\kitti\2011_09_26\2011_09_26_drive_0011_sync\velodyne_points\data\0000000207.bin,True,True,375,1242,108786
2011_09_26,2011_09_26_drive_0011_sync,0000000208,E:\monodepth_project\data\kitti\2011_09_26\2011_09_26_drive_0011_sync\image_02\data\0000000208.png,E:\monodepth_project\data\kitti\2011_09_26\2011_09_26_drive_0011_sync\velodyne_points\data\0000000208.bin,True,True,375,1242,108844
2011_09_26,2011_09_26_drive_0011_sync,0000000209,E:\monodepth_project\data\kitti\2011_09_26\2011_09_26_drive_0011_sync\image_02\data\0000000209.png,E:\monodepth_project\data\kitti\2011_09_26\2011_09_26_drive_0011_sync\velodyne_points\data\0000000209.bin,True,True,375,1242,108718
2011_09_26,2011_09_26_drive_0011_sync,0000000210,E:\monodepth_project\data\kitti\2011_09_26\2011_09_26_drive_0011_sync\image_02\data\0000000210.png,E:\monodepth_project\data\kitti\2011_09_26\2011_09_26_drive_0011_sync\velodyne_points\data\0000000210.bin,True,True,375,1242,108637
2011_09_26,2011_09_26_drive_0011_sync,0000000211,E:\monodepth_project\data\kitti\2011_09_26\2011_09_26_drive_0011_sync\image_02\data\0000000211.png,E:\monodepth_project\data\kitti\2011_09_26\2011_09_26_drive_0011_sync\velodyne_points\data\0000000211.bin,True,True,375,1242,108374
2011_09_26,2011_09_26_drive_0011_sync,0000000212,E:\monodepth_project\data\kitti\2011_09_26\2011_09_26_drive_0011_sync\image_02\data\0000000212.png,E:\monodepth_project\data\kitti\2011_09_26\2011_09_26_drive_0011_sync\velodyne_points\data\0000000212.bin,True,True,375,1242,108193
2011_09_26,2011_09_26_drive_0011_sync,0000000213,E:\monodepth_project\data\kitti\2011_09_26\2011_09_26_drive_0011_sync\image_02\data\0000000213.png,E:\monodepth_project\data\kitti\2011_09_26\2011_09_26_drive_0011_sync\velodyne_points\data\0000000213.bin,True,True,375,1242,107878
2011_09_26,2011_09_26_drive_0011_sync,0000000214,E:\monodepth_project\data\kitti\2011_09_26\2011_09_26_drive_0011_sync\image_02\data\0000000214.png,E:\monodepth_project\data\kitti\2011_09_26\2011_09_26_drive_0011_sync\velodyne_points\data\0000000214.bin,True,True,375,1242,107878
2011_09_26,2011_09_26_drive_0011_sync,0000000215,E:\monodepth_project\data\kitti\2011_09_26\2011_09_26_drive_0011_sync\image_02\data\0000000215.png,E:\monodepth_project\data\kitti\2011_09_26\2011_09_26_drive_0011_sync\velodyne_points\data\0000000215.bin,True,True,375,1242,107561
2011_09_26,2011_09_26_drive_0011_sync,0000000216,E:\monodepth_project\data\kitti\2011_09_26\2011_09_26_drive_0011_sync\image_02\data\0000000216.png,E:\monodepth_project\data\kitti\2011_09_26\2011_09_26_drive_0011_sync\velodyne_points\data\0000000216.bin,True,True,375,1242,107395
2011_09_26,2011_09_26_drive_0011_sync,0000000217,E:\monodepth_project\data\kitti\2011_09_26\2011_09_26_drive_0011_sync\image_02\data\0000000217.png,E:\monodepth_project\data\kitti\2011_09_26\2011_09_26_drive_0011_sync\velodyne_points\data\0000000217.bin,True,True,375,1242,107073
2011_09_26,2011_09_26_drive_0011_sync,0000000218,E:\monodepth_project\data\kitti\2011_09_26\2011_09_26_drive_0011_sync\image_02\data\0000000218.png,E:\monodepth_project\data\kitti\2011_09_26\2011_09_26_drive_0011_sync\velodyne_points\data\0000000218.bin,True,True,375,1242,106712
2011_09_26,2011_09_26_drive_0011_sync,0000000219,E:\monodepth_project\data\kitti\2011_09_26\2011_09_26_drive_0011_sync\image_02\data\0000000219.png,E:\monodepth_project\data\kitti\2011_09_26\2011_09_26_drive_0011_sync\velodyne_points\data\0000000219.bin,True,True,375,1242,106596
2011_09_26,2011_09_26_drive_0011_sync,0000000220,E:\monodepth_project\data\kitti\2011_09_26\2011_09_26_drive_0011_sync\image_02\data\0000000220.png,E:\monodepth_project\data\kitti\2011_09_26\2011_09_26_drive_0011_sync\velodyne_points\data\0000000220.bin,True,True,375,1242,106137
2011_09_26,2011_09_26_drive_0011_sync,0000000221,E:\monodepth_project\data\kitti\2011_09_26\2011_09_26_drive_0011_sync\image_02\data\0000000221.png,E:\monodepth_project\data\kitti\2011_09_26\2011_09_26_drive_0011_sync\velodyne_points\data\0000000221.bin,True,True,375,1242,105892
2011_09_26,2011_09_26_drive_0011_sync,0000000222,E:\monodepth_project\data\kitti\2011_09_26\2011_09_26_drive_0011_sync\image_02\data\0000000222.png,E:\monodepth_project\data\kitti\2011_09_26\2011_09_26_drive_0011_sync\velodyne_points\data\0000000222.bin,True,True,375,1242,105544
2011_09_26,2011_09_26_drive_0011_sync,0000000223,E:\monodepth_project\data\kitti\2011_09_26\2011_09_26_drive_0011_sync\image_02\data\0000000223.png,E:\monodepth_project\data\kitti\2011_09_26\2011_09_26_drive_0011_sync\velodyne_points\data\0000000223.bin,True,True,375,1242,105523
2011_09_26,2011_09_26_drive_0011_sync,0000000224,E:\monodepth_project\data\kitti\2011_09_26\2011_09_26_drive_0011_sync\image_02\data\0000000224.png,E:\monodepth_project\data\kitti\2011_09_26\2011_09_26_drive_0011_sync\velodyne_points\data\0000000224.bin,True,True,375,1242,105353
2011_09_26,2011_09_26_drive_0011_sync,0000000225,E:\monodepth_project\data\kitti\2011_09_26\2011_09_26_drive_0011_sync\image_02\data\0000000225.png,E:\monodepth_project\data\kitti\2011_09_26\2011_09_26_drive_0011_sync\velodyne_points\data\0000000225.bin,True,True,375,1242,105347
2011_09_26,2011_09_26_drive_0011_sync,0000000226,E:\monodepth_project\data\kitti\2011_09_26\2011_09_26_drive_0011_sync\image_02\data\0000000226.png,E:\monodepth_project\data\kitti\2011_09_26\2011_09_26_drive_0011_sync\velodyne_points\data\0000000226.bin,True,True,375,1242,105452
2011_09_26,2011_09_26_drive_0011_sync,0000000227,E:\monodepth_project\data\kitti\2011_09_26\2011_09_26_drive_0011_sync\image_02\data\0000000227.png,E:\monodepth_project\data\kitti\2011_09_26\2011_09_26_drive_0011_sync\velodyne_points\data\0000000227.bin,True,True,375,1242,105634
2011_09_26,2011_09_26_drive_0011_sync,0000000228,E:\monodepth_project\data\kitti\2011_09_26\2011_09_26_drive_0011_sync\image_02\data\0000000228.png,E:\monodepth_project\data\kitti\2011_09_26\2011_09_26_drive_0011_sync\velodyne_points\data\0000000228.bin,True,True,375,1242,105639
2011_09_26,2011_09_26_drive_0011_sync,0000000229,E:\monodepth_project\data\kitti\2011_09_26\2011_09_26_drive_0011_sync\image_02\data\0000000229.png,E:\monodepth_project\data\kitti\2011_09_26\2011_09_26_drive_0011_sync\velodyne_points\data\0000000229.bin,True,True,375,1242,105826
2011_09_26,2011_09_26_drive_0011_sync,0000000230,E:\monodepth_project\data\kitti\2011_09_26\2011_09_26_drive_0011_sync\image_02\data\0000000230.png,E:\monodepth_project\data\kitti\2011_09_26\2011_09_26_drive_0011_sync\velodyne_points\data\0000000230.bin,True,True,375,1242,105954
2011_09_26,2011_09_26_drive_0011_sync,0000000231,E:\monodepth_project\data\kitti\2011_09_26\2011_09_26_drive_0011_sync\image_02\data\0000000231.png,E:\monodepth_project\data\kitti\2011_09_26\2011_09_26_drive_0011_sync\velodyne_points\data\0000000231.bin,True,True,375,1242,105953
2011_09_26,2011_09_26_drive_0011_sync,0000000232,E:\monodepth_project\data\kitti\2011_09_26\2011_09_26_drive_0011_sync\image_02\data\0000000232.png,E:\monodepth_project\data\kitti\2011_09_26\2011_09_26_drive_0011_sync\velodyne_points\data\0000000232.bin,True,True,375,1242,106227
2011_09_26,2011_09_26_drive_0013_sync,0000000000,E:\monodepth_project\data\kitti\2011_09_26\2011_09_26_drive_0013_sync\image_02\data\0000000000.png,E:\monodepth_project\data\kitti\2011_09_26\2011_09_26_drive_0013_sync\velodyne_points\data\0000000000.bin,True,True,375,1242,115267
2011_09_26,2011_09_26_drive_0013_sync,0000000001,E:\monodepth_project\data\kitti\2011_09_26\2011_09_26_drive_0013_sync\image_02\data\0000000001.png,E:\monodepth_project\data\kitti\2011_09_26\2011_09_26_drive_0013_sync\velodyne_points\data\0000000001.bin,True,True,375,1242,115070
2011_09_26,2011_09_26_drive_0013_sync,0000000002,E:\monodepth_project\data\kitti\2011_09_26\2011_09_26_drive_0013_sync\image_02\data\0000000002.png,E:\monodepth_project\data\kitti\2011_09_26\2011_09_26_drive_0013_sync\velodyne_points\data\0000000002.bin,True,True,375,1242,114599
2011_09_26,2011_09_26_drive_0013_sync,0000000003,E:\monodepth_project\data\kitti\2011_09_26\2011_09_26_drive_0013_sync\image_02\data\0000000003.png,E:\monodepth_project\data\kitti\2011_09_26\2011_09_26_drive_0013_sync\velodyne_points\data\0000000003.bin,True,True,375,1242,113953
2011_09_26,2011_09_26_drive_0013_sync,0000000004,E:\monodepth_project\data\kitti\2011_09_26\2011_09_26_drive_0013_sync\image_02\data\0000000004.png,E:\monodepth_project\data\kitti\2011_09_26\2011_09_26_drive_0013_sync\velodyne_points\data\0000000004.bin,True,True,375,1242,113503
2011_09_26,2011_09_26_drive_0013_sync,0000000005,E:\monodepth_project\data\kitti\2011_09_26\2011_09_26_drive_0013_sync\image_02\data\0000000005.png,E:\monodepth_project\data\kitti\2011_09_26\2011_09_26_drive_0013_sync\velodyne_points\data\0000000005.bin,True,True,375,1242,113416
2011_09_26,2011_09_26_drive_0013_sync,0000000006,E:\monodepth_project\data\kitti\2011_09_26\2011_09_26_drive_0013_sync\image_02\data\0000000006.png,E:\monodepth_project\data\kitti\2011_09_26\2011_09_26_drive_0013_sync\velodyne_points\data\0000000006.bin,True,True,375,1242,113072
2011_09_26,2011_09_26_drive_0013_sync,0000000007,E:\monodepth_project\data\kitti\2011_09_26\2011_09_26_drive_0013_sync\image_02\data\0000000007.png,E:\monodepth_project\data\kitti\2011_09_26\2011_09_26_drive_0013_sync\velodyne_points\data\0000000007.bin,True,True,375,1242,112843
2011_09_26,2011_09_26_drive_0013_sync,0000000008,E:\monodepth_project\data\kitti\2011_09_26\2011_09_26_drive_0013_sync\image_02\data\0000000008.png,E:\monodepth_project\data\kitti\2011_09_26\2011_09_26_drive_0013_sync\velodyne_points\data\0000000008.bin,True,True,375,1242,112539
2011_09_26,2011_09_26_drive_0013_sync,0000000009,E:\monodepth_project\data\kitti\2011_09_26\2011_09_26_drive_0013_sync\image_02\data\0000000009.png,E:\monodepth_project\data\kitti\2011_09_26\2011_09_26_drive_0013_sync\velodyne_points\data\0000000009.bin,True,True,375,1242,112657
2011_09_26,2011_09_26_drive_0013_sync,0000000010,E:\monodepth_project\data\kitti\2011_09_26\2011_09_26_drive_0013_sync\image_02\data\0000000010.png,E:\monodepth_project\data\kitti\2011_09_26\2011_09_26_drive_0013_sync\velodyne_points\data\0000000010.bin,True,True,375,1242,112461
2011_09_26,2011_09_26_drive_0013_sync,0000000011,E:\monodepth_project\data\kitti\2011_09_26\2011_09_26_drive_0013_sync\image_02\data\0000000011.png,E:\monodepth_project\data\kitti\2011_09_26\2011_09_26_drive_0013_sync\velodyne_points\data\0000000011.bin,True,True,375,1242,112284
2011_09_26,2011_09_26_drive_0013_sync,0000000012,E:\monodepth_project\data\kitti\2011_09_26\2011_09_26_drive_0013_sync\image_02\data\0000000012.png,E:\monodepth_project\data\kitti\2011_09_26\2011_09_26_drive_0013_sync\velodyne_points\data\0000000012.bin,True,True,375,1242,112156
2011_09_26,2011_09_26_drive_0013_sync,0000000013,E:\monodepth_project\data\kitti\2011_09_26\2011_09_26_drive_0013_sync\image_02\data\0000000013.png,E:\monodepth_project\data\kitti\2011_09_26\2011_09_26_drive_0013_sync\velodyne_points\data\0000000013.bin,True,True,375,1242,112583
2011_09_26,2011_09_26_drive_0013_sync,0000000014,E:\monodepth_project\data\kitti\2011_09_26\2011_09_26_drive_0013_sync\image_02\data\0000000014.png,E:\monodepth_project\data\kitti\2011_09_26\2011_09_26_drive_0013_sync\velodyne_points\data\0000000014.bin,True,True,375,1242,112798
2011_09_26,2011_09_26_drive_0013_sync,0000000015,E:\monodepth_project\data\kitti\2011_09_26\2011_09_26_drive_0013_sync\image_02\data\0000000015.png,E:\monodepth_project\data\kitti\2011_09_26\2011_09_26_drive_0013_sync\velodyne_points\data\0000000015.bin,True,True,375,1242,113202
2011_09_26,2011_09_26_drive_0013_sync,0000000016,E:\monodepth_project\data\kitti\2011_09_26\2011_09_26_drive_0013_sync\image_02\data\0000000016.png,E:\monodepth_project\data\kitti\2011_09_26\2011_09_26_drive_0013_sync\velodyne_points\data\0000000016.bin,True,True,375,1242,113594
2011_09_26,2011_09_26_drive_0013_sync,0000000017,E:\monodepth_project\data\kitti\2011_09_26\2011_09_26_drive_0013_sync\image_02\data\0000000017.png,E:\monodepth_project\data\kitti\2011_09_26\2011_09_26_drive_0013_sync\velodyne_points\data\0000000017.bin,True,True,375,1242,114007
2011_09_26,2011_09_26_drive_0013_sync,0000000018,E:\monodepth_project\data\kitti\2011_09_26\2011_09_26_drive_0013_sync\image_02\data\0000000018.png,E:\monodepth_project\data\kitti\2011_09_26\2011_09_26_drive_0013_sync\velodyne_points\data\0000000018.bin,True,True,375,1242,114018
2011_09_26,2011_09_26_drive_0013_sync,0000000019,E:\monodepth_project\data\kitti\2011_09_26\2011_09_26_drive_0013_sync\image_02\data\0000000019.png,E:\monodepth_project\data\kitti\2011_09_26\2011_09_26_drive_0013_sync\velodyne_points\data\0000000019.bin,True,True,375,1242,114397
2011_09_26,2011_09_26_drive_0013_sync,0000000020,E:\monodepth_project\data\kitti\2011_09_26\2011_09_26_drive_0013_sync\image_02\data\0000000020.png,E:\monodepth_project\data\kitti\2011_09_26\2011_09_26_drive_0013_sync\velodyne_points\data\0000000020.bin,True,True,375,1242,114303
2011_09_26,2011_09_26_drive_0013_sync,0000000021,E:\monodepth_project\data\kitti\2011_09_26\2011_09_26_drive_0013_sync\image_02\data\0000000021.png,E:\monodepth_project\data\kitti\2011_09_26\2011_09_26_drive_0013_sync\velodyne_points\data\0000000021.bin,True,True,375,1242,114421
2011_09_26,2011_09_26_drive_0013_sync,0000000022,E:\monodepth_project\data\kitti\2011_09_26\2011_09_26_drive_0013_sync\image_02\data\0000000022.png,E:\monodepth_project\data\kitti\2011_09_26\2011_09_26_drive_0013_sync\velodyne_points\data\0000000022.bin,True,True,375,1242,114616
2011_09_26,2011_09_26_drive_0013_sync,0000000023,E:\monodepth_project\data\kitti\2011_09_26\2011_09_26_drive_0013_sync\image_02\data\0000000023.png,E:\monodepth_project\data\kitti\2011_09_26\2011_09_26_drive_0013_sync\velodyne_points\data\0000000023.bin,True,True,375,1242,114725
2011_09_26,2011_09_26_drive_0013_sync,0000000024,E:\monodepth_project\data\kitti\2011_09_26\2011_09_26_drive_0013_sync\image_02\data\0000000024.png,E:\monodepth_project\data\kitti\2011_09_26\2011_09_26_drive_0013_sync\velodyne_points\data\0000000024.bin,True,True,375,1242,114972
2011_09_26,2011_09_26_drive_0013_sync,0000000025,E:\monodepth_project\data\kitti\2011_09_26\2011_09_26_drive_0013_sync\image_02\data\0000000025.png,E:\monodepth_project\data\kitti\2011_09_26\2011_09_26_drive_0013_sync\velodyne_points\data\0000000025.bin,True,True,375,1242,115122
2011_09_26,2011_09_26_drive_0013_sync,0000000026,E:\monodepth_project\data\kitti\2011_09_26\2011_09_26_drive_0013_sync\image_02\data\0000000026.png,E:\monodepth_project\data\kitti\2011_09_26\2011_09_26_drive_0013_sync\velodyne_points\data\0000000026.bin,True,True,375,1242,115656
2011_09_26,2011_09_26_drive_0013_sync,0000000027,E:\monodepth_project\data\kitti\2011_09_26\2011_09_26_drive_0013_sync\image_02\data\0000000027.png,E:\monodepth_project\data\kitti\2011_09_26\2011_09_26_drive_0013_sync\velodyne_points\data\0000000027.bin,True,True,375,1242,115953
2011_09_26,2011_09_26_drive_0013_sync,0000000028,E:\monodepth_project\data\kitti\2011_09_26\2011_09_26_drive_0013_sync\image_02\data\0000000028.png,E:\monodepth_project\data\kitti\2011_09_26\2011_09_26_drive_0013_sync\velodyne_points\data\0000000028.bin,True,True,375,1242,116346
2011_09_26,2011_09_26_drive_0013_sync,0000000029,E:\monodepth_project\data\kitti\2011_09_26\2011_09_26_drive_0013_sync\image_02\data\0000000029.png,E:\monodepth_project\data\kitti\2011_09_26\2011_09_26_drive_0013_sync\velodyne_points\data\0000000029.bin,True,True,375,1242,116578
2011_09_26,2011_09_26_drive_0013_sync,0000000030,E:\monodepth_project\data\kitti\2011_09_26\2011_09_26_drive_0013_sync\image_02\data\0000000030.png,E:\monodepth_project\data\kitti\2011_09_26\2011_09_26_drive_0013_sync\velodyne_points\data\0000000030.bin,True,True,375,1242,117104
2011_09_26,2011_09_26_drive_0013_sync,0000000031,E:\monodepth_project\data\kitti\2011_09_26\2011_09_26_drive_0013_sync\image_02\data\0000000031.png,E:\monodepth_project\data\kitti\2011_09_26\2011_09_26_drive_0013_sync\velodyne_points\data\0000000031.bin,True,True,375,1242,117513
2011_09_26,2011_09_26_drive_0013_sync,0000000032,E:\monodepth_project\data\kitti\2011_09_26\2011_09_26_drive_0013_sync\image_02\data\0000000032.png,E:\monodepth_project\data\kitti\2011_09_26\2011_09_26_drive_0013_sync\velodyne_points\data\0000000032.bin,True,True,375,1242,117874
2011_09_26,2011_09_26_drive_0013_sync,0000000033,E:\monodepth_project\data\kitti\2011_09_26\2011_09_26_drive_0013_sync\image_02\data\0000000033.png,E:\monodepth_project\data\kitti\2011_09_26\2011_09_26_drive_0013_sync\velodyne_points\data\0000000033.bin,True,True,375,1242,118045
2011_09_26,2011_09_26_drive_0013_sync,0000000034,E:\monodepth_project\data\kitti\2011_09_26\2011_09_26_drive_0013_sync\image_02\data\0000000034.png,E:\monodepth_project\data\kitti\2011_09_26\2011_09_26_drive_0013_sync\velodyne_points\data\0000000034.bin,True,True,375,1242,118473
2011_09_26,2011_09_26_drive_0013_sync,0000000035,E:\monodepth_project\data\kitti\2011_09_26\2011_09_26_drive_0013_sync\image_02\data\0000000035.png,E:\monodepth_project\data\kitti\2011_09_26\2011_09_26_drive_0013_sync\velodyne_points\data\0000000035.bin,True,True,375,1242,118734
2011_09_26,2011_09_26_drive_0013_sync,0000000036,E:\monodepth_project\data\kitti\2011_09_26\2011_09_26_drive_0013_sync\image_02\data\0000000036.png,E:\monodepth_project\data\kitti\2011_09_26\2011_09_26_drive_0013_sync\velodyne_points\data\0000000036.bin,True,True,375,1242,119218
2011_09_26,2011_09_26_drive_0013_sync,0000000037,E:\monodepth_project\data\kitti\2011_09_26\2011_09_26_drive_0013_sync\image_02\data\0000000037.png,E:\monodepth_project\data\kitti\2011_09_26\2011_09_26_drive_0013_sync\velodyne_points\data\0000000037.bin,True,True,375,1242,119533
2011_09_26,2011_09_26_drive_0013_sync,0000000038,E:\monodepth_project\data\kitti\2011_09_26\2011_09_26_drive_0013_sync\image_02\data\0000000038.png,E:\monodepth_project\data\kitti\2011_09_26\2011_09_26_drive_0013_sync\velodyne_points\data\0000000038.bin,True,True,375,1242,119823
2011_09_26,2011_09_26_drive_0013_sync,0000000039,E:\monodepth_project\data\kitti\2011_09_26\2011_09_26_drive_0013_sync\image_02\data\0000000039.png,E:\monodepth_project\data\kitti\2011_09_26\2011_09_26_drive_0013_sync\velodyne_points\data\0000000039.bin,True,True,375,1242,119986
2011_09_26,2011_09_26_drive_0013_sync,0000000040,E:\monodepth_project\data\kitti\2011_09_26\2011_09_26_drive_0013_sync\image_02\data\0000000040.png,E:\monodepth_project\data\kitti\2011_09_26\2011_09_26_drive_0013_sync\velodyne_points\data\0000000040.bin,True,True,375,1242,120067
2011_09_26,2011_09_26_drive_0013_sync,0000000041,E:\monodepth_project\data\kitti\2011_09_26\2011_09_26_drive_0013_sync\image_02\data\0000000041.png,E:\monodepth_project\data\kitti\2011_09_26\2011_09_26_drive_0013_sync\velodyne_points\data\0000000041.bin,True,True,375,1242,120289
2011_09_26,2011_09_26_drive_0013_sync,0000000042,E:\monodepth_project\data\kitti\2011_09_26\2011_09_26_drive_0013_sync\image_02\data\0000000042.png,E:\monodepth_project\data\kitti\2011_09_26\2011_09_26_drive_0013_sync\velodyne_points\data\0000000042.bin,True,True,375,1242,120336
2011_09_26,2011_09_26_drive_0013_sync,0000000043,E:\monodepth_project\data\kitti\2011_09_26\2011_09_26_drive_0013_sync\image_02\data\0000000043.png,E:\monodepth_project\data\kitti\2011_09_26\2011_09_26_drive_0013_sync\velodyne_points\data\0000000043.bin,True,True,375,1242,120769
2011_09_26,2011_09_26_drive_0013_sync,0000000044,E:\monodepth_project\data\kitti\2011_09_26\2011_09_26_drive_0013_sync\image_02\data\0000000044.png,E:\monodepth_project\data\kitti\2011_09_26\2011_09_26_drive_0013_sync\velodyne_points\data\0000000044.bin,True,True,375,1242,120849
2011_09_26,2011_09_26_drive_0013_sync,0000000045,E:\monodepth_project\data\kitti\2011_09_26\2011_09_26_drive_0013_sync\image_02\data\0000000045.png,E:\monodepth_project\data\kitti\2011_09_26\2011_09_26_drive_0013_sync\velodyne_points\data\0000000045.bin,True,True,375,1242,121157
2011_09_26,2011_09_26_drive_0013_sync,0000000046,E:\monodepth_project\data\kitti\2011_09_26\2011_09_26_drive_0013_sync\image_02\data\0000000046.png,E:\monodepth_project\data\kitti\2011_09_26\2011_09_26_drive_0013_sync\velodyne_points\data\0000000046.bin,True,True,375,1242,121263
2011_09_26,2011_09_26_drive_0013_sync,0000000047,E:\monodepth_project\data\kitti\2011_09_26\2011_09_26_drive_0013_sync\image_02\data\0000000047.png,E:\monodepth_project\data\kitti\2011_09_26\2011_09_26_drive_0013_sync\velodyne_points\data\0000000047.bin,True,True,375,1242,121513
2011_09_26,2011_09_26_drive_0013_sync,0000000048,E:\monodepth_project\data\kitti\2011_09_26\2011_09_26_drive_0013_sync\image_02\data\0000000048.png,E:\monodepth_project\data\kitti\2011_09_26\2011_09_26_drive_0013_sync\velodyne_points\data\0000000048.bin,True,True,375,1242,121658
2011_09_26,2011_09_26_drive_0013_sync,0000000049,E:\monodepth_project\data\kitti\2011_09_26\2011_09_26_drive_0013_sync\image_02\data\0000000049.png,E:\monodepth_project\data\kitti\2011_09_26\2011_09_26_drive_0013_sync\velodyne_points\data\0000000049.bin,True,True,375,1242,121870
2011_09_26,2011_09_26_drive_0013_sync,0000000050,E:\monodepth_project\data\kitti\2011_09_26\2011_09_26_drive_0013_sync\image_02\data\0000000050.png,E:\monodepth_project\data\kitti\2011_09_26\2011_09_26_drive_0013_sync\velodyne_points\data\0000000050.bin,True,True,375,1242,121890
2011_09_26,2011_09_26_drive_0013_sync,0000000051,E:\monodepth_project\data\kitti\2011_09_26\2011_09_26_drive_0013_sync\image_02\data\0000000051.png,E:\monodepth_project\data\kitti\2011_09_26\2011_09_26_drive_0013_sync\velodyne_points\data\0000000051.bin,True,True,375,1242,122088
2011_09_26,2011_09_26_drive_0013_sync,0000000052,E:\monodepth_project\data\kitti\2011_09_26\2011_09_26_drive_0013_sync\image_02\data\0000000052.png,E:\monodepth_project\data\kitti\2011_09_26\2011_09_26_drive_0013_sync\velodyne_points\data\0000000052.bin,True,True,375,1242,121820
2011_09_26,2011_09_26_drive_0013_sync,0000000053,E:\monodepth_project\data\kitti\2011_09_26\2011_09_26_drive_0013_sync\image_02\data\0000000053.png,E:\monodepth_project\data\kitti\2011_09_26\2011_09_26_drive_0013_sync\velodyne_points\data\0000000053.bin,True,True,375,1242,122120
2011_09_26,2011_09_26_drive_0013_sync,0000000054,E:\monodepth_project\data\kitti\2011_09_26\2011_09_26_drive_0013_sync\image_02\data\0000000054.png,E:\monodepth_project\data\kitti\2011_09_26\2011_09_26_drive_0013_sync\velodyne_points\data\0000000054.bin,True,True,375,1242,122195
2011_09_26,2011_09_26_drive_0013_sync,0000000055,E:\monodepth_project\data\kitti\2011_09_26\2011_09_26_drive_0013_sync\image_02\data\0000000055.png,E:\monodepth_project\data\kitti\2011_09_26\2011_09_26_drive_0013_sync\velodyne_points\data\0000000055.bin,True,True,375,1242,122294
2011_09_26,2011_09_26_drive_0013_sync,0000000056,E:\monodepth_project\data\kitti\2011_09_26\2011_09_26_drive_0013_sync\image_02\data\0000000056.png,E:\monodepth_project\data\kitti\2011_09_26\2011_09_26_drive_0013_sync\velodyne_points\data\0000000056.bin,True,True,375,1242,122485
2011_09_26,2011_09_26_drive_0013_sync,0000000057,E:\monodepth_project\data\kitti\2011_09_26\2011_09_26_drive_0013_sync\image_02\data\0000000057.png,E:\monodepth_project\data\kitti\2011_09_26\2011_09_26_drive_0013_sync\velodyne_points\data\0000000057.bin,True,True,375,1242,122355
2011_09_26,2011_09_26_drive_0013_sync,0000000058,E:\monodepth_project\data\kitti\2011_09_26\2011_09_26_drive_0013_sync\image_02\data\0000000058.png,E:\monodepth_project\data\kitti\2011_09_26\2011_09_26_drive_0013_sync\velodyne_points\data\0000000058.bin,True,True,375,1242,122416
2011_09_26,2011_09_26_drive_0013_sync,0000000059,E:\monodepth_project\data\kitti\2011_09_26\2011_09_26_drive_0013_sync\image_02\data\0000000059.png,E:\monodepth_project\data\kitti\2011_09_26\2011_09_26_drive_0013_sync\velodyne_points\data\0000000059.bin,True,True,375,1242,122399
2011_09_26,2011_09_26_drive_0013_sync,0000000060,E:\monodepth_project\data\kitti\2011_09_26\2011_09_26_drive_0013_sync\image_02\data\0000000060.png,E:\monodepth_project\data\kitti\2011_09_26\2011_09_26_drive_0013_sync\velodyne_points\data\0000000060.bin,True,True,375,1242,122151
2011_09_26,2011_09_26_drive_0013_sync,0000000061,E:\monodepth_project\data\kitti\2011_09_26\2011_09_26_drive_0013_sync\image_02\data\0000000061.png,E:\monodepth_project\data\kitti\2011_09_26\2011_09_26_drive_0013_sync\velodyne_points\data\0000000061.bin,True,True,375,1242,122235
2011_09_26,2011_09_26_drive_0013_sync,0000000062,E:\monodepth_project\data\kitti\2011_09_26\2011_09_26_drive_0013_sync\image_02\data\0000000062.png,E:\monodepth_project\data\kitti\2011_09_26\2011_09_26_drive_0013_sync\velodyne_points\data\0000000062.bin,True,True,375,1242,122185
2011_09_26,2011_09_26_drive_0013_sync,0000000063,E:\monodepth_project\data\kitti\2011_09_26\2011_09_26_drive_0013_sync\image_02\data\0000000063.png,E:\monodepth_project\data\kitti\2011_09_26\2011_09_26_drive_0013_sync\velodyne_points\data\0000000063.bin,True,True,375,1242,121978
2011_09_26,2011_09_26_drive_0013_sync,0000000064,E:\monodepth_project\data\kitti\2011_09_26\2011_09_26_drive_0013_sync\image_02\data\0000000064.png,E:\monodepth_project\data\kitti\2011_09_26\2011_09_26_drive_0013_sync\velodyne_points\data\0000000064.bin,True,True,375,1242,122112
2011_09_26,2011_09_26_drive_0013_sync,0000000065,E:\monodepth_project\data\kitti\2011_09_26\2011_09_26_drive_0013_sync\image_02\data\0000000065.png,E:\monodepth_project\data\kitti\2011_09_26\2011_09_26_drive_0013_sync\velodyne_points\data\0000000065.bin,True,True,375,1242,122270
2011_09_26,2011_09_26_drive_0013_sync,0000000066,E:\monodepth_project\data\kitti\2011_09_26\2011_09_26_drive_0013_sync\image_02\data\0000000066.png,E:\monodepth_project\data\kitti\2011_09_26\2011_09_26_drive_0013_sync\velodyne_points\data\0000000066.bin,True,True,375,1242,122448
2011_09_26,2011_09_26_drive_0013_sync,0000000067,E:\monodepth_project\data\kitti\2011_09_26\2011_09_26_drive_0013_sync\image_02\data\0000000067.png,E:\monodepth_project\data\kitti\2011_09_26\2011_09_26_drive_0013_sync\velodyne_points\data\0000000067.bin,True,True,375,1242,122355
2011_09_26,2011_09_26_drive_0013_sync,0000000068,E:\monodepth_project\data\kitti\2011_09_26\2011_09_26_drive_0013_sync\image_02\data\0000000068.png,E:\monodepth_project\data\kitti\2011_09_26\2011_09_26_drive_0013_sync\velodyne_points\data\0000000068.bin,True,True,375,1242,122067
2011_09_26,2011_09_26_drive_0013_sync,0000000069,E:\monodepth_project\data\kitti\2011_09_26\2011_09_26_drive_0013_sync\image_02\data\0000000069.png,E:\monodepth_project\data\kitti\2011_09_26\2011_09_26_drive_0013_sync\velodyne_points\data\0000000069.bin,True,True,375,1242,121850
2011_09_26,2011_09_26_drive_0013_sync,0000000070,E:\monodepth_project\data\kitti\2011_09_26\2011_09_26_drive_0013_sync\image_02\data\0000000070.png,E:\monodepth_project\data\kitti\2011_09_26\2011_09_26_drive_0013_sync\velodyne_points\data\0000000070.bin,True,True,375,1242,121784
2011_09_26,2011_09_26_drive_0013_sync,0000000071,E:\monodepth_project\data\kitti\2011_09_26\2011_09_26_drive_0013_sync\image_02\data\0000000071.png,E:\monodepth_project\data\kitti\2011_09_26\2011_09_26_drive_0013_sync\velodyne_points\data\0000000071.bin,True,True,375,1242,121685
2011_09_26,2011_09_26_drive_0013_sync,0000000072,E:\monodepth_project\data\kitti\2011_09_26\2011_09_26_drive_0013_sync\image_02\data\0000000072.png,E:\monodepth_project\data\kitti\2011_09_26\2011_09_26_drive_0013_sync\velodyne_points\data\0000000072.bin,True,True,375,1242,121696
2011_09_26,2011_09_26_drive_0013_sync,0000000073,E:\monodepth_project\data\kitti\2011_09_26\2011_09_26_drive_0013_sync\image_02\data\0000000073.png,E:\monodepth_project\data\kitti\2011_09_26\2011_09_26_drive_0013_sync\velodyne_points\data\0000000073.bin,True,True,375,1242,121593
2011_09_26,2011_09_26_drive_0013_sync,0000000074,E:\monodepth_project\data\kitti\2011_09_26\2011_09_26_drive_0013_sync\image_02\data\0000000074.png,E:\monodepth_project\data\kitti\2011_09_26\2011_09_26_drive_0013_sync\velodyne_points\data\0000000074.bin,True,True,375,1242,121419
2011_09_26,2011_09_26_drive_0013_sync,0000000075,E:\monodepth_project\data\kitti\2011_09_26\2011_09_26_drive_0013_sync\image_02\data\0000000075.png,E:\monodepth_project\data\kitti\2011_09_26\2011_09_26_drive_0013_sync\velodyne_points\data\0000000075.bin,True,True,375,1242,121211
2011_09_26,2011_09_26_drive_0013_sync,0000000076,E:\monodepth_project\data\kitti\2011_09_26\2011_09_26_drive_0013_sync\image_02\data\0000000076.png,E:\monodepth_project\data\kitti\2011_09_26\2011_09_26_drive_0013_sync\velodyne_points\data\0000000076.bin,True,True,375,1242,121600
2011_09_26,2011_09_26_drive_0013_sync,0000000077,E:\monodepth_project\data\kitti\2011_09_26\2011_09_26_drive_0013_sync\image_02\data\0000000077.png,E:\monodepth_project\data\kitti\2011_09_26\2011_09_26_drive_0013_sync\velodyne_points\data\0000000077.bin,True,True,375,1242,121476
2011_09_26,2011_09_26_drive_0013_sync,0000000078,E:\monodepth_project\data\kitti\2011_09_26\2011_09_26_drive_0013_sync\image_02\data\0000000078.png,E:\monodepth_project\data\kitti\2011_09_26\2011_09_26_drive_0013_sync\velodyne_points\data\0000000078.bin,True,True,375,1242,121749
2011_09_26,2011_09_26_drive_0013_sync,0000000079,E:\monodepth_project\data\kitti\2011_09_26\2011_09_26_drive_0013_sync\image_02\data\0000000079.png,E:\monodepth_project\data\kitti\2011_09_26\2011_09_26_drive_0013_sync\velodyne_points\data\0000000079.bin,True,True,375,1242,122133
2011_09_26,2011_09_26_drive_0013_sync,0000000080,E:\monodepth_project\data\kitti\2011_09_26\2011_09_26_drive_0013_sync\image_02\data\0000000080.png,E:\monodepth_project\data\kitti\2011_09_26\2011_09_26_drive_0013_sync\velodyne_points\data\0000000080.bin,True,True,375,1242,122468
2011_09_26,2011_09_26_drive_0013_sync,0000000081,E:\monodepth_project\data\kitti\2011_09_26\2011_09_26_drive_0013_sync\image_02\data\0000000081.png,E:\monodepth_project\data\kitti\2011_09_26\2011_09_26_drive_0013_sync\velodyne_points\data\0000000081.bin,True,True,375,1242,122744
2011_09_26,2011_09_26_drive_0013_sync,0000000082,E:\monodepth_project\data\kitti\2011_09_26\2011_09_26_drive_0013_sync\image_02\data\0000000082.png,E:\monodepth_project\data\kitti\2011_09_26\2011_09_26_drive_0013_sync\velodyne_points\data\0000000082.bin,True,True,375,1242,122893
2011_09_26,2011_09_26_drive_0013_sync,0000000083,E:\monodepth_project\data\kitti\2011_09_26\2011_09_26_drive_0013_sync\image_02\data\0000000083.png,E:\monodepth_project\data\kitti\2011_09_26\2011_09_26_drive_0013_sync\velodyne_points\data\0000000083.bin,True,True,375,1242,122697
2011_09_26,2011_09_26_drive_0013_sync,0000000084,E:\monodepth_project\data\kitti\2011_09_26\2011_09_26_drive_0013_sync\image_02\data\0000000084.png,E:\monodepth_project\data\kitti\2011_09_26\2011_09_26_drive_0013_sync\velodyne_points\data\0000000084.bin,True,True,375,1242,121987
2011_09_26,2011_09_26_drive_0013_sync,0000000085,E:\monodepth_project\data\kitti\2011_09_26\2011_09_26_drive_0013_sync\image_02\data\0000000085.png,E:\monodepth_project\data\kitti\2011_09_26\2011_09_26_drive_0013_sync\velodyne_points\data\0000000085.bin,True,True,375,1242,121704
2011_09_26,2011_09_26_drive_0013_sync,0000000086,E:\monodepth_project\data\kitti\2011_09_26\2011_09_26_drive_0013_sync\image_02\data\0000000086.png,E:\monodepth_project\data\kitti\2011_09_26\2011_09_26_drive_0013_sync\velodyne_points\data\0000000086.bin,True,True,375,1242,121837
2011_09_26,2011_09_26_drive_0013_sync,0000000087,E:\monodepth_project\data\kitti\2011_09_26\2011_09_26_drive_0013_sync\image_02\data\0000000087.png,E:\monodepth_project\data\kitti\2011_09_26\2011_09_26_drive_0013_sync\velodyne_points\data\0000000087.bin,True,True,375,1242,121948
2011_09_26,2011_09_26_drive_0013_sync,0000000088,E:\monodepth_project\data\kitti\2011_09_26\2011_09_26_drive_0013_sync\image_02\data\0000000088.png,E:\monodepth_project\data\kitti\2011_09_26\2011_09_26_drive_0013_sync\velodyne_points\data\0000000088.bin,True,True,375,1242,121796
2011_09_26,2011_09_26_drive_0013_sync,0000000089,E:\monodepth_project\data\kitti\2011_09_26\2011_09_26_drive_0013_sync\image_02\data\0000000089.png,E:\monodepth_project\data\kitti\2011_09_26\2011_09_26_drive_0013_sync\velodyne_points\data\0000000089.bin,True,True,375,1242,121782
2011_09_26,2011_09_26_drive_0013_sync,0000000090,E:\monodepth_project\data\kitti\2011_09_26\2011_09_26_drive_0013_sync\image_02\data\0000000090.png,E:\monodepth_project\data\kitti\2011_09_26\2011_09_26_drive_0013_sync\velodyne_points\data\0000000090.bin,True,True,375,1242,122229
2011_09_26,2011_09_26_drive_0013_sync,0000000091,E:\monodepth_project\data\kitti\2011_09_26\2011_09_26_drive_0013_sync\image_02\data\0000000091.png,E:\monodepth_project\data\kitti\2011_09_26\2011_09_26_drive_0013_sync\velodyne_points\data\0000000091.bin,True,True,375,1242,122252
2011_09_26,2011_09_26_drive_0013_sync,0000000092,E:\monodepth_project\data\kitti\2011_09_26\2011_09_26_drive_0013_sync\image_02\data\0000000092.png,E:\monodepth_project\data\kitti\2011_09_26\2011_09_26_drive_0013_sync\velodyne_points\data\0000000092.bin,True,True,375,1242,122321
2011_09_26,2011_09_26_drive_0013_sync,0000000093,E:\monodepth_project\data\kitti\2011_09_26\2011_09_26_drive_0013_sync\image_02\data\0000000093.png,E:\monodepth_project\data\kitti\2011_09_26\2011_09_26_drive_0013_sync\velodyne_points\data\0000000093.bin,True,True,375,1242,122459
2011_09_26,2011_09_26_drive_0013_sync,0000000094,E:\monodepth_project\data\kitti\2011_09_26\2011_09_26_drive_0013_sync\image_02\data\0000000094.png,E:\monodepth_project\data\kitti\2011_09_26\2011_09_26_drive_0013_sync\velodyne_points\data\0000000094.bin,True,True,375,1242,122544
2011_09_26,2011_09_26_drive_0013_sync,0000000095,E:\monodepth_project\data\kitti\2011_09_26\2011_09_26_drive_0013_sync\image_02\data\0000000095.png,E:\monodepth_project\data\kitti\2011_09_26\2011_09_26_drive_0013_sync\velodyne_points\data\0000000095.bin,True,True,375,1242,122379
2011_09_26,2011_09_26_drive_0013_sync,0000000096,E:\monodepth_project\data\kitti\2011_09_26\2011_09_26_drive_0013_sync\image_02\data\0000000096.png,E:\monodepth_project\data\kitti\2011_09_26\2011_09_26_drive_0013_sync\velodyne_points\data\0000000096.bin,True,True,375,1242,122498
2011_09_26,2011_09_26_drive_0013_sync,0000000097,E:\monodepth_project\data\kitti\2011_09_26\2011_09_26_drive_0013_sync\image_02\data\0000000097.png,E:\monodepth_project\data\kitti\2011_09_26\2011_09_26_drive_0013_sync\velodyne_points\data\0000000097.bin,True,True,375,1242,122227
2011_09_26,2011_09_26_drive_0013_sync,0000000098,E:\monodepth_project\data\kitti\2011_09_26\2011_09_26_drive_0013_sync\image_02\data\0000000098.png,E:\monodepth_project\data\kitti\2011_09_26\2011_09_26_drive_0013_sync\velodyne_points\data\0000000098.bin,True,True,375,1242,122224
2011_09_26,2011_09_26_drive_0013_sync,0000000099,E:\monodepth_project\data\kitti\2011_09_26\2011_09_26_drive_0013_sync\image_02\data\0000000099.png,E:\monodepth_project\data\kitti\2011_09_26\2011_09_26_drive_0013_sync\velodyne_points\data\0000000099.bin,True,True,375,1242,122503
2011_09_26,2011_09_26_drive_0013_sync,0000000100,E:\monodepth_project\data\kitti\2011_09_26\2011_09_26_drive_0013_sync\image_02\data\0000000100.png,E:\monodepth_project\data\kitti\2011_09_26\2011_09_26_drive_0013_sync\velodyne_points\data\0000000100.bin,True,True,375,1242,122490
2011_09_26,2011_09_26_drive_0013_sync,0000000101,E:\monodepth_project\data\kitti\2011_09_26\2011_09_26_drive_0013_sync\image_02\data\0000000101.png,E:\monodepth_project\data\kitti\2011_09_26\2011_09_26_drive_0013_sync\velodyne_points\data\0000000101.bin,True,True,375,1242,122199
2011_09_26,2011_09_26_drive_0013_sync,0000000102,E:\monodepth_project\data\kitti\2011_09_26\2011_09_26_drive_0013_sync\image_02\data\0000000102.png,E:\monodepth_project\data\kitti\2011_09_26\2011_09_26_drive_0013_sync\velodyne_points\data\0000000102.bin,True,True,375,1242,122519
2011_09_26,2011_09_26_drive_0013_sync,0000000103,E:\monodepth_project\data\kitti\2011_09_26\2011_09_26_drive_0013_sync\image_02\data\0000000103.png,E:\monodepth_project\data\kitti\2011_09_26\2011_09_26_drive_0013_sync\velodyne_points\data\0000000103.bin,True,True,375,1242,122312
2011_09_26,2011_09_26_drive_0013_sync,0000000104,E:\monodepth_project\data\kitti\2011_09_26\2011_09_26_drive_0013_sync\image_02\data\0000000104.png,E:\monodepth_project\data\kitti\2011_09_26\2011_09_26_drive_0013_sync\velodyne_points\data\0000000104.bin,True,True,375,1242,122323
2011_09_26,2011_09_26_drive_0013_sync,0000000105,E:\monodepth_project\data\kitti\2011_09_26\2011_09_26_drive_0013_sync\image_02\data\0000000105.png,E:\monodepth_project\data\kitti\2011_09_26\2011_09_26_drive_0013_sync\velodyne_points\data\0000000105.bin,True,True,375,1242,122149
2011_09_26,2011_09_26_drive_0013_sync,0000000106,E:\monodepth_project\data\kitti\2011_09_26\2011_09_26_drive_0013_sync\image_02\data\0000000106.png,E:\monodepth_project\data\kitti\2011_09_26\2011_09_26_drive_0013_sync\velodyne_points\data\0000000106.bin,True,True,375,1242,121627
2011_09_26,2011_09_26_drive_0013_sync,0000000107,E:\monodepth_project\data\kitti\2011_09_26\2011_09_26_drive_0013_sync\image_02\data\0000000107.png,E:\monodepth_project\data\kitti\2011_09_26\2011_09_26_drive_0013_sync\velodyne_points\data\0000000107.bin,True,True,375,1242,122030
2011_09_26,2011_09_26_drive_0013_sync,0000000108,E:\monodepth_project\data\kitti\2011_09_26\2011_09_26_drive_0013_sync\image_02\data\0000000108.png,E:\monodepth_project\data\kitti\2011_09_26\2011_09_26_drive_0013_sync\velodyne_points\data\0000000108.bin,True,True,375,1242,122674
2011_09_26,2011_09_26_drive_0013_sync,0000000109,E:\monodepth_project\data\kitti\2011_09_26\2011_09_26_drive_0013_sync\image_02\data\0000000109.png,E:\monodepth_project\data\kitti\2011_09_26\2011_09_26_drive_0013_sync\velodyne_points\data\0000000109.bin,True,True,375,1242,123405
2011_09_26,2011_09_26_drive_0013_sync,0000000110,E:\monodepth_project\data\kitti\2011_09_26\2011_09_26_drive_0013_sync\image_02\data\0000000110.png,E:\monodepth_project\data\kitti\2011_09_26\2011_09_26_drive_0013_sync\velodyne_points\data\0000000110.bin,True,True,375,1242,123785
2011_09_26,2011_09_26_drive_0013_sync,0000000111,E:\monodepth_project\data\kitti\2011_09_26\2011_09_26_drive_0013_sync\image_02\data\0000000111.png,E:\monodepth_project\data\kitti\2011_09_26\2011_09_26_drive_0013_sync\velodyne_points\data\0000000111.bin,True,True,375,1242,123725
2011_09_26,2011_09_26_drive_0013_sync,0000000112,E:\monodepth_project\data\kitti\2011_09_26\2011_09_26_drive_0013_sync\image_02\data\0000000112.png,E:\monodepth_project\data\kitti\2011_09_26\2011_09_26_drive_0013_sync\velodyne_points\data\0000000112.bin,True,True,375,1242,123987
2011_09_26,2011_09_26_drive_0013_sync,0000000113,E:\monodepth_project\data\kitti\2011_09_26\2011_09_26_drive_0013_sync\image_02\data\0000000113.png,E:\monodepth_project\data\kitti\2011_09_26\2011_09_26_drive_0013_sync\velodyne_points\data\0000000113.bin,True,True,375,1242,124219
2011_09_26,2011_09_26_drive_0013_sync,0000000114,E:\monodepth_project\data\kitti\2011_09_26\2011_09_26_drive_0013_sync\image_02\data\0000000114.png,E:\monodepth_project\data\kitti\2011_09_26\2011_09_26_drive_0013_sync\velodyne_points\data\0000000114.bin,True,True,375,1242,124340
2011_09_26,2011_09_26_drive_0013_sync,0000000115,E:\monodepth_project\data\kitti\2011_09_26\2011_09_26_drive_0013_sync\image_02\data\0000000115.png,E:\monodepth_project\data\kitti\2011_09_26\2011_09_26_drive_0013_sync\velodyne_points\data\0000000115.bin,True,True,375,1242,124424
2011_09_26,2011_09_26_drive_0013_sync,0000000116,E:\monodepth_project\data\kitti\2011_09_26\2011_09_26_drive_0013_sync\image_02\data\0000000116.png,E:\monodepth_project\data\kitti\2011_09_26\2011_09_26_drive_0013_sync\velodyne_points\data\0000000116.bin,True,True,375,1242,124469
2011_09_26,2011_09_26_drive_0013_sync,0000000117,E:\monodepth_project\data\kitti\2011_09_26\2011_09_26_drive_0013_sync\image_02\data\0000000117.png,E:\monodepth_project\data\kitti\2011_09_26\2011_09_26_drive_0013_sync\velodyne_points\data\0000000117.bin,True,True,375,1242,124388
2011_09_26,2011_09_26_drive_0013_sync,0000000118,E:\monodepth_project\data\kitti\2011_09_26\2011_09_26_drive_0013_sync\image_02\data\0000000118.png,E:\monodepth_project\data\kitti\2011_09_26\2011_09_26_drive_0013_sync\velodyne_points\data\0000000118.bin,True,True,375,1242,124394
2011_09_26,2011_09_26_drive_0013_sync,0000000119,E:\monodepth_project\data\kitti\2011_09_26\2011_09_26_drive_0013_sync\image_02\data\0000000119.png,E:\monodepth_project\data\kitti\2011_09_26\2011_09_26_drive_0013_sync\velodyne_points\data\0000000119.bin,True,True,375,1242,124544
2011_09_26,2011_09_26_drive_0013_sync,0000000120,E:\monodepth_project\data\kitti\2011_09_26\2011_09_26_drive_0013_sync\image_02\data\0000000120.png,E:\monodepth_project\data\kitti\2011_09_26\2011_09_26_drive_0013_sync\velodyne_points\data\0000000120.bin,True,True,375,1242,124465
2011_09_26,2011_09_26_drive_0013_sync,0000000121,E:\monodepth_project\data\kitti\2011_09_26\2011_09_26_drive_0013_sync\image_02\data\0000000121.png,E:\monodepth_project\data\kitti\2011_09_26\2011_09_26_drive_0013_sync\velodyne_points\data\0000000121.bin,True,True,375,1242,124154
2011_09_26,2011_09_26_drive_0013_sync,0000000122,E:\monodepth_project\data\kitti\2011_09_26\2011_09_26_drive_0013_sync\image_02\data\0000000122.png,E:\monodepth_project\data\kitti\2011_09_26\2011_09_26_drive_0013_sync\velodyne_points\data\0000000122.bin,True,True,375,1242,124206
2011_09_26,2011_09_26_drive_0013_sync,0000000123,E:\monodepth_project\data\kitti\2011_09_26\2011_09_26_drive_0013_sync\image_02\data\0000000123.png,E:\monodepth_project\data\kitti\2011_09_26\2011_09_26_drive_0013_sync\velodyne_points\data\0000000123.bin,True,True,375,1242,124232
2011_09_26,2011_09_26_drive_0013_sync,0000000124,E:\monodepth_project\data\kitti\2011_09_26\2011_09_26_drive_0013_sync\image_02\data\0000000124.png,E:\monodepth_project\data\kitti\2011_09_26\2011_09_26_drive_0013_sync\velodyne_points\data\0000000124.bin,True,True,375,1242,124198
2011_09_26,2011_09_26_drive_0013_sync,0000000125,E:\monodepth_project\data\kitti\2011_09_26\2011_09_26_drive_0013_sync\image_02\data\0000000125.png,E:\monodepth_project\data\kitti\2011_09_26\2011_09_26_drive_0013_sync\velodyne_points\data\0000000125.bin,True,True,375,1242,124166
2011_09_26,2011_09_26_drive_0013_sync,0000000126,E:\monodepth_project\data\kitti\2011_09_26\2011_09_26_drive_0013_sync\image_02\data\0000000126.png,E:\monodepth_project\data\kitti\2011_09_26\2011_09_26_drive_0013_sync\velodyne_points\data\0000000126.bin,True,True,375,1242,123937
2011_09_26,2011_09_26_drive_0013_sync,0000000127,E:\monodepth_project\data\kitti\2011_09_26\2011_09_26_drive_0013_sync\image_02\data\0000000127.png,E:\monodepth_project\data\kitti\2011_09_26\2011_09_26_drive_0013_sync\velodyne_points\data\0000000127.bin,True,True,375,1242,123789
2011_09_26,2011_09_26_drive_0013_sync,0000000128,E:\monodepth_project\data\kitti\2011_09_26\2011_09_26_drive_0013_sync\image_02\data\0000000128.png,E:\monodepth_project\data\kitti\2011_09_26\2011_09_26_drive_0013_sync\velodyne_points\data\0000000128.bin,True,True,375,1242,123697
2011_09_26,2011_09_26_drive_0013_sync,0000000129,E:\monodepth_project\data\kitti\2011_09_26\2011_09_26_drive_0013_sync\image_02\data\0000000129.png,E:\monodepth_project\data\kitti\2011_09_26\2011_09_26_drive_0013_sync\velodyne_points\data\0000000129.bin,True,True,375,1242,123303
2011_09_26,2011_09_26_drive_0013_sync,0000000130,E:\monodepth_project\data\kitti\2011_09_26\2011_09_26_drive_0013_sync\image_02\data\0000000130.png,E:\monodepth_project\data\kitti\2011_09_26\2011_09_26_drive_0013_sync\velodyne_points\data\0000000130.bin,True,True,375,1242,123189
2011_09_26,2011_09_26_drive_0013_sync,0000000131,E:\monodepth_project\data\kitti\2011_09_26\2011_09_26_drive_0013_sync\image_02\data\0000000131.png,E:\monodepth_project\data\kitti\2011_09_26\2011_09_26_drive_0013_sync\velodyne_points\data\0000000131.bin,True,True,375,1242,123073
2011_09_26,2011_09_26_drive_0013_sync,0000000132,E:\monodepth_project\data\kitti\2011_09_26\2011_09_26_drive_0013_sync\image_02\data\0000000132.png,E:\monodepth_project\data\kitti\2011_09_26\2011_09_26_drive_0013_sync\velodyne_points\data\0000000132.bin,True,True,375,1242,123233
2011_09_26,2011_09_26_drive_0013_sync,0000000133,E:\monodepth_project\data\kitti\2011_09_26\2011_09_26_drive_0013_sync\image_02\data\0000000133.png,E:\monodepth_project\data\kitti\2011_09_26\2011_09_26_drive_0013_sync\velodyne_points\data\0000000133.bin,True,True,375,1242,123155
2011_09_26,2011_09_26_drive_0013_sync,0000000134,E:\monodepth_project\data\kitti\2011_09_26\2011_09_26_drive_0013_sync\image_02\data\0000000134.png,E:\monodepth_project\data\kitti\2011_09_26\2011_09_26_drive_0013_sync\velodyne_points\data\0000000134.bin,True,True,375,1242,123342
2011_09_26,2011_09_26_drive_0013_sync,0000000135,E:\monodepth_project\data\kitti\2011_09_26\2011_09_26_drive_0013_sync\image_02\data\0000000135.png,E:\monodepth_project\data\kitti\2011_09_26\2011_09_26_drive_0013_sync\velodyne_points\data\0000000135.bin,True,True,375,1242,123530
2011_09_26,2011_09_26_drive_0013_sync,0000000136,E:\monodepth_project\data\kitti\2011_09_26\2011_09_26_drive_0013_sync\image_02\data\0000000136.png,E:\monodepth_project\data\kitti\2011_09_26\2011_09_26_drive_0013_sync\velodyne_points\data\0000000136.bin,True,True,375,1242,123666
2011_09_26,2011_09_26_drive_0013_sync,0000000137,E:\monodepth_project\data\kitti\2011_09_26\2011_09_26_drive_0013_sync\image_02\data\0000000137.png,E:\monodepth_project\data\kitti\2011_09_26\2011_09_26_drive_0013_sync\velodyne_points\data\0000000137.bin,True,True,375,1242,123918
2011_09_26,2011_09_26_drive_0013_sync,0000000138,E:\monodepth_project\data\kitti\2011_09_26\2011_09_26_drive_0013_sync\image_02\data\0000000138.png,E:\monodepth_project\data\kitti\2011_09_26\2011_09_26_drive_0013_sync\velodyne_points\data\0000000138.bin,True,True,375,1242,123949
2011_09_26,2011_09_26_drive_0013_sync,0000000139,E:\monodepth_project\data\kitti\2011_09_26\2011_09_26_drive_0013_sync\image_02\data\0000000139.png,E:\monodepth_project\data\kitti\2011_09_26\2011_09_26_drive_0013_sync\velodyne_points\data\0000000139.bin,True,True,375,1242,123796
2011_09_26,2011_09_26_drive_0013_sync,0000000140,E:\monodepth_project\data\kitti\2011_09_26\2011_09_26_drive_0013_sync\image_02\data\0000000140.png,E:\monodepth_project\data\kitti\2011_09_26\2011_09_26_drive_0013_sync\velodyne_points\data\0000000140.bin,True,True,375,1242,123777
2011_09_26,2011_09_26_drive_0013_sync,0000000141,E:\monodepth_project\data\kitti\2011_09_26\2011_09_26_drive_0013_sync\image_02\data\0000000141.png,E:\monodepth_project\data\kitti\2011_09_26\2011_09_26_drive_0013_sync\velodyne_points\data\0000000141.bin,True,True,375,1242,123786
2011_09_26,2011_09_26_drive_0013_sync,0000000142,E:\monodepth_project\data\kitti\2011_09_26\2011_09_26_drive_0013_sync\image_02\data\0000000142.png,E:\monodepth_project\data\kitti\2011_09_26\2011_09_26_drive_0013_sync\velodyne_points\data\0000000142.bin,True,True,375,1242,123795
2011_09_26,2011_09_26_drive_0013_sync,0000000143,E:\monodepth_project\data\kitti\2011_09_26\2011_09_26_drive_0013_sync\image_02\data\0000000143.png,E:\monodepth_project\data\kitti\2011_09_26\2011_09_26_drive_0013_sync\velodyne_points\data\0000000143.bin,True,True,375,1242,112484
2011_09_26,2011_09_26_drive_0014_sync,0000000000,E:\monodepth_project\data\kitti\2011_09_26\2011_09_26_drive_0014_sync\image_02\data\0000000000.png,E:\monodepth_project\data\kitti\2011_09_26\2011_09_26_drive_0014_sync\velodyne_points\data\0000000000.bin,True,True,375,1242,123680
2011_09_26,2011_09_26_drive_0014_sync,0000000001,E:\monodepth_project\data\kitti\2011_09_26\2011_09_26_drive_0014_sync\image_02\data\0000000001.png,E:\monodepth_project\data\kitti\2011_09_26\2011_09_26_drive_0014_sync\velodyne_points\data\0000000001.bin,True,True,375,1242,123643
2011_09_26,2011_09_26_drive_0014_sync,0000000002,E:\monodepth_project\data\kitti\2011_09_26\2011_09_26_drive_0014_sync\image_02\data\0000000002.png,E:\monodepth_project\data\kitti\2011_09_26\2011_09_26_drive_0014_sync\velodyne_points\data\0000000002.bin,True,True,375,1242,123759
2011_09_26,2011_09_26_drive_0014_sync,0000000003,E:\monodepth_project\data\kitti\2011_09_26\2011_09_26_drive_0014_sync\image_02\data\0000000003.png,E:\monodepth_project\data\kitti\2011_09_26\2011_09_26_drive_0014_sync\velodyne_points\data\0000000003.bin,True,True,375,1242,123843
2011_09_26,2011_09_26_drive_0014_sync,0000000004,E:\monodepth_project\data\kitti\2011_09_26\2011_09_26_drive_0014_sync\image_02\data\0000000004.png,E:\monodepth_project\data\kitti\2011_09_26\2011_09_26_drive_0014_sync\velodyne_points\data\0000000004.bin,True,True,375,1242,123695
2011_09_26,2011_09_26_drive_0014_sync,0000000005,E:\monodepth_project\data\kitti\2011_09_26\2011_09_26_drive_0014_sync\image_02\data\0000000005.png,E:\monodepth_project\data\kitti\2011_09_26\2011_09_26_drive_0014_sync\velodyne_points\data\0000000005.bin,True,True,375,1242,123668
2011_09_26,2011_09_26_drive_0014_sync,0000000006,E:\monodepth_project\data\kitti\2011_09_26\2011_09_26_drive_0014_sync\image_02\data\0000000006.png,E:\monodepth_project\data\kitti\2011_09_26\2011_09_26_drive_0014_sync\velodyne_points\data\0000000006.bin,True,True,375,1242,123618
2011_09_26,2011_09_26_drive_0014_sync,0000000007,E:\monodepth_project\data\kitti\2011_09_26\2011_09_26_drive_0014_sync\image_02\data\0000000007.png,E:\monodepth_project\data\kitti\2011_09_26\2011_09_26_drive_0014_sync\velodyne_points\data\0000000007.bin,True,True,375,1242,123316
2011_09_26,2011_09_26_drive_0014_sync,0000000008,E:\monodepth_project\data\kitti\2011_09_26\2011_09_26_drive_0014_sync\image_02\data\0000000008.png,E:\monodepth_project\data\kitti\2011_09_26\2011_09_26_drive_0014_sync\velodyne_points\data\0000000008.bin,True,True,375,1242,123051
2011_09_26,2011_09_26_drive_0014_sync,0000000009,E:\monodepth_project\data\kitti\2011_09_26\2011_09_26_drive_0014_sync\image_02\data\0000000009.png,E:\monodepth_project\data\kitti\2011_09_26\2011_09_26_drive_0014_sync\velodyne_points\data\0000000009.bin,True,True,375,1242,122879
2011_09_26,2011_09_26_drive_0014_sync,0000000010,E:\monodepth_project\data\kitti\2011_09_26\2011_09_26_drive_0014_sync\image_02\data\0000000010.png,E:\monodepth_project\data\kitti\2011_09_26\2011_09_26_drive_0014_sync\velodyne_points\data\0000000010.bin,True,True,375,1242,122966
2011_09_26,2011_09_26_drive_0014_sync,0000000011,E:\monodepth_project\data\kitti\2011_09_26\2011_09_26_drive_0014_sync\image_02\data\0000000011.png,E:\monodepth_project\data\kitti\2011_09_26\2011_09_26_drive_0014_sync\velodyne_points\data\0000000011.bin,True,True,375,1242,122722
2011_09_26,2011_09_26_drive_0014_sync,0000000012,E:\monodepth_project\data\kitti\2011_09_26\2011_09_26_drive_0014_sync\image_02\data\0000000012.png,E:\monodepth_project\data\kitti\2011_09_26\2011_09_26_drive_0014_sync\velodyne_points\data\0000000012.bin,True,True,375,1242,122804
2011_09_26,2011_09_26_drive_0014_sync,0000000013,E:\monodepth_project\data\kitti\2011_09_26\2011_09_26_drive_0014_sync\image_02\data\0000000013.png,E:\monodepth_project\data\kitti\2011_09_26\2011_09_26_drive_0014_sync\velodyne_points\data\0000000013.bin,True,True,375,1242,122747
2011_09_26,2011_09_26_drive_0014_sync,0000000014,E:\monodepth_project\data\kitti\2011_09_26\2011_09_26_drive_0014_sync\image_02\data\0000000014.png,E:\monodepth_project\data\kitti\2011_09_26\2011_09_26_drive_0014_sync\velodyne_points\data\0000000014.bin,True,True,375,1242,122802
2011_09_26,2011_09_26_drive_0014_sync,0000000015,E:\monodepth_project\data\kitti\2011_09_26\2011_09_26_drive_0014_sync\image_02\data\0000000015.png,E:\monodepth_project\data\kitti\2011_09_26\2011_09_26_drive_0014_sync\velodyne_points\data\0000000015.bin,True,True,375,1242,122826
2011_09_26,2011_09_26_drive_0014_sync,0000000016,E:\monodepth_project\data\kitti\2011_09_26\2011_09_26_drive_0014_sync\image_02\data\0000000016.png,E:\monodepth_project\data\kitti\2011_09_26\2011_09_26_drive_0014_sync\velodyne_points\data\0000000016.bin,True,True,375,1242,122740
2011_09_26,2011_09_26_drive_0014_sync,0000000017,E:\monodepth_project\data\kitti\2011_09_26\2011_09_26_drive_0014_sync\image_02\data\0000000017.png,E:\monodepth_project\data\kitti\2011_09_26\2011_09_26_drive_0014_sync\velodyne_points\data\0000000017.bin,True,True,375,1242,122383
2011_09_26,2011_09_26_drive_0014_sync,0000000018,E:\monodepth_project\data\kitti\2011_09_26\2011_09_26_drive_0014_sync\image_02\data\0000000018.png,E:\monodepth_project\data\kitti\2011_09_26\2011_09_26_drive_0014_sync\velodyne_points\data\0000000018.bin,True,True,375,1242,122446
2011_09_26,2011_09_26_drive_0014_sync,0000000019,E:\monodepth_project\data\kitti\2011_09_26\2011_09_26_drive_0014_sync\image_02\data\0000000019.png,E:\monodepth_project\data\kitti\2011_09_26\2011_09_26_drive_0014_sync\velodyne_points\data\0000000019.bin,True,True,375,1242,122443
2011_09_26,2011_09_26_drive_0014_sync,0000000020,E:\monodepth_project\data\kitti\2011_09_26\2011_09_26_drive_0014_sync\image_02\data\0000000020.png,E:\monodepth_project\data\kitti\2011_09_26\2011_09_26_drive_0014_sync\velodyne_points\data\0000000020.bin,True,True,375,1242,122588
2011_09_26,2011_09_26_drive_0014_sync,0000000021,E:\monodepth_project\data\kitti\2011_09_26\2011_09_26_drive_0014_sync\image_02\data\0000000021.png,E:\monodepth_project\data\kitti\2011_09_26\2011_09_26_drive_0014_sync\velodyne_points\data\0000000021.bin,True,True,375,1242,122507
2011_09_26,2011_09_26_drive_0014_sync,0000000022,E:\monodepth_project\data\kitti\2011_09_26\2011_09_26_drive_0014_sync\image_02\data\0000000022.png,E:\monodepth_project\data\kitti\2011_09_26\2011_09_26_drive_0014_sync\velodyne_points\data\0000000022.bin,True,True,375,1242,122667
2011_09_26,2011_09_26_drive_0014_sync,0000000023,E:\monodepth_project\data\kitti\2011_09_26\2011_09_26_drive_0014_sync\image_02\data\0000000023.png,E:\monodepth_project\data\kitti\2011_09_26\2011_09_26_drive_0014_sync\velodyne_points\data\0000000023.bin,True,True,375,1242,122483
2011_09_26,2011_09_26_drive_0014_sync,0000000024,E:\monodepth_project\data\kitti\2011_09_26\2011_09_26_drive_0014_sync\image_02\data\0000000024.png,E:\monodepth_project\data\kitti\2011_09_26\2011_09_26_drive_0014_sync\velodyne_points\data\0000000024.bin,True,True,375,1242,122551
2011_09_26,2011_09_26_drive_0014_sync,0000000025,E:\monodepth_project\data\kitti\2011_09_26\2011_09_26_drive_0014_sync\image_02\data\0000000025.png,E:\monodepth_project\data\kitti\2011_09_26\2011_09_26_drive_0014_sync\velodyne_points\data\0000000025.bin,True,True,375,1242,122516
2011_09_26,2011_09_26_drive_0014_sync,0000000026,E:\monodepth_project\data\kitti\2011_09_26\2011_09_26_drive_0014_sync\image_02\data\0000000026.png,E:\monodepth_project\data\kitti\2011_09_26\2011_09_26_drive_0014_sync\velodyne_points\data\0000000026.bin,True,True,375,1242,122521
2011_09_26,2011_09_26_drive_0014_sync,0000000027,E:\monodepth_project\data\kitti\2011_09_26\2011_09_26_drive_0014_sync\image_02\data\0000000027.png,E:\monodepth_project\data\kitti\2011_09_26\2011_09_26_drive_0014_sync\velodyne_points\data\0000000027.bin,True,True,375,1242,122437
2011_09_26,2011_09_26_drive_0014_sync,0000000028,E:\monodepth_project\data\kitti\2011_09_26\2011_09_26_drive_0014_sync\image_02\data\0000000028.png,E:\monodepth_project\data\kitti\2011_09_26\2011_09_26_drive_0014_sync\velodyne_points\data\0000000028.bin,True,True,375,1242,122196
2011_09_26,2011_09_26_drive_0014_sync,0000000029,E:\monodepth_project\data\kitti\2011_09_26\2011_09_26_drive_0014_sync\image_02\data\0000000029.png,E:\monodepth_project\data\kitti\2011_09_26\2011_09_26_drive_0014_sync\velodyne_points\data\0000000029.bin,True,True,375,1242,122140
2011_09_26,2011_09_26_drive_0014_sync,0000000030,E:\monodepth_project\data\kitti\2011_09_26\2011_09_26_drive_0014_sync\image_02\data\0000000030.png,E:\monodepth_project\data\kitti\2011_09_26\2011_09_26_drive_0014_sync\velodyne_points\data\0000000030.bin,True,True,375,1242,122101
2011_09_26,2011_09_26_drive_0014_sync,0000000031,E:\monodepth_project\data\kitti\2011_09_26\2011_09_26_drive_0014_sync\image_02\data\0000000031.png,E:\monodepth_project\data\kitti\2011_09_26\2011_09_26_drive_0014_sync\velodyne_points\data\0000000031.bin,True,True,375,1242,121901
2011_09_26,2011_09_26_drive_0014_sync,0000000032,E:\monodepth_project\data\kitti\2011_09_26\2011_09_26_drive_0014_sync\image_02\data\0000000032.png,E:\monodepth_project\data\kitti\2011_09_26\2011_09_26_drive_0014_sync\velodyne_points\data\0000000032.bin,True,True,375,1242,121994
2011_09_26,2011_09_26_drive_0014_sync,0000000033,E:\monodepth_project\data\kitti\2011_09_26\2011_09_26_drive_0014_sync\image_02\data\0000000033.png,E:\monodepth_project\data\kitti\2011_09_26\2011_09_26_drive_0014_sync\velodyne_points\data\0000000033.bin,True,True,375,1242,121914
2011_09_26,2011_09_26_drive_0014_sync,0000000034,E:\monodepth_project\data\kitti\2011_09_26\2011_09_26_drive_0014_sync\image_02\data\0000000034.png,E:\monodepth_project\data\kitti\2011_09_26\2011_09_26_drive_0014_sync\velodyne_points\data\0000000034.bin,True,True,375,1242,121870
2011_09_26,2011_09_26_drive_0014_sync,0000000035,E:\monodepth_project\data\kitti\2011_09_26\2011_09_26_drive_0014_sync\image_02\data\0000000035.png,E:\monodepth_project\data\kitti\2011_09_26\2011_09_26_drive_0014_sync\velodyne_points\data\0000000035.bin,True,True,375,1242,121704
2011_09_26,2011_09_26_drive_0014_sync,0000000036,E:\monodepth_project\data\kitti\2011_09_26\2011_09_26_drive_0014_sync\image_02\data\0000000036.png,E:\monodepth_project\data\kitti\2011_09_26\2011_09_26_drive_0014_sync\velodyne_points\data\0000000036.bin,True,True,375,1242,121433
2011_09_26,2011_09_26_drive_0014_sync,0000000037,E:\monodepth_project\data\kitti\2011_09_26\2011_09_26_drive_0014_sync\image_02\data\0000000037.png,E:\monodepth_project\data\kitti\2011_09_26\2011_09_26_drive_0014_sync\velodyne_points\data\0000000037.bin,True,True,375,1242,121334
2011_09_26,2011_09_26_drive_0014_sync,0000000038,E:\monodepth_project\data\kitti\2011_09_26\2011_09_26_drive_0014_sync\image_02\data\0000000038.png,E:\monodepth_project\data\kitti\2011_09_26\2011_09_26_drive_0014_sync\velodyne_points\data\0000000038.bin,True,True,375,1242,121257
2011_09_26,2011_09_26_drive_0014_sync,0000000039,E:\monodepth_project\data\kitti\2011_09_26\2011_09_26_drive_0014_sync\image_02\data\0000000039.png,E:\monodepth_project\data\kitti\2011_09_26\2011_09_26_drive_0014_sync\velodyne_points\data\0000000039.bin,True,True,375,1242,121150
2011_09_26,2011_09_26_drive_0014_sync,0000000040,E:\monodepth_project\data\kitti\2011_09_26\2011_09_26_drive_0014_sync\image_02\data\0000000040.png,E:\monodepth_project\data\kitti\2011_09_26\2011_09_26_drive_0014_sync\velodyne_points\data\0000000040.bin,True,True,375,1242,120989
2011_09_26,2011_09_26_drive_0014_sync,0000000041,E:\monodepth_project\data\kitti\2011_09_26\2011_09_26_drive_0014_sync\image_02\data\0000000041.png,E:\monodepth_project\data\kitti\2011_09_26\2011_09_26_drive_0014_sync\velodyne_points\data\0000000041.bin,True,True,375,1242,121115
2011_09_26,2011_09_26_drive_0014_sync,0000000042,E:\monodepth_project\data\kitti\2011_09_26\2011_09_26_drive_0014_sync\image_02\data\0000000042.png,E:\monodepth_project\data\kitti\2011_09_26\2011_09_26_drive_0014_sync\velodyne_points\data\0000000042.bin,True,True,375,1242,121175
2011_09_26,2011_09_26_drive_0014_sync,0000000043,E:\monodepth_project\data\kitti\2011_09_26\2011_09_26_drive_0014_sync\image_02\data\0000000043.png,E:\monodepth_project\data\kitti\2011_09_26\2011_09_26_drive_0014_sync\velodyne_points\data\0000000043.bin,True,True,375,1242,121401
2011_09_26,2011_09_26_drive_0014_sync,0000000044,E:\monodepth_project\data\kitti\2011_09_26\2011_09_26_drive_0014_sync\image_02\data\0000000044.png,E:\monodepth_project\data\kitti\2011_09_26\2011_09_26_drive_0014_sync\velodyne_points\data\0000000044.bin,True,True,375,1242,121435
2011_09_26,2011_09_26_drive_0014_sync,0000000045,E:\monodepth_project\data\kitti\2011_09_26\2011_09_26_drive_0014_sync\image_02\data\0000000045.png,E:\monodepth_project\data\kitti\2011_09_26\2011_09_26_drive_0014_sync\velodyne_points\data\0000000045.bin,True,True,375,1242,121435
2011_09_26,2011_09_26_drive_0014_sync,0000000046,E:\monodepth_project\data\kitti\2011_09_26\2011_09_26_drive_0014_sync\image_02\data\0000000046.png,E:\monodepth_project\data\kitti\2011_09_26\2011_09_26_drive_0014_sync\velodyne_points\data\0000000046.bin,True,True,375,1242,121555
2011_09_26,2011_09_26_drive_0014_sync,0000000047,E:\monodepth_project\data\kitti\2011_09_26\2011_09_26_drive_0014_sync\image_02\data\0000000047.png,E:\monodepth_project\data\kitti\2011_09_26\2011_09_26_drive_0014_sync\velodyne_points\data\0000000047.bin,True,True,375,1242,121959
2011_09_26,2011_09_26_drive_0014_sync,0000000048,E:\monodepth_project\data\kitti\2011_09_26\2011_09_26_drive_0014_sync\image_02\data\0000000048.png,E:\monodepth_project\data\kitti\2011_09_26\2011_09_26_drive_0014_sync\velodyne_points\data\0000000048.bin,True,True,375,1242,122115
2011_09_26,2011_09_26_drive_0014_sync,0000000049,E:\monodepth_project\data\kitti\2011_09_26\2011_09_26_drive_0014_sync\image_02\data\0000000049.png,E:\monodepth_project\data\kitti\2011_09_26\2011_09_26_drive_0014_sync\velodyne_points\data\0000000049.bin,True,True,375,1242,122423
2011_09_26,2011_09_26_drive_0014_sync,0000000050,E:\monodepth_project\data\kitti\2011_09_26\2011_09_26_drive_0014_sync\image_02\data\0000000050.png,E:\monodepth_project\data\kitti\2011_09_26\2011_09_26_drive_0014_sync\velodyne_points\data\0000000050.bin,True,True,375,1242,122676
2011_09_26,2011_09_26_drive_0014_sync,0000000051,E:\monodepth_project\data\kitti\2011_09_26\2011_09_26_drive_0014_sync\image_02\data\0000000051.png,E:\monodepth_project\data\kitti\2011_09_26\2011_09_26_drive_0014_sync\velodyne_points\data\0000000051.bin,True,True,375,1242,122746
2011_09_26,2011_09_26_drive_0014_sync,0000000052,E:\monodepth_project\data\kitti\2011_09_26\2011_09_26_drive_0014_sync\image_02\data\0000000052.png,E:\monodepth_project\data\kitti\2011_09_26\2011_09_26_drive_0014_sync\velodyne_points\data\0000000052.bin,True,True,375,1242,122678
2011_09_26,2011_09_26_drive_0014_sync,0000000053,E:\monodepth_project\data\kitti\2011_09_26\2011_09_26_drive_0014_sync\image_02\data\0000000053.png,E:\monodepth_project\data\kitti\2011_09_26\2011_09_26_drive_0014_sync\velodyne_points\data\0000000053.bin,True,True,375,1242,122606
2011_09_26,2011_09_26_drive_0014_sync,0000000054,E:\monodepth_project\data\kitti\2011_09_26\2011_09_26_drive_0014_sync\image_02\data\0000000054.png,E:\monodepth_project\data\kitti\2011_09_26\2011_09_26_drive_0014_sync\velodyne_points\data\0000000054.bin,True,True,375,1242,122489
2011_09_26,2011_09_26_drive_0014_sync,0000000055,E:\monodepth_project\data\kitti\2011_09_26\2011_09_26_drive_0014_sync\image_02\data\0000000055.png,E:\monodepth_project\data\kitti\2011_09_26\2011_09_26_drive_0014_sync\velodyne_points\data\0000000055.bin,True,True,375,1242,122299
2011_09_26,2011_09_26_drive_0014_sync,0000000056,E:\monodepth_project\data\kitti\2011_09_26\2011_09_26_drive_0014_sync\image_02\data\0000000056.png,E:\monodepth_project\data\kitti\2011_09_26\2011_09_26_drive_0014_sync\velodyne_points\data\0000000056.bin,True,True,375,1242,122130
2011_09_26,2011_09_26_drive_0014_sync,0000000057,E:\monodepth_project\data\kitti\2011_09_26\2011_09_26_drive_0014_sync\image_02\data\0000000057.png,E:\monodepth_project\data\kitti\2011_09_26\2011_09_26_drive_0014_sync\velodyne_points\data\0000000057.bin,True,True,375,1242,122239
2011_09_26,2011_09_26_drive_0014_sync,0000000058,E:\monodepth_project\data\kitti\2011_09_26\2011_09_26_drive_0014_sync\image_02\data\0000000058.png,E:\monodepth_project\data\kitti\2011_09_26\2011_09_26_drive_0014_sync\velodyne_points\data\0000000058.bin,True,True,375,1242,122008
2011_09_26,2011_09_26_drive_0014_sync,0000000059,E:\monodepth_project\data\kitti\2011_09_26\2011_09_26_drive_0014_sync\image_02\data\0000000059.png,E:\monodepth_project\data\kitti\2011_09_26\2011_09_26_drive_0014_sync\velodyne_points\data\0000000059.bin,True,True,375,1242,121834
2011_09_26,2011_09_26_drive_0014_sync,0000000060,E:\monodepth_project\data\kitti\2011_09_26\2011_09_26_drive_0014_sync\image_02\data\0000000060.png,E:\monodepth_project\data\kitti\2011_09_26\2011_09_26_drive_0014_sync\velodyne_points\data\0000000060.bin,True,True,375,1242,121568
2011_09_26,2011_09_26_drive_0014_sync,0000000061,E:\monodepth_project\data\kitti\2011_09_26\2011_09_26_drive_0014_sync\image_02\data\0000000061.png,E:\monodepth_project\data\kitti\2011_09_26\2011_09_26_drive_0014_sync\velodyne_points\data\0000000061.bin,True,True,375,1242,121434
2011_09_26,2011_09_26_drive_0014_sync,0000000062,E:\monodepth_project\data\kitti\2011_09_26\2011_09_26_drive_0014_sync\image_02\data\0000000062.png,E:\monodepth_project\data\kitti\2011_09_26\2011_09_26_drive_0014_sync\velodyne_points\data\0000000062.bin,True,True,375,1242,121131
2011_09_26,2011_09_26_drive_0014_sync,0000000063,E:\monodepth_project\data\kitti\2011_09_26\2011_09_26_drive_0014_sync\image_02\data\0000000063.png,E:\monodepth_project\data\kitti\2011_09_26\2011_09_26_drive_0014_sync\velodyne_points\data\0000000063.bin,True,True,375,1242,120726
2011_09_26,2011_09_26_drive_0014_sync,0000000064,E:\monodepth_project\data\kitti\2011_09_26\2011_09_26_drive_0014_sync\image_02\data\0000000064.png,E:\monodepth_project\data\kitti\2011_09_26\2011_09_26_drive_0014_sync\velodyne_points\data\0000000064.bin,True,True,375,1242,120630
2011_09_26,2011_09_26_drive_0014_sync,0000000065,E:\monodepth_project\data\kitti\2011_09_26\2011_09_26_drive_0014_sync\image_02\data\0000000065.png,E:\monodepth_project\data\kitti\2011_09_26\2011_09_26_drive_0014_sync\velodyne_points\data\0000000065.bin,True,True,375,1242,120819
2011_09_26,2011_09_26_drive_0014_sync,0000000066,E:\monodepth_project\data\kitti\2011_09_26\2011_09_26_drive_0014_sync\image_02\data\0000000066.png,E:\monodepth_project\data\kitti\2011_09_26\2011_09_26_drive_0014_sync\velodyne_points\data\0000000066.bin,True,True,375,1242,120883
2011_09_26,2011_09_26_drive_0014_sync,0000000067,E:\monodepth_project\data\kitti\2011_09_26\2011_09_26_drive_0014_sync\image_02\data\0000000067.png,E:\monodepth_project\data\kitti\2011_09_26\2011_09_26_drive_0014_sync\velodyne_points\data\0000000067.bin,True,True,375,1242,120853
2011_09_26,2011_09_26_drive_0014_sync,0000000068,E:\monodepth_project\data\kitti\2011_09_26\2011_09_26_drive_0014_sync\image_02\data\0000000068.png,E:\monodepth_project\data\kitti\2011_09_26\2011_09_26_drive_0014_sync\velodyne_points\data\0000000068.bin,True,True,375,1242,120785
2011_09_26,2011_09_26_drive_0014_sync,0000000069,E:\monodepth_project\data\kitti\2011_09_26\2011_09_26_drive_0014_sync\image_02\data\0000000069.png,E:\monodepth_project\data\kitti\2011_09_26\2011_09_26_drive_0014_sync\velodyne_points\data\0000000069.bin,True,True,375,1242,120871
2011_09_26,2011_09_26_drive_0014_sync,0000000070,E:\monodepth_project\data\kitti\2011_09_26\2011_09_26_drive_0014_sync\image_02\data\0000000070.png,E:\monodepth_project\data\kitti\2011_09_26\2011_09_26_drive_0014_sync\velodyne_points\data\0000000070.bin,True,True,375,1242,121034
2011_09_26,2011_09_26_drive_0014_sync,0000000071,E:\monodepth_project\data\kitti\2011_09_26\2011_09_26_drive_0014_sync\image_02\data\0000000071.png,E:\monodepth_project\data\kitti\2011_09_26\2011_09_26_drive_0014_sync\velodyne_points\data\0000000071.bin,True,True,375,1242,121082
2011_09_26,2011_09_26_drive_0014_sync,0000000072,E:\monodepth_project\data\kitti\2011_09_26\2011_09_26_drive_0014_sync\image_02\data\0000000072.png,E:\monodepth_project\data\kitti\2011_09_26\2011_09_26_drive_0014_sync\velodyne_points\data\0000000072.bin,True,True,375,1242,121442
2011_09_26,2011_09_26_drive_0014_sync,0000000073,E:\monodepth_project\data\kitti\2011_09_26\2011_09_26_drive_0014_sync\image_02\data\0000000073.png,E:\monodepth_project\data\kitti\2011_09_26\2011_09_26_drive_0014_sync\velodyne_points\data\0000000073.bin,True,True,375,1242,121588
2011_09_26,2011_09_26_drive_0014_sync,0000000074,E:\monodepth_project\data\kitti\2011_09_26\2011_09_26_drive_0014_sync\image_02\data\0000000074.png,E:\monodepth_project\data\kitti\2011_09_26\2011_09_26_drive_0014_sync\velodyne_points\data\0000000074.bin,True,True,375,1242,121647
2011_09_26,2011_09_26_drive_0014_sync,0000000075,E:\monodepth_project\data\kitti\2011_09_26\2011_09_26_drive_0014_sync\image_02\data\0000000075.png,E:\monodepth_project\data\kitti\2011_09_26\2011_09_26_drive_0014_sync\velodyne_points\data\0000000075.bin,True,True,375,1242,121715
2011_09_26,2011_09_26_drive_0014_sync,0000000076,E:\monodepth_project\data\kitti\2011_09_26\2011_09_26_drive_0014_sync\image_02\data\0000000076.png,E:\monodepth_project\data\kitti\2011_09_26\2011_09_26_drive_0014_sync\velodyne_points\data\0000000076.bin,True,True,375,1242,121846
2011_09_26,2011_09_26_drive_0014_sync,0000000077,E:\monodepth_project\data\kitti\2011_09_26\2011_09_26_drive_0014_sync\image_02\data\0000000077.png,E:\monodepth_project\data\kitti\2011_09_26\2011_09_26_drive_0014_sync\velodyne_points\data\0000000077.bin,True,True,375,1242,121772
2011_09_26,2011_09_26_drive_0014_sync,0000000078,E:\monodepth_project\data\kitti\2011_09_26\2011_09_26_drive_0014_sync\image_02\data\0000000078.png,E:\monodepth_project\data\kitti\2011_09_26\2011_09_26_drive_0014_sync\velodyne_points\data\0000000078.bin,True,True,375,1242,121735
2011_09_26,2011_09_26_drive_0014_sync,0000000079,E:\monodepth_project\data\kitti\2011_09_26\2011_09_26_drive_0014_sync\image_02\data\0000000079.png,E:\monodepth_project\data\kitti\2011_09_26\2011_09_26_drive_0014_sync\velodyne_points\data\0000000079.bin,True,True,375,1242,121803
2011_09_26,2011_09_26_drive_0014_sync,0000000080,E:\monodepth_project\data\kitti\2011_09_26\2011_09_26_drive_0014_sync\image_02\data\0000000080.png,E:\monodepth_project\data\kitti\2011_09_26\2011_09_26_drive_0014_sync\velodyne_points\data\0000000080.bin,True,True,375,1242,122082
2011_09_26,2011_09_26_drive_0014_sync,0000000081,E:\monodepth_project\data\kitti\2011_09_26\2011_09_26_drive_0014_sync\image_02\data\0000000081.png,E:\monodepth_project\data\kitti\2011_09_26\2011_09_26_drive_0014_sync\velodyne_points\data\0000000081.bin,True,True,375,1242,122160
2011_09_26,2011_09_26_drive_0014_sync,0000000082,E:\monodepth_project\data\kitti\2011_09_26\2011_09_26_drive_0014_sync\image_02\data\0000000082.png,E:\monodepth_project\data\kitti\2011_09_26\2011_09_26_drive_0014_sync\velodyne_points\data\0000000082.bin,True,True,375,1242,121954
2011_09_26,2011_09_26_drive_0014_sync,0000000083,E:\monodepth_project\data\kitti\2011_09_26\2011_09_26_drive_0014_sync\image_02\data\0000000083.png,E:\monodepth_project\data\kitti\2011_09_26\2011_09_26_drive_0014_sync\velodyne_points\data\0000000083.bin,True,True,375,1242,121978
2011_09_26,2011_09_26_drive_0014_sync,0000000084,E:\monodepth_project\data\kitti\2011_09_26\2011_09_26_drive_0014_sync\image_02\data\0000000084.png,E:\monodepth_project\data\kitti\2011_09_26\2011_09_26_drive_0014_sync\velodyne_points\data\0000000084.bin,True,True,375,1242,122222
2011_09_26,2011_09_26_drive_0014_sync,0000000085,E:\monodepth_project\data\kitti\2011_09_26\2011_09_26_drive_0014_sync\image_02\data\0000000085.png,E:\monodepth_project\data\kitti\2011_09_26\2011_09_26_drive_0014_sync\velodyne_points\data\0000000085.bin,True,True,375,1242,122433
2011_09_26,2011_09_26_drive_0014_sync,0000000086,E:\monodepth_project\data\kitti\2011_09_26\2011_09_26_drive_0014_sync\image_02\data\0000000086.png,E:\monodepth_project\data\kitti\2011_09_26\2011_09_26_drive_0014_sync\velodyne_points\data\0000000086.bin,True,True,375,1242,122739
2011_09_26,2011_09_26_drive_0014_sync,0000000087,E:\monodepth_project\data\kitti\2011_09_26\2011_09_26_drive_0014_sync\image_02\data\0000000087.png,E:\monodepth_project\data\kitti\2011_09_26\2011_09_26_drive_0014_sync\velodyne_points\data\0000000087.bin,True,True,375,1242,122897
2011_09_26,2011_09_26_drive_0014_sync,0000000088,E:\monodepth_project\data\kitti\2011_09_26\2011_09_26_drive_0014_sync\image_02\data\0000000088.png,E:\monodepth_project\data\kitti\2011_09_26\2011_09_26_drive_0014_sync\velodyne_points\data\0000000088.bin,True,True,375,1242,123076
2011_09_26,2011_09_26_drive_0014_sync,0000000089,E:\monodepth_project\data\kitti\2011_09_26\2011_09_26_drive_0014_sync\image_02\data\0000000089.png,E:\monodepth_project\data\kitti\2011_09_26\2011_09_26_drive_0014_sync\velodyne_points\data\0000000089.bin,True,True,375,1242,123267
2011_09_26,2011_09_26_drive_0014_sync,0000000090,E:\monodepth_project\data\kitti\2011_09_26\2011_09_26_drive_0014_sync\image_02\data\0000000090.png,E:\monodepth_project\data\kitti\2011_09_26\2011_09_26_drive_0014_sync\velodyne_points\data\0000000090.bin,True,True,375,1242,123464
2011_09_26,2011_09_26_drive_0014_sync,0000000091,E:\monodepth_project\data\kitti\2011_09_26\2011_09_26_drive_0014_sync\image_02\data\0000000091.png,E:\monodepth_project\data\kitti\2011_09_26\2011_09_26_drive_0014_sync\velodyne_points\data\0000000091.bin,True,True,375,1242,123684
2011_09_26,2011_09_26_drive_0014_sync,0000000092,E:\monodepth_project\data\kitti\2011_09_26\2011_09_26_drive_0014_sync\image_02\data\0000000092.png,E:\monodepth_project\data\kitti\2011_09_26\2011_09_26_drive_0014_sync\velodyne_points\data\0000000092.bin,True,True,375,1242,123780
2011_09_26,2011_09_26_drive_0014_sync,0000000093,E:\monodepth_project\data\kitti\2011_09_26\2011_09_26_drive_0014_sync\image_02\data\0000000093.png,E:\monodepth_project\data\kitti\2011_09_26\2011_09_26_drive_0014_sync\velodyne_points\data\0000000093.bin,True,True,375,1242,123747
2011_09_26,2011_09_26_drive_0014_sync,0000000094,E:\monodepth_project\data\kitti\2011_09_26\2011_09_26_drive_0014_sync\image_02\data\0000000094.png,E:\monodepth_project\data\kitti\2011_09_26\2011_09_26_drive_0014_sync\velodyne_points\data\0000000094.bin,True,True,375,1242,123676
2011_09_26,2011_09_26_drive_0014_sync,0000000095,E:\monodepth_project\data\kitti\2011_09_26\2011_09_26_drive_0014_sync\image_02\data\0000000095.png,E:\monodepth_project\data\kitti\2011_09_26\2011_09_26_drive_0014_sync\velodyne_points\data\0000000095.bin,True,True,375,1242,123753
2011_09_26,2011_09_26_drive_0014_sync,0000000096,E:\monodepth_project\data\kitti\2011_09_26\2011_09_26_drive_0014_sync\image_02\data\0000000096.png,E:\monodepth_project\data\kitti\2011_09_26\2011_09_26_drive_0014_sync\velodyne_points\data\0000000096.bin,True,True,375,1242,123733
2011_09_26,2011_09_26_drive_0014_sync,0000000097,E:\monodepth_project\data\kitti\2011_09_26\2011_09_26_drive_0014_sync\image_02\data\0000000097.png,E:\monodepth_project\data\kitti\2011_09_26\2011_09_26_drive_0014_sync\velodyne_points\data\0000000097.bin,True,True,375,1242,123694
2011_09_26,2011_09_26_drive_0014_sync,0000000098,E:\monodepth_project\data\kitti\2011_09_26\2011_09_26_drive_0014_sync\image_02\data\0000000098.png,E:\monodepth_project\data\kitti\2011_09_26\2011_09_26_drive_0014_sync\velodyne_points\data\0000000098.bin,True,True,375,1242,123640
2011_09_26,2011_09_26_drive_0014_sync,0000000099,E:\monodepth_project\data\kitti\2011_09_26\2011_09_26_drive_0014_sync\image_02\data\0000000099.png,E:\monodepth_project\data\kitti\2011_09_26\2011_09_26_drive_0014_sync\velodyne_points\data\0000000099.bin,True,True,375,1242,123640
2011_09_26,2011_09_26_drive_0014_sync,0000000100,E:\monodepth_project\data\kitti\2011_09_26\2011_09_26_drive_0014_sync\image_02\data\0000000100.png,E:\monodepth_project\data\kitti\2011_09_26\2011_09_26_drive_0014_sync\velodyne_points\data\0000000100.bin,True,True,375,1242,123878
2011_09_26,2011_09_26_drive_0014_sync,0000000101,E:\monodepth_project\data\kitti\2011_09_26\2011_09_26_drive_0014_sync\image_02\data\0000000101.png,E:\monodepth_project\data\kitti\2011_09_26\2011_09_26_drive_0014_sync\velodyne_points\data\0000000101.bin,True,True,375,1242,123812
2011_09_26,2011_09_26_drive_0014_sync,0000000102,E:\monodepth_project\data\kitti\2011_09_26\2011_09_26_drive_0014_sync\image_02\data\0000000102.png,E:\monodepth_project\data\kitti\2011_09_26\2011_09_26_drive_0014_sync\velodyne_points\data\0000000102.bin,True,True,375,1242,123784
2011_09_26,2011_09_26_drive_0014_sync,0000000103,E:\monodepth_project\data\kitti\2011_09_26\2011_09_26_drive_0014_sync\image_02\data\0000000103.png,E:\monodepth_project\data\kitti\2011_09_26\2011_09_26_drive_0014_sync\velodyne_points\data\0000000103.bin,True,True,375,1242,123640
2011_09_26,2011_09_26_drive_0014_sync,0000000104,E:\monodepth_project\data\kitti\2011_09_26\2011_09_26_drive_0014_sync\image_02\data\0000000104.png,E:\monodepth_project\data\kitti\2011_09_26\2011_09_26_drive_0014_sync\velodyne_points\data\0000000104.bin,True,True,375,1242,123436
2011_09_26,2011_09_26_drive_0014_sync,0000000105,E:\monodepth_project\data\kitti\2011_09_26\2011_09_26_drive_0014_sync\image_02\data\0000000105.png,E:\monodepth_project\data\kitti\2011_09_26\2011_09_26_drive_0014_sync\velodyne_points\data\0000000105.bin,True,True,375,1242,123452
2011_09_26,2011_09_26_drive_0014_sync,0000000106,E:\monodepth_project\data\kitti\2011_09_26\2011_09_26_drive_0014_sync\image_02\data\0000000106.png,E:\monodepth_project\data\kitti\2011_09_26\2011_09_26_drive_0014_sync\velodyne_points\data\0000000106.bin,True,True,375,1242,123359
2011_09_26,2011_09_26_drive_0014_sync,0000000107,E:\monodepth_project\data\kitti\2011_09_26\2011_09_26_drive_0014_sync\image_02\data\0000000107.png,E:\monodepth_project\data\kitti\2011_09_26\2011_09_26_drive_0014_sync\velodyne_points\data\0000000107.bin,True,True,375,1242,123237
2011_09_26,2011_09_26_drive_0014_sync,0000000108,E:\monodepth_project\data\kitti\2011_09_26\2011_09_26_drive_0014_sync\image_02\data\0000000108.png,E:\monodepth_project\data\kitti\2011_09_26\2011_09_26_drive_0014_sync\velodyne_points\data\0000000108.bin,True,True,375,1242,123109
2011_09_26,2011_09_26_drive_0014_sync,0000000109,E:\monodepth_project\data\kitti\2011_09_26\2011_09_26_drive_0014_sync\image_02\data\0000000109.png,E:\monodepth_project\data\kitti\2011_09_26\2011_09_26_drive_0014_sync\velodyne_points\data\0000000109.bin,True,True,375,1242,122939
2011_09_26,2011_09_26_drive_0014_sync,0000000110,E:\monodepth_project\data\kitti\2011_09_26\2011_09_26_drive_0014_sync\image_02\data\0000000110.png,E:\monodepth_project\data\kitti\2011_09_26\2011_09_26_drive_0014_sync\velodyne_points\data\0000000110.bin,True,True,375,1242,122906
2011_09_26,2011_09_26_drive_0014_sync,0000000111,E:\monodepth_project\data\kitti\2011_09_26\2011_09_26_drive_0014_sync\image_02\data\0000000111.png,E:\monodepth_project\data\kitti\2011_09_26\2011_09_26_drive_0014_sync\velodyne_points\data\0000000111.bin,True,True,375,1242,122863
2011_09_26,2011_09_26_drive_0014_sync,0000000112,E:\monodepth_project\data\kitti\2011_09_26\2011_09_26_drive_0014_sync\image_02\data\0000000112.png,E:\monodepth_project\data\kitti\2011_09_26\2011_09_26_drive_0014_sync\velodyne_points\data\0000000112.bin,True,True,375,1242,122634
2011_09_26,2011_09_26_drive_0014_sync,0000000113,E:\monodepth_project\data\kitti\2011_09_26\2011_09_26_drive_0014_sync\image_02\data\0000000113.png,E:\monodepth_project\data\kitti\2011_09_26\2011_09_26_drive_0014_sync\velodyne_points\data\0000000113.bin,True,True,375,1242,122373
2011_09_26,2011_09_26_drive_0014_sync,0000000114,E:\monodepth_project\data\kitti\2011_09_26\2011_09_26_drive_0014_sync\image_02\data\0000000114.png,E:\monodepth_project\data\kitti\2011_09_26\2011_09_26_drive_0014_sync\velodyne_points\data\0000000114.bin,True,True,375,1242,122310
2011_09_26,2011_09_26_drive_0014_sync,0000000115,E:\monodepth_project\data\kitti\2011_09_26\2011_09_26_drive_0014_sync\image_02\data\0000000115.png,E:\monodepth_project\data\kitti\2011_09_26\2011_09_26_drive_0014_sync\velodyne_points\data\0000000115.bin,True,True,375,1242,122070
2011_09_26,2011_09_26_drive_0014_sync,0000000116,E:\monodepth_project\data\kitti\2011_09_26\2011_09_26_drive_0014_sync\image_02\data\0000000116.png,E:\monodepth_project\data\kitti\2011_09_26\2011_09_26_drive_0014_sync\velodyne_points\data\0000000116.bin,True,True,375,1242,121739
2011_09_26,2011_09_26_drive_0014_sync,0000000117,E:\monodepth_project\data\kitti\2011_09_26\2011_09_26_drive_0014_sync\image_02\data\0000000117.png,E:\monodepth_project\data\kitti\2011_09_26\2011_09_26_drive_0014_sync\velodyne_points\data\0000000117.bin,True,True,375,1242,121384
2011_09_26,2011_09_26_drive_0014_sync,0000000118,E:\monodepth_project\data\kitti\2011_09_26\2011_09_26_drive_0014_sync\image_02\data\0000000118.png,E:\monodepth_project\data\kitti\2011_09_26\2011_09_26_drive_0014_sync\velodyne_points\data\0000000118.bin,True,True,375,1242,121059
2011_09_26,2011_09_26_drive_0014_sync,0000000119,E:\monodepth_project\data\kitti\2011_09_26\2011_09_26_drive_0014_sync\image_02\data\0000000119.png,E:\monodepth_project\data\kitti\2011_09_26\2011_09_26_drive_0014_sync\velodyne_points\data\0000000119.bin,True,True,375,1242,121136
2011_09_26,2011_09_26_drive_0014_sync,0000000120,E:\monodepth_project\data\kitti\2011_09_26\2011_09_26_drive_0014_sync\image_02\data\0000000120.png,E:\monodepth_project\data\kitti\2011_09_26\2011_09_26_drive_0014_sync\velodyne_points\data\0000000120.bin,True,True,375,1242,120867
2011_09_26,2011_09_26_drive_0014_sync,0000000121,E:\monodepth_project\data\kitti\2011_09_26\2011_09_26_drive_0014_sync\image_02\data\0000000121.png,E:\monodepth_project\data\kitti\2011_09_26\2011_09_26_drive_0014_sync\velodyne_points\data\0000000121.bin,True,True,375,1242,120879
2011_09_26,2011_09_26_drive_0014_sync,0000000122,E:\monodepth_project\data\kitti\2011_09_26\2011_09_26_drive_0014_sync\image_02\data\0000000122.png,E:\monodepth_project\data\kitti\2011_09_26\2011_09_26_drive_0014_sync\velodyne_points\data\0000000122.bin,True,True,375,1242,120931
2011_09_26,2011_09_26_drive_0014_sync,0000000123,E:\monodepth_project\data\kitti\2011_09_26\2011_09_26_drive_0014_sync\image_02\data\0000000123.png,E:\monodepth_project\data\kitti\2011_09_26\2011_09_26_drive_0014_sync\velodyne_points\data\0000000123.bin,True,True,375,1242,120959
2011_09_26,2011_09_26_drive_0014_sync,0000000124,E:\monodepth_project\data\kitti\2011_09_26\2011_09_26_drive_0014_sync\image_02\data\0000000124.png,E:\monodepth_project\data\kitti\2011_09_26\2011_09_26_drive_0014_sync\velodyne_points\data\0000000124.bin,True,True,375,1242,120842
2011_09_26,2011_09_26_drive_0014_sync,0000000125,E:\monodepth_project\data\kitti\2011_09_26\2011_09_26_drive_0014_sync\image_02\data\0000000125.png,E:\monodepth_project\data\kitti\2011_09_26\2011_09_26_drive_0014_sync\velodyne_points\data\0000000125.bin,True,True,375,1242,120580
2011_09_26,2011_09_26_drive_0014_sync,0000000126,E:\monodepth_project\data\kitti\2011_09_26\2011_09_26_drive_0014_sync\image_02\data\0000000126.png,E:\monodepth_project\data\kitti\2011_09_26\2011_09_26_drive_0014_sync\velodyne_points\data\0000000126.bin,True,True,375,1242,120733
2011_09_26,2011_09_26_drive_0014_sync,0000000127,E:\monodepth_project\data\kitti\2011_09_26\2011_09_26_drive_0014_sync\image_02\data\0000000127.png,E:\monodepth_project\data\kitti\2011_09_26\2011_09_26_drive_0014_sync\velodyne_points\data\0000000127.bin,True,True,375,1242,120787
2011_09_26,2011_09_26_drive_0014_sync,0000000128,E:\monodepth_project\data\kitti\2011_09_26\2011_09_26_drive_0014_sync\image_02\data\0000000128.png,E:\monodepth_project\data\kitti\2011_09_26\2011_09_26_drive_0014_sync\velodyne_points\data\0000000128.bin,True,True,375,1242,120901
2011_09_26,2011_09_26_drive_0014_sync,0000000129,E:\monodepth_project\data\kitti\2011_09_26\2011_09_26_drive_0014_sync\image_02\data\0000000129.png,E:\monodepth_project\data\kitti\2011_09_26\2011_09_26_drive_0014_sync\velodyne_points\data\0000000129.bin,True,True,375,1242,121242
2011_09_26,2011_09_26_drive_0014_sync,0000000130,E:\monodepth_project\data\kitti\2011_09_26\2011_09_26_drive_0014_sync\image_02\data\0000000130.png,E:\monodepth_project\data\kitti\2011_09_26\2011_09_26_drive_0014_sync\velodyne_points\data\0000000130.bin,True,True,375,1242,121240
2011_09_26,2011_09_26_drive_0014_sync,0000000131,E:\monodepth_project\data\kitti\2011_09_26\2011_09_26_drive_0014_sync\image_02\data\0000000131.png,E:\monodepth_project\data\kitti\2011_09_26\2011_09_26_drive_0014_sync\velodyne_points\data\0000000131.bin,True,True,375,1242,121146
2011_09_26,2011_09_26_drive_0014_sync,0000000132,E:\monodepth_project\data\kitti\2011_09_26\2011_09_26_drive_0014_sync\image_02\data\0000000132.png,E:\monodepth_project\data\kitti\2011_09_26\2011_09_26_drive_0014_sync\velodyne_points\data\0000000132.bin,True,True,375,1242,120969
2011_09_26,2011_09_26_drive_0014_sync,0000000133,E:\monodepth_project\data\kitti\2011_09_26\2011_09_26_drive_0014_sync\image_02\data\0000000133.png,E:\monodepth_project\data\kitti\2011_09_26\2011_09_26_drive_0014_sync\velodyne_points\data\0000000133.bin,True,True,375,1242,120651
2011_09_26,2011_09_26_drive_0014_sync,0000000134,E:\monodepth_project\data\kitti\2011_09_26\2011_09_26_drive_0014_sync\image_02\data\0000000134.png,E:\monodepth_project\data\kitti\2011_09_26\2011_09_26_drive_0014_sync\velodyne_points\data\0000000134.bin,True,True,375,1242,120156
2011_09_26,2011_09_26_drive_0014_sync,0000000135,E:\monodepth_project\data\kitti\2011_09_26\2011_09_26_drive_0014_sync\image_02\data\0000000135.png,E:\monodepth_project\data\kitti\2011_09_26\2011_09_26_drive_0014_sync\velodyne_points\data\0000000135.bin,True,True,375,1242,120023
2011_09_26,2011_09_26_drive_0014_sync,0000000136,E:\monodepth_project\data\kitti\2011_09_26\2011_09_26_drive_0014_sync\image_02\data\0000000136.png,E:\monodepth_project\data\kitti\2011_09_26\2011_09_26_drive_0014_sync\velodyne_points\data\0000000136.bin,True,True,375,1242,120193
2011_09_26,2011_09_26_drive_0014_sync,0000000137,E:\monodepth_project\data\kitti\2011_09_26\2011_09_26_drive_0014_sync\image_02\data\0000000137.png,E:\monodepth_project\data\kitti\2011_09_26\2011_09_26_drive_0014_sync\velodyne_points\data\0000000137.bin,True,True,375,1242,120968
2011_09_26,2011_09_26_drive_0014_sync,0000000138,E:\monodepth_project\data\kitti\2011_09_26\2011_09_26_drive_0014_sync\image_02\data\0000000138.png,E:\monodepth_project\data\kitti\2011_09_26\2011_09_26_drive_0014_sync\velodyne_points\data\0000000138.bin,True,True,375,1242,121372
2011_09_26,2011_09_26_drive_0014_sync,0000000139,E:\monodepth_project\data\kitti\2011_09_26\2011_09_26_drive_0014_sync\image_02\data\0000000139.png,E:\monodepth_project\data\kitti\2011_09_26\2011_09_26_drive_0014_sync\velodyne_points\data\0000000139.bin,True,True,375,1242,121739
2011_09_26,2011_09_26_drive_0014_sync,0000000140,E:\monodepth_project\data\kitti\2011_09_26\2011_09_26_drive_0014_sync\image_02\data\0000000140.png,E:\monodepth_project\data\kitti\2011_09_26\2011_09_26_drive_0014_sync\velodyne_points\data\0000000140.bin,True,True,375,1242,121969
2011_09_26,2011_09_26_drive_0014_sync,0000000141,E:\monodepth_project\data\kitti\2011_09_26\2011_09_26_drive_0014_sync\image_02\data\0000000141.png,E:\monodepth_project\data\kitti\2011_09_26\2011_09_26_drive_0014_sync\velodyne_points\data\0000000141.bin,True,True,375,1242,122314
2011_09_26,2011_09_26_drive_0014_sync,0000000142,E:\monodepth_project\data\kitti\2011_09_26\2011_09_26_drive_0014_sync\image_02\data\0000000142.png,E:\monodepth_project\data\kitti\2011_09_26\2011_09_26_drive_0014_sync\velodyne_points\data\0000000142.bin,True,True,375,1242,122476
2011_09_26,2011_09_26_drive_0014_sync,0000000143,E:\monodepth_project\data\kitti\2011_09_26\2011_09_26_drive_0014_sync\image_02\data\0000000143.png,E:\monodepth_project\data\kitti\2011_09_26\2011_09_26_drive_0014_sync\velodyne_points\data\0000000143.bin,True,True,375,1242,122401
2011_09_26,2011_09_26_drive_0014_sync,0000000144,E:\monodepth_project\data\kitti\2011_09_26\2011_09_26_drive_0014_sync\image_02\data\0000000144.png,E:\monodepth_project\data\kitti\2011_09_26\2011_09_26_drive_0014_sync\velodyne_points\data\0000000144.bin,True,True,375,1242,122214
2011_09_26,2011_09_26_drive_0014_sync,0000000145,E:\monodepth_project\data\kitti\2011_09_26\2011_09_26_drive_0014_sync\image_02\data\0000000145.png,E:\monodepth_project\data\kitti\2011_09_26\2011_09_26_drive_0014_sync\velodyne_points\data\0000000145.bin,True,True,375,1242,122175
2011_09_26,2011_09_26_drive_0014_sync,0000000146,E:\monodepth_project\data\kitti\2011_09_26\2011_09_26_drive_0014_sync\image_02\data\0000000146.png,E:\monodepth_project\data\kitti\2011_09_26\2011_09_26_drive_0014_sync\velodyne_points\data\0000000146.bin,True,True,375,1242,122329
2011_09_26,2011_09_26_drive_0014_sync,0000000147,E:\monodepth_project\data\kitti\2011_09_26\2011_09_26_drive_0014_sync\image_02\data\0000000147.png,E:\monodepth_project\data\kitti\2011_09_26\2011_09_26_drive_0014_sync\velodyne_points\data\0000000147.bin,True,True,375,1242,122492
2011_09_26,2011_09_26_drive_0014_sync,0000000148,E:\monodepth_project\data\kitti\2011_09_26\2011_09_26_drive_0014_sync\image_02\data\0000000148.png,E:\monodepth_project\data\kitti\2011_09_26\2011_09_26_drive_0014_sync\velodyne_points\data\0000000148.bin,True,True,375,1242,122152
2011_09_26,2011_09_26_drive_0014_sync,0000000149,E:\monodepth_project\data\kitti\2011_09_26\2011_09_26_drive_0014_sync\image_02\data\0000000149.png,E:\monodepth_project\data\kitti\2011_09_26\2011_09_26_drive_0014_sync\velodyne_points\data\0000000149.bin,True,True,375,1242,122124
2011_09_26,2011_09_26_drive_0014_sync,0000000150,E:\monodepth_project\data\kitti\2011_09_26\2011_09_26_drive_0014_sync\image_02\data\0000000150.png,E:\monodepth_project\data\kitti\2011_09_26\2011_09_26_drive_0014_sync\velodyne_points\data\0000000150.bin,True,True,375,1242,122147
2011_09_26,2011_09_26_drive_0014_sync,0000000151,E:\monodepth_project\data\kitti\2011_09_26\2011_09_26_drive_0014_sync\image_02\data\0000000151.png,E:\monodepth_project\data\kitti\2011_09_26\2011_09_26_drive_0014_sync\velodyne_points\data\0000000151.bin,True,True,375,1242,122263
2011_09_26,2011_09_26_drive_0014_sync,0000000152,E:\monodepth_project\data\kitti\2011_09_26\2011_09_26_drive_0014_sync\image_02\data\0000000152.png,E:\monodepth_project\data\kitti\2011_09_26\2011_09_26_drive_0014_sync\velodyne_points\data\0000000152.bin,True,True,375,1242,122441
2011_09_26,2011_09_26_drive_0014_sync,0000000153,E:\monodepth_project\data\kitti\2011_09_26\2011_09_26_drive_0014_sync\image_02\data\0000000153.png,E:\monodepth_project\data\kitti\2011_09_26\2011_09_26_drive_0014_sync\velodyne_points\data\0000000153.bin,True,True,375,1242,122594
2011_09_26,2011_09_26_drive_0014_sync,0000000154,E:\monodepth_project\data\kitti\2011_09_26\2011_09_26_drive_0014_sync\image_02\data\0000000154.png,E:\monodepth_project\data\kitti\2011_09_26\2011_09_26_drive_0014_sync\velodyne_points\data\0000000154.bin,True,True,375,1242,122647
2011_09_26,2011_09_26_drive_0014_sync,0000000155,E:\monodepth_project\data\kitti\2011_09_26\2011_09_26_drive_0014_sync\image_02\data\0000000155.png,E:\monodepth_project\data\kitti\2011_09_26\2011_09_26_drive_0014_sync\velodyne_points\data\0000000155.bin,True,True,375,1242,122550
2011_09_26,2011_09_26_drive_0014_sync,0000000156,E:\monodepth_project\data\kitti\2011_09_26\2011_09_26_drive_0014_sync\image_02\data\0000000156.png,E:\monodepth_project\data\kitti\2011_09_26\2011_09_26_drive_0014_sync\velodyne_points\data\0000000156.bin,True,True,375,1242,122424
2011_09_26,2011_09_26_drive_0014_sync,0000000157,E:\monodepth_project\data\kitti\2011_09_26\2011_09_26_drive_0014_sync\image_02\data\0000000157.png,E:\monodepth_project\data\kitti\2011_09_26\2011_09_26_drive_0014_sync\velodyne_points\data\0000000157.bin,True,True,375,1242,122054
2011_09_26,2011_09_26_drive_0014_sync,0000000158,E:\monodepth_project\data\kitti\2011_09_26\2011_09_26_drive_0014_sync\image_02\data\0000000158.png,E:\monodepth_project\data\kitti\2011_09_26\2011_09_26_drive_0014_sync\velodyne_points\data\0000000158.bin,True,True,375,1242,121867
2011_09_26,2011_09_26_drive_0014_sync,0000000159,E:\monodepth_project\data\kitti\2011_09_26\2011_09_26_drive_0014_sync\image_02\data\0000000159.png,E:\monodepth_project\data\kitti\2011_09_26\2011_09_26_drive_0014_sync\velodyne_points\data\0000000159.bin,True,True,375,1242,121906
2011_09_26,2011_09_26_drive_0014_sync,0000000160,E:\monodepth_project\data\kitti\2011_09_26\2011_09_26_drive_0014_sync\image_02\data\0000000160.png,E:\monodepth_project\data\kitti\2011_09_26\2011_09_26_drive_0014_sync\velodyne_points\data\0000000160.bin,True,True,375,1242,121847
2011_09_26,2011_09_26_drive_0014_sync,0000000161,E:\monodepth_project\data\kitti\2011_09_26\2011_09_26_drive_0014_sync\image_02\data\0000000161.png,E:\monodepth_project\data\kitti\2011_09_26\2011_09_26_drive_0014_sync\velodyne_points\data\0000000161.bin,True,True,375,1242,121925
2011_09_26,2011_09_26_drive_0014_sync,0000000162,E:\monodepth_project\data\kitti\2011_09_26\2011_09_26_drive_0014_sync\image_02\data\0000000162.png,E:\monodepth_project\data\kitti\2011_09_26\2011_09_26_drive_0014_sync\velodyne_points\data\0000000162.bin,True,True,375,1242,122095
2011_09_26,2011_09_26_drive_0014_sync,0000000163,E:\monodepth_project\data\kitti\2011_09_26\2011_09_26_drive_0014_sync\image_02\data\0000000163.png,E:\monodepth_project\data\kitti\2011_09_26\2011_09_26_drive_0014_sync\velodyne_points\data\0000000163.bin,True,True,375,1242,122003
2011_09_26,2011_09_26_drive_0014_sync,0000000164,E:\monodepth_project\data\kitti\2011_09_26\2011_09_26_drive_0014_sync\image_02\data\0000000164.png,E:\monodepth_project\data\kitti\2011_09_26\2011_09_26_drive_0014_sync\velodyne_points\data\0000000164.bin,True,True,375,1242,122144
2011_09_26,2011_09_26_drive_0014_sync,0000000165,E:\monodepth_project\data\kitti\2011_09_26\2011_09_26_drive_0014_sync\image_02\data\0000000165.png,E:\monodepth_project\data\kitti\2011_09_26\2011_09_26_drive_0014_sync\velodyne_points\data\0000000165.bin,True,True,375,1242,122236
2011_09_26,2011_09_26_drive_0014_sync,0000000166,E:\monodepth_project\data\kitti\2011_09_26\2011_09_26_drive_0014_sync\image_02\data\0000000166.png,E:\monodepth_project\data\kitti\2011_09_26\2011_09_26_drive_0014_sync\velodyne_points\data\0000000166.bin,True,True,375,1242,122199
2011_09_26,2011_09_26_drive_0014_sync,0000000167,E:\monodepth_project\data\kitti\2011_09_26\2011_09_26_drive_0014_sync\image_02\data\0000000167.png,E:\monodepth_project\data\kitti\2011_09_26\2011_09_26_drive_0014_sync\velodyne_points\data\0000000167.bin,True,True,375,1242,122174
2011_09_26,2011_09_26_drive_0014_sync,0000000168,E:\monodepth_project\data\kitti\2011_09_26\2011_09_26_drive_0014_sync\image_02\data\0000000168.png,E:\monodepth_project\data\kitti\2011_09_26\2011_09_26_drive_0014_sync\velodyne_points\data\0000000168.bin,True,True,375,1242,122207
2011_09_26,2011_09_26_drive_0014_sync,0000000169,E:\monodepth_project\data\kitti\2011_09_26\2011_09_26_drive_0014_sync\image_02\data\0000000169.png,E:\monodepth_project\data\kitti\2011_09_26\2011_09_26_drive_0014_sync\velodyne_points\data\0000000169.bin,True,True,375,1242,122349
2011_09_26,2011_09_26_drive_0014_sync,0000000170,E:\monodepth_project\data\kitti\2011_09_26\2011_09_26_drive_0014_sync\image_02\data\0000000170.png,E:\monodepth_project\data\kitti\2011_09_26\2011_09_26_drive_0014_sync\velodyne_points\data\0000000170.bin,True,True,375,1242,122255
2011_09_26,2011_09_26_drive_0014_sync,0000000171,E:\monodepth_project\data\kitti\2011_09_26\2011_09_26_drive_0014_sync\image_02\data\0000000171.png,E:\monodepth_project\data\kitti\2011_09_26\2011_09_26_drive_0014_sync\velodyne_points\data\0000000171.bin,True,True,375,1242,122127
2011_09_26,2011_09_26_drive_0014_sync,0000000172,E:\monodepth_project\data\kitti\2011_09_26\2011_09_26_drive_0014_sync\image_02\data\0000000172.png,E:\monodepth_project\data\kitti\2011_09_26\2011_09_26_drive_0014_sync\velodyne_points\data\0000000172.bin,True,True,375,1242,121843
2011_09_26,2011_09_26_drive_0014_sync,0000000173,E:\monodepth_project\data\kitti\2011_09_26\2011_09_26_drive_0014_sync\image_02\data\0000000173.png,E:\monodepth_project\data\kitti\2011_09_26\2011_09_26_drive_0014_sync\velodyne_points\data\0000000173.bin,True,True,375,1242,121843
2011_09_26,2011_09_26_drive_0014_sync,0000000174,E:\monodepth_project\data\kitti\2011_09_26\2011_09_26_drive_0014_sync\image_02\data\0000000174.png,E:\monodepth_project\data\kitti\2011_09_26\2011_09_26_drive_0014_sync\velodyne_points\data\0000000174.bin,True,True,375,1242,121613
2011_09_26,2011_09_26_drive_0014_sync,0000000175,E:\monodepth_project\data\kitti\2011_09_26\2011_09_26_drive_0014_sync\image_02\data\0000000175.png,E:\monodepth_project\data\kitti\2011_09_26\2011_09_26_drive_0014_sync\velodyne_points\data\0000000175.bin,True,True,375,1242,121446
2011_09_26,2011_09_26_drive_0014_sync,0000000176,E:\monodepth_project\data\kitti\2011_09_26\2011_09_26_drive_0014_sync\image_02\data\0000000176.png,E:\monodepth_project\data\kitti\2011_09_26\2011_09_26_drive_0014_sync\velodyne_points\data\0000000176.bin,True,True,375,1242,121672
2011_09_26,2011_09_26_drive_0014_sync,0000000177,E:\monodepth_project\data\kitti\2011_09_26\2011_09_26_drive_0014_sync\image_02\data\0000000177.png,E:\monodepth_project\data\kitti\2011_09_26\2011_09_26_drive_0014_sync\velodyne_points\data\0000000177.bin,True,True,375,1242,121924
2011_09_26,2011_09_26_drive_0014_sync,0000000178,E:\monodepth_project\data\kitti\2011_09_26\2011_09_26_drive_0014_sync\image_02\data\0000000178.png,E:\monodepth_project\data\kitti\2011_09_26\2011_09_26_drive_0014_sync\velodyne_points\data\0000000178.bin,True,True,375,1242,122058
2011_09_26,2011_09_26_drive_0014_sync,0000000179,E:\monodepth_project\data\kitti\2011_09_26\2011_09_26_drive_0014_sync\image_02\data\0000000179.png,E:\monodepth_project\data\kitti\2011_09_26\2011_09_26_drive_0014_sync\velodyne_points\data\0000000179.bin,True,True,375,1242,122005
2011_09_26,2011_09_26_drive_0014_sync,0000000180,E:\monodepth_project\data\kitti\2011_09_26\2011_09_26_drive_0014_sync\image_02\data\0000000180.png,E:\monodepth_project\data\kitti\2011_09_26\2011_09_26_drive_0014_sync\velodyne_points\data\0000000180.bin,True,True,375,1242,122055
2011_09_26,2011_09_26_drive_0014_sync,0000000181,E:\monodepth_project\data\kitti\2011_09_26\2011_09_26_drive_0014_sync\image_02\data\0000000181.png,E:\monodepth_project\data\kitti\2011_09_26\2011_09_26_drive_0014_sync\velodyne_points\data\0000000181.bin,True,True,375,1242,121826
2011_09_26,2011_09_26_drive_0014_sync,0000000182,E:\monodepth_project\data\kitti\2011_09_26\2011_09_26_drive_0014_sync\image_02\data\0000000182.png,E:\monodepth_project\data\kitti\2011_09_26\2011_09_26_drive_0014_sync\velodyne_points\data\0000000182.bin,True,True,375,1242,122083
2011_09_26,2011_09_26_drive_0014_sync,0000000183,E:\monodepth_project\data\kitti\2011_09_26\2011_09_26_drive_0014_sync\image_02\data\0000000183.png,E:\monodepth_project\data\kitti\2011_09_26\2011_09_26_drive_0014_sync\velodyne_points\data\0000000183.bin,True,True,375,1242,122015
2011_09_26,2011_09_26_drive_0014_sync,0000000184,E:\monodepth_project\data\kitti\2011_09_26\2011_09_26_drive_0014_sync\image_02\data\0000000184.png,E:\monodepth_project\data\kitti\2011_09_26\2011_09_26_drive_0014_sync\velodyne_points\data\0000000184.bin,True,True,375,1242,121842
2011_09_26,2011_09_26_drive_0014_sync,0000000185,E:\monodepth_project\data\kitti\2011_09_26\2011_09_26_drive_0014_sync\image_02\data\0000000185.png,E:\monodepth_project\data\kitti\2011_09_26\2011_09_26_drive_0014_sync\velodyne_points\data\0000000185.bin,True,True,375,1242,121824
2011_09_26,2011_09_26_drive_0014_sync,0000000186,E:\monodepth_project\data\kitti\2011_09_26\2011_09_26_drive_0014_sync\image_02\data\0000000186.png,E:\monodepth_project\data\kitti\2011_09_26\2011_09_26_drive_0014_sync\velodyne_points\data\0000000186.bin,True,True,375,1242,121927
2011_09_26,2011_09_26_drive_0014_sync,0000000187,E:\monodepth_project\data\kitti\2011_09_26\2011_09_26_drive_0014_sync\image_02\data\0000000187.png,E:\monodepth_project\data\kitti\2011_09_26\2011_09_26_drive_0014_sync\velodyne_points\data\0000000187.bin,True,True,375,1242,121926
2011_09_26,2011_09_26_drive_0014_sync,0000000188,E:\monodepth_project\data\kitti\2011_09_26\2011_09_26_drive_0014_sync\image_02\data\0000000188.png,E:\monodepth_project\data\kitti\2011_09_26\2011_09_26_drive_0014_sync\velodyne_points\data\0000000188.bin,True,True,375,1242,121700
2011_09_26,2011_09_26_drive_0014_sync,0000000189,E:\monodepth_project\data\kitti\2011_09_26\2011_09_26_drive_0014_sync\image_02\data\0000000189.png,E:\monodepth_project\data\kitti\2011_09_26\2011_09_26_drive_0014_sync\velodyne_points\data\0000000189.bin,True,True,375,1242,121691
2011_09_26,2011_09_26_drive_0014_sync,0000000190,E:\monodepth_project\data\kitti\2011_09_26\2011_09_26_drive_0014_sync\image_02\data\0000000190.png,E:\monodepth_project\data\kitti\2011_09_26\2011_09_26_drive_0014_sync\velodyne_points\data\0000000190.bin,True,True,375,1242,121608
2011_09_26,2011_09_26_drive_0014_sync,0000000191,E:\monodepth_project\data\kitti\2011_09_26\2011_09_26_drive_0014_sync\image_02\data\0000000191.png,E:\monodepth_project\data\kitti\2011_09_26\2011_09_26_drive_0014_sync\velodyne_points\data\0000000191.bin,True,True,375,1242,121821
2011_09_26,2011_09_26_drive_0014_sync,0000000192,E:\monodepth_project\data\kitti\2011_09_26\2011_09_26_drive_0014_sync\image_02\data\0000000192.png,E:\monodepth_project\data\kitti\2011_09_26\2011_09_26_drive_0014_sync\velodyne_points\data\0000000192.bin,True,True,375,1242,121784
2011_09_26,2011_09_26_drive_0014_sync,0000000193,E:\monodepth_project\data\kitti\2011_09_26\2011_09_26_drive_0014_sync\image_02\data\0000000193.png,E:\monodepth_project\data\kitti\2011_09_26\2011_09_26_drive_0014_sync\velodyne_points\data\0000000193.bin,True,True,375,1242,121559
2011_09_26,2011_09_26_drive_0014_sync,0000000194,E:\monodepth_project\data\kitti\2011_09_26\2011_09_26_drive_0014_sync\image_02\data\0000000194.png,E:\monodepth_project\data\kitti\2011_09_26\2011_09_26_drive_0014_sync\velodyne_points\data\0000000194.bin,True,True,375,1242,121339
2011_09_26,2011_09_26_drive_0014_sync,0000000195,E:\monodepth_project\data\kitti\2011_09_26\2011_09_26_drive_0014_sync\image_02\data\0000000195.png,E:\monodepth_project\data\kitti\2011_09_26\2011_09_26_drive_0014_sync\velodyne_points\data\0000000195.bin,True,True,375,1242,120885
2011_09_26,2011_09_26_drive_0014_sync,0000000196,E:\monodepth_project\data\kitti\2011_09_26\2011_09_26_drive_0014_sync\image_02\data\0000000196.png,E:\monodepth_project\data\kitti\2011_09_26\2011_09_26_drive_0014_sync\velodyne_points\data\0000000196.bin,True,True,375,1242,120561
2011_09_26,2011_09_26_drive_0014_sync,0000000197,E:\monodepth_project\data\kitti\2011_09_26\2011_09_26_drive_0014_sync\image_02\data\0000000197.png,E:\monodepth_project\data\kitti\2011_09_26\2011_09_26_drive_0014_sync\velodyne_points\data\0000000197.bin,True,True,375,1242,120382
2011_09_26,2011_09_26_drive_0014_sync,0000000198,E:\monodepth_project\data\kitti\2011_09_26\2011_09_26_drive_0014_sync\image_02\data\0000000198.png,E:\monodepth_project\data\kitti\2011_09_26\2011_09_26_drive_0014_sync\velodyne_points\data\0000000198.bin,True,True,375,1242,119600
2011_09_26,2011_09_26_drive_0014_sync,0000000199,E:\monodepth_project\data\kitti\2011_09_26\2011_09_26_drive_0014_sync\image_02\data\0000000199.png,E:\monodepth_project\data\kitti\2011_09_26\2011_09_26_drive_0014_sync\velodyne_points\data\0000000199.bin,True,True,375,1242,118905
2011_09_26,2011_09_26_drive_0014_sync,0000000200,E:\monodepth_project\data\kitti\2011_09_26\2011_09_26_drive_0014_sync\image_02\data\0000000200.png,E:\monodepth_project\data\kitti\2011_09_26\2011_09_26_drive_0014_sync\velodyne_points\data\0000000200.bin,True,True,375,1242,117084
2011_09_26,2011_09_26_drive_0014_sync,0000000201,E:\monodepth_project\data\kitti\2011_09_26\2011_09_26_drive_0014_sync\image_02\data\0000000201.png,E:\monodepth_project\data\kitti\2011_09_26\2011_09_26_drive_0014_sync\velodyne_points\data\0000000201.bin,True,True,375,1242,114427
2011_09_26,2011_09_26_drive_0014_sync,0000000202,E:\monodepth_project\data\kitti\2011_09_26\2011_09_26_drive_0014_sync\image_02\data\0000000202.png,E:\monodepth_project\data\kitti\2011_09_26\2011_09_26_drive_0014_sync\velodyne_points\data\0000000202.bin,True,True,375,1242,111447
2011_09_26,2011_09_26_drive_0014_sync,0000000203,E:\monodepth_project\data\kitti\2011_09_26\2011_09_26_drive_0014_sync\image_02\data\0000000203.png,E:\monodepth_project\data\kitti\2011_09_26\2011_09_26_drive_0014_sync\velodyne_points\data\0000000203.bin,True,True,375,1242,111063
2011_09_26,2011_09_26_drive_0014_sync,0000000204,E:\monodepth_project\data\kitti\2011_09_26\2011_09_26_drive_0014_sync\image_02\data\0000000204.png,E:\monodepth_project\data\kitti\2011_09_26\2011_09_26_drive_0014_sync\velodyne_points\data\0000000204.bin,True,True,375,1242,110465
2011_09_26,2011_09_26_drive_0014_sync,0000000205,E:\monodepth_project\data\kitti\2011_09_26\2011_09_26_drive_0014_sync\image_02\data\0000000205.png,E:\monodepth_project\data\kitti\2011_09_26\2011_09_26_drive_0014_sync\velodyne_points\data\0000000205.bin,True,True,375,1242,110695
2011_09_26,2011_09_26_drive_0014_sync,0000000206,E:\monodepth_project\data\kitti\2011_09_26\2011_09_26_drive_0014_sync\image_02\data\0000000206.png,E:\monodepth_project\data\kitti\2011_09_26\2011_09_26_drive_0014_sync\velodyne_points\data\0000000206.bin,True,True,375,1242,110977
2011_09_26,2011_09_26_drive_0014_sync,0000000207,E:\monodepth_project\data\kitti\2011_09_26\2011_09_26_drive_0014_sync\image_02\data\0000000207.png,E:\monodepth_project\data\kitti\2011_09_26\2011_09_26_drive_0014_sync\velodyne_points\data\0000000207.bin,True,True,375,1242,113575
2011_09_26,2011_09_26_drive_0014_sync,0000000208,E:\monodepth_project\data\kitti\2011_09_26\2011_09_26_drive_0014_sync\image_02\data\0000000208.png,E:\monodepth_project\data\kitti\2011_09_26\2011_09_26_drive_0014_sync\velodyne_points\data\0000000208.bin,True,True,375,1242,116241
2011_09_26,2011_09_26_drive_0014_sync,0000000209,E:\monodepth_project\data\kitti\2011_09_26\2011_09_26_drive_0014_sync\image_02\data\0000000209.png,E:\monodepth_project\data\kitti\2011_09_26\2011_09_26_drive_0014_sync\velodyne_points\data\0000000209.bin,True,True,375,1242,118109
2011_09_26,2011_09_26_drive_0014_sync,0000000210,E:\monodepth_project\data\kitti\2011_09_26\2011_09_26_drive_0014_sync\image_02\data\0000000210.png,E:\monodepth_project\data\kitti\2011_09_26\2011_09_26_drive_0014_sync\velodyne_points\data\0000000210.bin,True,True,375,1242,118874
2011_09_26,2011_09_26_drive_0014_sync,0000000211,E:\monodepth_project\data\kitti\2011_09_26\2011_09_26_drive_0014_sync\image_02\data\0000000211.png,E:\monodepth_project\data\kitti\2011_09_26\2011_09_26_drive_0014_sync\velodyne_points\data\0000000211.bin,True,True,375,1242,119514
2011_09_26,2011_09_26_drive_0014_sync,0000000212,E:\monodepth_project\data\kitti\2011_09_26\2011_09_26_drive_0014_sync\image_02\data\0000000212.png,E:\monodepth_project\data\kitti\2011_09_26\2011_09_26_drive_0014_sync\velodyne_points\data\0000000212.bin,True,True,375,1242,119927
2011_09_26,2011_09_26_drive_0014_sync,0000000213,E:\monodepth_project\data\kitti\2011_09_26\2011_09_26_drive_0014_sync\image_02\data\0000000213.png,E:\monodepth_project\data\kitti\2011_09_26\2011_09_26_drive_0014_sync\velodyne_points\data\0000000213.bin,True,True,375,1242,120131
2011_09_26,2011_09_26_drive_0014_sync,0000000214,E:\monodepth_project\data\kitti\2011_09_26\2011_09_26_drive_0014_sync\image_02\data\0000000214.png,E:\monodepth_project\data\kitti\2011_09_26\2011_09_26_drive_0014_sync\velodyne_points\data\0000000214.bin,True,True,375,1242,120168
2011_09_26,2011_09_26_drive_0014_sync,0000000215,E:\monodepth_project\data\kitti\2011_09_26\2011_09_26_drive_0014_sync\image_02\data\0000000215.png,E:\monodepth_project\data\kitti\2011_09_26\2011_09_26_drive_0014_sync\velodyne_points\data\0000000215.bin,True,True,375,1242,119877
2011_09_26,2011_09_26_drive_0014_sync,0000000216,E:\monodepth_project\data\kitti\2011_09_26\2011_09_26_drive_0014_sync\image_02\data\0000000216.png,E:\monodepth_project\data\kitti\2011_09_26\2011_09_26_drive_0014_sync\velodyne_points\data\0000000216.bin,True,True,375,1242,119664
2011_09_26,2011_09_26_drive_0014_sync,0000000217,E:\monodepth_project\data\kitti\2011_09_26\2011_09_26_drive_0014_sync\image_02\data\0000000217.png,E:\monodepth_project\data\kitti\2011_09_26\2011_09_26_drive_0014_sync\velodyne_points\data\0000000217.bin,True,True,375,1242,119747
2011_09_26,2011_09_26_drive_0014_sync,0000000218,E:\monodepth_project\data\kitti\2011_09_26\2011_09_26_drive_0014_sync\image_02\data\0000000218.png,E:\monodepth_project\data\kitti\2011_09_26\2011_09_26_drive_0014_sync\velodyne_points\data\0000000218.bin,True,True,375,1242,119864
2011_09_26,2011_09_26_drive_0014_sync,0000000219,E:\monodepth_project\data\kitti\2011_09_26\2011_09_26_drive_0014_sync\image_02\data\0000000219.png,E:\monodepth_project\data\kitti\2011_09_26\2011_09_26_drive_0014_sync\velodyne_points\data\0000000219.bin,True,True,375,1242,120057
2011_09_26,2011_09_26_drive_0014_sync,0000000220,E:\monodepth_project\data\kitti\2011_09_26\2011_09_26_drive_0014_sync\image_02\data\0000000220.png,E:\monodepth_project\data\kitti\2011_09_26\2011_09_26_drive_0014_sync\velodyne_points\data\0000000220.bin,True,True,375,1242,120107
2011_09_26,2011_09_26_drive_0014_sync,0000000221,E:\monodepth_project\data\kitti\2011_09_26\2011_09_26_drive_0014_sync\image_02\data\0000000221.png,E:\monodepth_project\data\kitti\2011_09_26\2011_09_26_drive_0014_sync\velodyne_points\data\0000000221.bin,True,True,375,1242,120425
2011_09_26,2011_09_26_drive_0014_sync,0000000222,E:\monodepth_project\data\kitti\2011_09_26\2011_09_26_drive_0014_sync\image_02\data\0000000222.png,E:\monodepth_project\data\kitti\2011_09_26\2011_09_26_drive_0014_sync\velodyne_points\data\0000000222.bin,True,True,375,1242,120305
2011_09_26,2011_09_26_drive_0014_sync,0000000223,E:\monodepth_project\data\kitti\2011_09_26\2011_09_26_drive_0014_sync\image_02\data\0000000223.png,E:\monodepth_project\data\kitti\2011_09_26\2011_09_26_drive_0014_sync\velodyne_points\data\0000000223.bin,True,True,375,1242,119928
2011_09_26,2011_09_26_drive_0014_sync,0000000224,E:\monodepth_project\data\kitti\2011_09_26\2011_09_26_drive_0014_sync\image_02\data\0000000224.png,E:\monodepth_project\data\kitti\2011_09_26\2011_09_26_drive_0014_sync\velodyne_points\data\0000000224.bin,True,True,375,1242,119829
2011_09_26,2011_09_26_drive_0014_sync,0000000225,E:\monodepth_project\data\kitti\2011_09_26\2011_09_26_drive_0014_sync\image_02\data\0000000225.png,E:\monodepth_project\data\kitti\2011_09_26\2011_09_26_drive_0014_sync\velodyne_points\data\0000000225.bin,True,True,375,1242,120095
2011_09_26,2011_09_26_drive_0014_sync,0000000226,E:\monodepth_project\data\kitti\2011_09_26\2011_09_26_drive_0014_sync\image_02\data\0000000226.png,E:\monodepth_project\data\kitti\2011_09_26\2011_09_26_drive_0014_sync\velodyne_points\data\0000000226.bin,True,True,375,1242,120236
2011_09_26,2011_09_26_drive_0014_sync,0000000227,E:\monodepth_project\data\kitti\2011_09_26\2011_09_26_drive_0014_sync\image_02\data\0000000227.png,E:\monodepth_project\data\kitti\2011_09_26\2011_09_26_drive_0014_sync\velodyne_points\data\0000000227.bin,True,True,375,1242,120226
2011_09_26,2011_09_26_drive_0014_sync,0000000228,E:\monodepth_project\data\kitti\2011_09_26\2011_09_26_drive_0014_sync\image_02\data\0000000228.png,E:\monodepth_project\data\kitti\2011_09_26\2011_09_26_drive_0014_sync\velodyne_points\data\0000000228.bin,True,True,375,1242,120255
2011_09_26,2011_09_26_drive_0014_sync,0000000229,E:\monodepth_project\data\kitti\2011_09_26\2011_09_26_drive_0014_sync\image_02\data\0000000229.png,E:\monodepth_project\data\kitti\2011_09_26\2011_09_26_drive_0014_sync\velodyne_points\data\0000000229.bin,True,True,375,1242,120231
2011_09_26,2011_09_26_drive_0014_sync,0000000230,E:\monodepth_project\data\kitti\2011_09_26\2011_09_26_drive_0014_sync\image_02\data\0000000230.png,E:\monodepth_project\data\kitti\2011_09_26\2011_09_26_drive_0014_sync\velodyne_points\data\0000000230.bin,True,True,375,1242,120299
2011_09_26,2011_09_26_drive_0014_sync,0000000231,E:\monodepth_project\data\kitti\2011_09_26\2011_09_26_drive_0014_sync\image_02\data\0000000231.png,E:\monodepth_project\data\kitti\2011_09_26\2011_09_26_drive_0014_sync\velodyne_points\data\0000000231.bin,True,True,375,1242,120213
2011_09_26,2011_09_26_drive_0014_sync,0000000232,E:\monodepth_project\data\kitti\2011_09_26\2011_09_26_drive_0014_sync\image_02\data\0000000232.png,E:\monodepth_project\data\kitti\2011_09_26\2011_09_26_drive_0014_sync\velodyne_points\data\0000000232.bin,True,True,375,1242,120120
2011_09_26,2011_09_26_drive_0014_sync,0000000233,E:\monodepth_project\data\kitti\2011_09_26\2011_09_26_drive_0014_sync\image_02\data\0000000233.png,E:\monodepth_project\data\kitti\2011_09_26\2011_09_26_drive_0014_sync\velodyne_points\data\0000000233.bin,True,True,375,1242,120233
2011_09_26,2011_09_26_drive_0014_sync,0000000234,E:\monodepth_project\data\kitti\2011_09_26\2011_09_26_drive_0014_sync\image_02\data\0000000234.png,E:\monodepth_project\data\kitti\2011_09_26\2011_09_26_drive_0014_sync\velodyne_points\data\0000000234.bin,True,True,375,1242,120295
2011_09_26,2011_09_26_drive_0014_sync,0000000235,E:\monodepth_project\data\kitti\2011_09_26\2011_09_26_drive_0014_sync\image_02\data\0000000235.png,E:\monodepth_project\data\kitti\2011_09_26\2011_09_26_drive_0014_sync\velodyne_points\data\0000000235.bin,True,True,375,1242,120244
2011_09_26,2011_09_26_drive_0014_sync,0000000236,E:\monodepth_project\data\kitti\2011_09_26\2011_09_26_drive_0014_sync\image_02\data\0000000236.png,E:\monodepth_project\data\kitti\2011_09_26\2011_09_26_drive_0014_sync\velodyne_points\data\0000000236.bin,True,True,375,1242,120092
2011_09_26,2011_09_26_drive_0014_sync,0000000237,E:\monodepth_project\data\kitti\2011_09_26\2011_09_26_drive_0014_sync\image_02\data\0000000237.png,E:\monodepth_project\data\kitti\2011_09_26\2011_09_26_drive_0014_sync\velodyne_points\data\0000000237.bin,True,True,375,1242,119906
2011_09_26,2011_09_26_drive_0014_sync,0000000238,E:\monodepth_project\data\kitti\2011_09_26\2011_09_26_drive_0014_sync\image_02\data\0000000238.png,E:\monodepth_project\data\kitti\2011_09_26\2011_09_26_drive_0014_sync\velodyne_points\data\0000000238.bin,True,True,375,1242,119775
2011_09_26,2011_09_26_drive_0014_sync,0000000239,E:\monodepth_project\data\kitti\2011_09_26\2011_09_26_drive_0014_sync\image_02\data\0000000239.png,E:\monodepth_project\data\kitti\2011_09_26\2011_09_26_drive_0014_sync\velodyne_points\data\0000000239.bin,True,True,375,1242,119813
2011_09_26,2011_09_26_drive_0014_sync,0000000240,E:\monodepth_project\data\kitti\2011_09_26\2011_09_26_drive_0014_sync\image_02\data\0000000240.png,E:\monodepth_project\data\kitti\2011_09_26\2011_09_26_drive_0014_sync\velodyne_points\data\0000000240.bin,True,True,375,1242,119884
2011_09_26,2011_09_26_drive_0014_sync,0000000241,E:\monodepth_project\data\kitti\2011_09_26\2011_09_26_drive_0014_sync\image_02\data\0000000241.png,E:\monodepth_project\data\kitti\2011_09_26\2011_09_26_drive_0014_sync\velodyne_points\data\0000000241.bin,True,True,375,1242,119848
2011_09_26,2011_09_26_drive_0014_sync,0000000242,E:\monodepth_project\data\kitti\2011_09_26\2011_09_26_drive_0014_sync\image_02\data\0000000242.png,E:\monodepth_project\data\kitti\2011_09_26\2011_09_26_drive_0014_sync\velodyne_points\data\0000000242.bin,True,True,375,1242,119613
2011_09_26,2011_09_26_drive_0014_sync,0000000243,E:\monodepth_project\data\kitti\2011_09_26\2011_09_26_drive_0014_sync\image_02\data\0000000243.png,E:\monodepth_project\data\kitti\2011_09_26\2011_09_26_drive_0014_sync\velodyne_points\data\0000000243.bin,True,True,375,1242,119262
2011_09_26,2011_09_26_drive_0014_sync,0000000244,E:\monodepth_project\data\kitti\2011_09_26\2011_09_26_drive_0014_sync\image_02\data\0000000244.png,E:\monodepth_project\data\kitti\2011_09_26\2011_09_26_drive_0014_sync\velodyne_points\data\0000000244.bin,True,True,375,1242,118599
2011_09_26,2011_09_26_drive_0014_sync,0000000245,E:\monodepth_project\data\kitti\2011_09_26\2011_09_26_drive_0014_sync\image_02\data\0000000245.png,E:\monodepth_project\data\kitti\2011_09_26\2011_09_26_drive_0014_sync\velodyne_points\data\0000000245.bin,True,True,375,1242,118384
2011_09_26,2011_09_26_drive_0014_sync,0000000246,E:\monodepth_project\data\kitti\2011_09_26\2011_09_26_drive_0014_sync\image_02\data\0000000246.png,E:\monodepth_project\data\kitti\2011_09_26\2011_09_26_drive_0014_sync\velodyne_points\data\0000000246.bin,True,True,375,1242,118396
2011_09_26,2011_09_26_drive_0014_sync,0000000247,E:\monodepth_project\data\kitti\2011_09_26\2011_09_26_drive_0014_sync\image_02\data\0000000247.png,E:\monodepth_project\data\kitti\2011_09_26\2011_09_26_drive_0014_sync\velodyne_points\data\0000000247.bin,True,True,375,1242,118080
2011_09_26,2011_09_26_drive_0014_sync,0000000248,E:\monodepth_project\data\kitti\2011_09_26\2011_09_26_drive_0014_sync\image_02\data\0000000248.png,E:\monodepth_project\data\kitti\2011_09_26\2011_09_26_drive_0014_sync\velodyne_points\data\0000000248.bin,True,True,375,1242,117970
2011_09_26,2011_09_26_drive_0014_sync,0000000249,E:\monodepth_project\data\kitti\2011_09_26\2011_09_26_drive_0014_sync\image_02\data\0000000249.png,E:\monodepth_project\data\kitti\2011_09_26\2011_09_26_drive_0014_sync\velodyne_points\data\0000000249.bin,True,True,375,1242,118262
2011_09_26,2011_09_26_drive_0014_sync,0000000250,E:\monodepth_project\data\kitti\2011_09_26\2011_09_26_drive_0014_sync\image_02\data\0000000250.png,E:\monodepth_project\data\kitti\2011_09_26\2011_09_26_drive_0014_sync\velodyne_points\data\0000000250.bin,True,True,375,1242,118357
2011_09_26,2011_09_26_drive_0014_sync,0000000251,E:\monodepth_project\data\kitti\2011_09_26\2011_09_26_drive_0014_sync\image_02\data\0000000251.png,E:\monodepth_project\data\kitti\2011_09_26\2011_09_26_drive_0014_sync\velodyne_points\data\0000000251.bin,True,True,375,1242,118103
2011_09_26,2011_09_26_drive_0014_sync,0000000252,E:\monodepth_project\data\kitti\2011_09_26\2011_09_26_drive_0014_sync\image_02\data\0000000252.png,E:\monodepth_project\data\kitti\2011_09_26\2011_09_26_drive_0014_sync\velodyne_points\data\0000000252.bin,True,True,375,1242,118555
2011_09_26,2011_09_26_drive_0014_sync,0000000253,E:\monodepth_project\data\kitti\2011_09_26\2011_09_26_drive_0014_sync\image_02\data\0000000253.png,E:\monodepth_project\data\kitti\2011_09_26\2011_09_26_drive_0014_sync\velodyne_points\data\0000000253.bin,True,True,375,1242,118481
2011_09_26,2011_09_26_drive_0014_sync,0000000254,E:\monodepth_project\data\kitti\2011_09_26\2011_09_26_drive_0014_sync\image_02\data\0000000254.png,E:\monodepth_project\data\kitti\2011_09_26\2011_09_26_drive_0014_sync\velodyne_points\data\0000000254.bin,True,True,375,1242,118383
2011_09_26,2011_09_26_drive_0014_sync,0000000255,E:\monodepth_project\data\kitti\2011_09_26\2011_09_26_drive_0014_sync\image_02\data\0000000255.png,E:\monodepth_project\data\kitti\2011_09_26\2011_09_26_drive_0014_sync\velodyne_points\data\0000000255.bin,True,True,375,1242,118359
2011_09_26,2011_09_26_drive_0014_sync,0000000256,E:\monodepth_project\data\kitti\2011_09_26\2011_09_26_drive_0014_sync\image_02\data\0000000256.png,E:\monodepth_project\data\kitti\2011_09_26\2011_09_26_drive_0014_sync\velodyne_points\data\0000000256.bin,True,True,375,1242,118480
2011_09_26,2011_09_26_drive_0014_sync,0000000257,E:\monodepth_project\data\kitti\2011_09_26\2011_09_26_drive_0014_sync\image_02\data\0000000257.png,E:\monodepth_project\data\kitti\2011_09_26\2011_09_26_drive_0014_sync\velodyne_points\data\0000000257.bin,True,True,375,1242,118551
2011_09_26,2011_09_26_drive_0014_sync,0000000258,E:\monodepth_project\data\kitti\2011_09_26\2011_09_26_drive_0014_sync\image_02\data\0000000258.png,E:\monodepth_project\data\kitti\2011_09_26\2011_09_26_drive_0014_sync\velodyne_points\data\0000000258.bin,True,True,375,1242,118669
2011_09_26,2011_09_26_drive_0014_sync,0000000259,E:\monodepth_project\data\kitti\2011_09_26\2011_09_26_drive_0014_sync\image_02\data\0000000259.png,E:\monodepth_project\data\kitti\2011_09_26\2011_09_26_drive_0014_sync\velodyne_points\data\0000000259.bin,True,True,375,1242,118579
2011_09_26,2011_09_26_drive_0014_sync,0000000260,E:\monodepth_project\data\kitti\2011_09_26\2011_09_26_drive_0014_sync\image_02\data\0000000260.png,E:\monodepth_project\data\kitti\2011_09_26\2011_09_26_drive_0014_sync\velodyne_points\data\0000000260.bin,True,True,375,1242,118644
2011_09_26,2011_09_26_drive_0014_sync,0000000261,E:\monodepth_project\data\kitti\2011_09_26\2011_09_26_drive_0014_sync\image_02\data\0000000261.png,E:\monodepth_project\data\kitti\2011_09_26\2011_09_26_drive_0014_sync\velodyne_points\data\0000000261.bin,True,True,375,1242,118882
2011_09_26,2011_09_26_drive_0014_sync,0000000262,E:\monodepth_project\data\kitti\2011_09_26\2011_09_26_drive_0014_sync\image_02\data\0000000262.png,E:\monodepth_project\data\kitti\2011_09_26\2011_09_26_drive_0014_sync\velodyne_points\data\0000000262.bin,True,True,375,1242,119006
2011_09_26,2011_09_26_drive_0014_sync,0000000263,E:\monodepth_project\data\kitti\2011_09_26\2011_09_26_drive_0014_sync\image_02\data\0000000263.png,E:\monodepth_project\data\kitti\2011_09_26\2011_09_26_drive_0014_sync\velodyne_points\data\0000000263.bin,True,True,375,1242,118940
2011_09_26,2011_09_26_drive_0014_sync,0000000264,E:\monodepth_project\data\kitti\2011_09_26\2011_09_26_drive_0014_sync\image_02\data\0000000264.png,E:\monodepth_project\data\kitti\2011_09_26\2011_09_26_drive_0014_sync\velodyne_points\data\0000000264.bin,True,True,375,1242,119053
2011_09_26,2011_09_26_drive_0014_sync,0000000265,E:\monodepth_project\data\kitti\2011_09_26\2011_09_26_drive_0014_sync\image_02\data\0000000265.png,E:\monodepth_project\data\kitti\2011_09_26\2011_09_26_drive_0014_sync\velodyne_points\data\0000000265.bin,True,True,375,1242,118944
2011_09_26,2011_09_26_drive_0014_sync,0000000266,E:\monodepth_project\data\kitti\2011_09_26\2011_09_26_drive_0014_sync\image_02\data\0000000266.png,E:\monodepth_project\data\kitti\2011_09_26\2011_09_26_drive_0014_sync\velodyne_points\data\0000000266.bin,True,True,375,1242,118705
2011_09_26,2011_09_26_drive_0014_sync,0000000267,E:\monodepth_project\data\kitti\2011_09_26\2011_09_26_drive_0014_sync\image_02\data\0000000267.png,E:\monodepth_project\data\kitti\2011_09_26\2011_09_26_drive_0014_sync\velodyne_points\data\0000000267.bin,True,True,375,1242,118578
2011_09_26,2011_09_26_drive_0014_sync,0000000268,E:\monodepth_project\data\kitti\2011_09_26\2011_09_26_drive_0014_sync\image_02\data\0000000268.png,E:\monodepth_project\data\kitti\2011_09_26\2011_09_26_drive_0014_sync\velodyne_points\data\0000000268.bin,True,True,375,1242,118571
2011_09_26,2011_09_26_drive_0014_sync,0000000269,E:\monodepth_project\data\kitti\2011_09_26\2011_09_26_drive_0014_sync\image_02\data\0000000269.png,E:\monodepth_project\data\kitti\2011_09_26\2011_09_26_drive_0014_sync\velodyne_points\data\0000000269.bin,True,True,375,1242,118477
2011_09_26,2011_09_26_drive_0014_sync,0000000270,E:\monodepth_project\data\kitti\2011_09_26\2011_09_26_drive_0014_sync\image_02\data\0000000270.png,E:\monodepth_project\data\kitti\2011_09_26\2011_09_26_drive_0014_sync\velodyne_points\data\0000000270.bin,True,True,375,1242,118469
2011_09_26,2011_09_26_drive_0014_sync,0000000271,E:\monodepth_project\data\kitti\2011_09_26\2011_09_26_drive_0014_sync\image_02\data\0000000271.png,E:\monodepth_project\data\kitti\2011_09_26\2011_09_26_drive_0014_sync\velodyne_points\data\0000000271.bin,True,True,375,1242,118438
2011_09_26,2011_09_26_drive_0014_sync,0000000272,E:\monodepth_project\data\kitti\2011_09_26\2011_09_26_drive_0014_sync\image_02\data\0000000272.png,E:\monodepth_project\data\kitti\2011_09_26\2011_09_26_drive_0014_sync\velodyne_points\data\0000000272.bin,True,True,375,1242,118325
2011_09_26,2011_09_26_drive_0014_sync,0000000273,E:\monodepth_project\data\kitti\2011_09_26\2011_09_26_drive_0014_sync\image_02\data\0000000273.png,E:\monodepth_project\data\kitti\2011_09_26\2011_09_26_drive_0014_sync\velodyne_points\data\0000000273.bin,True,True,375,1242,118443
2011_09_26,2011_09_26_drive_0014_sync,0000000274,E:\monodepth_project\data\kitti\2011_09_26\2011_09_26_drive_0014_sync\image_02\data\0000000274.png,E:\monodepth_project\data\kitti\2011_09_26\2011_09_26_drive_0014_sync\velodyne_points\data\0000000274.bin,True,True,375,1242,118412
2011_09_26,2011_09_26_drive_0014_sync,0000000275,E:\monodepth_project\data\kitti\2011_09_26\2011_09_26_drive_0014_sync\image_02\data\0000000275.png,E:\monodepth_project\data\kitti\2011_09_26\2011_09_26_drive_0014_sync\velodyne_points\data\0000000275.bin,True,True,375,1242,118506
2011_09_26,2011_09_26_drive_0014_sync,0000000276,E:\monodepth_project\data\kitti\2011_09_26\2011_09_26_drive_0014_sync\image_02\data\0000000276.png,E:\monodepth_project\data\kitti\2011_09_26\2011_09_26_drive_0014_sync\velodyne_points\data\0000000276.bin,True,True,375,1242,118166
2011_09_26,2011_09_26_drive_0014_sync,0000000277,E:\monodepth_project\data\kitti\2011_09_26\2011_09_26_drive_0014_sync\image_02\data\0000000277.png,E:\monodepth_project\data\kitti\2011_09_26\2011_09_26_drive_0014_sync\velodyne_points\data\0000000277.bin,True,True,375,1242,118127
2011_09_26,2011_09_26_drive_0014_sync,0000000278,E:\monodepth_project\data\kitti\2011_09_26\2011_09_26_drive_0014_sync\image_02\data\0000000278.png,E:\monodepth_project\data\kitti\2011_09_26\2011_09_26_drive_0014_sync\velodyne_points\data\0000000278.bin,True,True,375,1242,117940
2011_09_26,2011_09_26_drive_0014_sync,0000000279,E:\monodepth_project\data\kitti\2011_09_26\2011_09_26_drive_0014_sync\image_02\data\0000000279.png,E:\monodepth_project\data\kitti\2011_09_26\2011_09_26_drive_0014_sync\velodyne_points\data\0000000279.bin,True,True,375,1242,117653
2011_09_26,2011_09_26_drive_0014_sync,0000000280,E:\monodepth_project\data\kitti\2011_09_26\2011_09_26_drive_0014_sync\image_02\data\0000000280.png,E:\monodepth_project\data\kitti\2011_09_26\2011_09_26_drive_0014_sync\velodyne_points\data\0000000280.bin,True,True,375,1242,117545
2011_09_26,2011_09_26_drive_0014_sync,0000000281,E:\monodepth_project\data\kitti\2011_09_26\2011_09_26_drive_0014_sync\image_02\data\0000000281.png,E:\monodepth_project\data\kitti\2011_09_26\2011_09_26_drive_0014_sync\velodyne_points\data\0000000281.bin,True,True,375,1242,117397
2011_09_26,2011_09_26_drive_0014_sync,0000000282,E:\monodepth_project\data\kitti\2011_09_26\2011_09_26_drive_0014_sync\image_02\data\0000000282.png,E:\monodepth_project\data\kitti\2011_09_26\2011_09_26_drive_0014_sync\velodyne_points\data\0000000282.bin,True,True,375,1242,116989
2011_09_26,2011_09_26_drive_0014_sync,0000000283,E:\monodepth_project\data\kitti\2011_09_26\2011_09_26_drive_0014_sync\image_02\data\0000000283.png,E:\monodepth_project\data\kitti\2011_09_26\2011_09_26_drive_0014_sync\velodyne_points\data\0000000283.bin,True,True,375,1242,117438
2011_09_26,2011_09_26_drive_0014_sync,0000000284,E:\monodepth_project\data\kitti\2011_09_26\2011_09_26_drive_0014_sync\image_02\data\0000000284.png,E:\monodepth_project\data\kitti\2011_09_26\2011_09_26_drive_0014_sync\velodyne_points\data\0000000284.bin,True,True,375,1242,117457
2011_09_26,2011_09_26_drive_0014_sync,0000000285,E:\monodepth_project\data\kitti\2011_09_26\2011_09_26_drive_0014_sync\image_02\data\0000000285.png,E:\monodepth_project\data\kitti\2011_09_26\2011_09_26_drive_0014_sync\velodyne_points\data\0000000285.bin,True,True,375,1242,117509
2011_09_26,2011_09_26_drive_0014_sync,0000000286,E:\monodepth_project\data\kitti\2011_09_26\2011_09_26_drive_0014_sync\image_02\data\0000000286.png,E:\monodepth_project\data\kitti\2011_09_26\2011_09_26_drive_0014_sync\velodyne_points\data\0000000286.bin,True,True,375,1242,117533
2011_09_26,2011_09_26_drive_0014_sync,0000000287,E:\monodepth_project\data\kitti\2011_09_26\2011_09_26_drive_0014_sync\image_02\data\0000000287.png,E:\monodepth_project\data\kitti\2011_09_26\2011_09_26_drive_0014_sync\velodyne_points\data\0000000287.bin,True,True,375,1242,117546
2011_09_26,2011_09_26_drive_0014_sync,0000000288,E:\monodepth_project\data\kitti\2011_09_26\2011_09_26_drive_0014_sync\image_02\data\0000000288.png,E:\monodepth_project\data\kitti\2011_09_26\2011_09_26_drive_0014_sync\velodyne_points\data\0000000288.bin,True,True,375,1242,117554
2011_09_26,2011_09_26_drive_0014_sync,0000000289,E:\monodepth_project\data\kitti\2011_09_26\2011_09_26_drive_0014_sync\image_02\data\0000000289.png,E:\monodepth_project\data\kitti\2011_09_26\2011_09_26_drive_0014_sync\velodyne_points\data\0000000289.bin,True,True,375,1242,117306
2011_09_26,2011_09_26_drive_0014_sync,0000000290,E:\monodepth_project\data\kitti\2011_09_26\2011_09_26_drive_0014_sync\image_02\data\0000000290.png,E:\monodepth_project\data\kitti\2011_09_26\2011_09_26_drive_0014_sync\velodyne_points\data\0000000290.bin,True,True,375,1242,117190
2011_09_26,2011_09_26_drive_0014_sync,0000000291,E:\monodepth_project\data\kitti\2011_09_26\2011_09_26_drive_0014_sync\image_02\data\0000000291.png,E:\monodepth_project\data\kitti\2011_09_26\2011_09_26_drive_0014_sync\velodyne_points\data\0000000291.bin,True,True,375,1242,116906
2011_09_26,2011_09_26_drive_0014_sync,0000000292,E:\monodepth_project\data\kitti\2011_09_26\2011_09_26_drive_0014_sync\image_02\data\0000000292.png,E:\monodepth_project\data\kitti\2011_09_26\2011_09_26_drive_0014_sync\velodyne_points\data\0000000292.bin,True,True,375,1242,116584
2011_09_26,2011_09_26_drive_0014_sync,0000000293,E:\monodepth_project\data\kitti\2011_09_26\2011_09_26_drive_0014_sync\image_02\data\0000000293.png,E:\monodepth_project\data\kitti\2011_09_26\2011_09_26_drive_0014_sync\velodyne_points\data\0000000293.bin,True,True,375,1242,116446
2011_09_26,2011_09_26_drive_0014_sync,0000000294,E:\monodepth_project\data\kitti\2011_09_26\2011_09_26_drive_0014_sync\image_02\data\0000000294.png,E:\monodepth_project\data\kitti\2011_09_26\2011_09_26_drive_0014_sync\velodyne_points\data\0000000294.bin,True,True,375,1242,116349
2011_09_26,2011_09_26_drive_0014_sync,0000000295,E:\monodepth_project\data\kitti\2011_09_26\2011_09_26_drive_0014_sync\image_02\data\0000000295.png,E:\monodepth_project\data\kitti\2011_09_26\2011_09_26_drive_0014_sync\velodyne_points\data\0000000295.bin,True,True,375,1242,116345
2011_09_26,2011_09_26_drive_0014_sync,0000000296,E:\monodepth_project\data\kitti\2011_09_26\2011_09_26_drive_0014_sync\image_02\data\0000000296.png,E:\monodepth_project\data\kitti\2011_09_26\2011_09_26_drive_0014_sync\velodyne_points\data\0000000296.bin,True,True,375,1242,116397
2011_09_26,2011_09_26_drive_0014_sync,0000000297,E:\monodepth_project\data\kitti\2011_09_26\2011_09_26_drive_0014_sync\image_02\data\0000000297.png,E:\monodepth_project\data\kitti\2011_09_26\2011_09_26_drive_0014_sync\velodyne_points\data\0000000297.bin,True,True,375,1242,116139
2011_09_26,2011_09_26_drive_0014_sync,0000000298,E:\monodepth_project\data\kitti\2011_09_26\2011_09_26_drive_0014_sync\image_02\data\0000000298.png,E:\monodepth_project\data\kitti\2011_09_26\2011_09_26_drive_0014_sync\velodyne_points\data\0000000298.bin,True,True,375,1242,116351
2011_09_26,2011_09_26_drive_0014_sync,0000000299,E:\monodepth_project\data\kitti\2011_09_26\2011_09_26_drive_0014_sync\image_02\data\0000000299.png,E:\monodepth_project\data\kitti\2011_09_26\2011_09_26_drive_0014_sync\velodyne_points\data\0000000299.bin,True,True,375,1242,116058
2011_09_26,2011_09_26_drive_0014_sync,0000000300,E:\monodepth_project\data\kitti\2011_09_26\2011_09_26_drive_0014_sync\image_02\data\0000000300.png,E:\monodepth_project\data\kitti\2011_09_26\2011_09_26_drive_0014_sync\velodyne_points\data\0000000300.bin,True,True,375,1242,116102
2011_09_26,2011_09_26_drive_0014_sync,0000000301,E:\monodepth_project\data\kitti\2011_09_26\2011_09_26_drive_0014_sync\image_02\data\0000000301.png,E:\monodepth_project\data\kitti\2011_09_26\2011_09_26_drive_0014_sync\velodyne_points\data\0000000301.bin,True,True,375,1242,116147
2011_09_26,2011_09_26_drive_0014_sync,0000000302,E:\monodepth_project\data\kitti\2011_09_26\2011_09_26_drive_0014_sync\image_02\data\0000000302.png,E:\monodepth_project\data\kitti\2011_09_26\2011_09_26_drive_0014_sync\velodyne_points\data\0000000302.bin,True,True,375,1242,116091
2011_09_26,2011_09_26_drive_0014_sync,0000000303,E:\monodepth_project\data\kitti\2011_09_26\2011_09_26_drive_0014_sync\image_02\data\0000000303.png,E:\monodepth_project\data\kitti\2011_09_26\2011_09_26_drive_0014_sync\velodyne_points\data\0000000303.bin,True,True,375,1242,116067
2011_09_26,2011_09_26_drive_0014_sync,0000000304,E:\monodepth_project\data\kitti\2011_09_26\2011_09_26_drive_0014_sync\image_02\data\0000000304.png,E:\monodepth_project\data\kitti\2011_09_26\2011_09_26_drive_0014_sync\velodyne_points\data\0000000304.bin,True,True,375,1242,116090
2011_09_26,2011_09_26_drive_0014_sync,0000000305,E:\monodepth_project\data\kitti\2011_09_26\2011_09_26_drive_0014_sync\image_02\data\0000000305.png,E:\monodepth_project\data\kitti\2011_09_26\2011_09_26_drive_0014_sync\velodyne_points\data\0000000305.bin,True,True,375,1242,116076
2011_09_26,2011_09_26_drive_0014_sync,0000000306,E:\monodepth_project\data\kitti\2011_09_26\2011_09_26_drive_0014_sync\image_02\data\0000000306.png,E:\monodepth_project\data\kitti\2011_09_26\2011_09_26_drive_0014_sync\velodyne_points\data\0000000306.bin,True,True,375,1242,115911
2011_09_26,2011_09_26_drive_0014_sync,0000000307,E:\monodepth_project\data\kitti\2011_09_26\2011_09_26_drive_0014_sync\image_02\data\0000000307.png,E:\monodepth_project\data\kitti\2011_09_26\2011_09_26_drive_0014_sync\velodyne_points\data\0000000307.bin,True,True,375,1242,115914
2011_09_26,2011_09_26_drive_0014_sync,0000000308,E:\monodepth_project\data\kitti\2011_09_26\2011_09_26_drive_0014_sync\image_02\data\0000000308.png,E:\monodepth_project\data\kitti\2011_09_26\2011_09_26_drive_0014_sync\velodyne_points\data\0000000308.bin,True,True,375,1242,115853
2011_09_26,2011_09_26_drive_0014_sync,0000000309,E:\monodepth_project\data\kitti\2011_09_26\2011_09_26_drive_0014_sync\image_02\data\0000000309.png,E:\monodepth_project\data\kitti\2011_09_26\2011_09_26_drive_0014_sync\velodyne_points\data\0000000309.bin,True,True,375,1242,115902
2011_09_26,2011_09_26_drive_0014_sync,0000000310,E:\monodepth_project\data\kitti\2011_09_26\2011_09_26_drive_0014_sync\image_02\data\0000000310.png,E:\monodepth_project\data\kitti\2011_09_26\2011_09_26_drive_0014_sync\velodyne_points\data\0000000310.bin,True,True,375,1242,115804
2011_09_26,2011_09_26_drive_0014_sync,0000000311,E:\monodepth_project\data\kitti\2011_09_26\2011_09_26_drive_0014_sync\image_02\data\0000000311.png,E:\monodepth_project\data\kitti\2011_09_26\2011_09_26_drive_0014_sync\velodyne_points\data\0000000311.bin,True,True,375,1242,115929
2011_09_26,2011_09_26_drive_0014_sync,0000000312,E:\monodepth_project\data\kitti\2011_09_26\2011_09_26_drive_0014_sync\image_02\data\0000000312.png,E:\monodepth_project\data\kitti\2011_09_26\2011_09_26_drive_0014_sync\velodyne_points\data\0000000312.bin,True,True,375,1242,115846
2011_09_26,2011_09_26_drive_0014_sync,0000000313,E:\monodepth_project\data\kitti\2011_09_26\2011_09_26_drive_0014_sync\image_02\data\0000000313.png,E:\monodepth_project\data\kitti\2011_09_26\2011_09_26_drive_0014_sync\velodyne_points\data\0000000313.bin,True,True,375,1242,107205
