date,sequence,frame_id,image_path,lidar_path,image_ok,lidar_ok,image_height,image_width,lidar_points,split,depth_path
2011_09_26,2011_09_26_drive_0001_sync,0,E:\monodepth_project\data\kitti\2011_09_26\2011_09_26_drive_0001_sync\image_02\data\0000000000.png,E:\monodepth_project\data\kitti\2011_09_26\2011_09_26_drive_0001_sync\velodyne_points\data\0000000000.bin,True,True,375,1242,121015,test,E:\monodepth_project\data\kitti\depth_maps\2011_09_26_2011_09_26_drive_0001_sync_0.npy
2011_09_26,2011_09_26_drive_0001_sync,1,E:\monodepth_project\data\kitti\2011_09_26\2011_09_26_drive_0001_sync\image_02\data\0000000001.png,E:\monodepth_project\data\kitti\2011_09_26\2011_09_26_drive_0001_sync\velodyne_points\data\0000000001.bin,True,True,375,1242,121151,test,E:\monodepth_project\data\kitti\depth_maps\2011_09_26_2011_09_26_drive_0001_sync_1.npy
2011_09_26,2011_09_26_drive_0001_sync,2,E:\monodepth_project\data\kitti\2011_09_26\2011_09_26_drive_0001_sync\image_02\data\0000000002.png,E:\monodepth_project\data\kitti\2011_09_26\2011_09_26_drive_0001_sync\velodyne_points\data\0000000002.bin,True,True,375,1242,121483,test,E:\monodepth_project\data\kitti\depth_maps\2011_09_26_2011_09_26_drive_0001_sync_2.npy
2011_09_26,2011_09_26_drive_0001_sync,3,E:\monodepth_project\data\kitti\2011_09_26\2011_09_26_drive_0001_sync\image_02\data\0000000003.png,E:\monodepth_project\data\kitti\2011_09_26\2011_09_26_drive_0001_sync\velodyne_points\data\0000000003.bin,True,True,375,1242,121604,test,E:\monodepth_project\data\kitti\depth_maps\2011_09_26_2011_09_26_drive_0001_sync_3.npy
2011_09_26,2011_09_26_drive_0001_sync,4,E:\monodepth_project\data\kitti\2011_09_26\2011_09_26_drive_0001_sync\image_02\data\0000000004.png,E:\monodepth_project\data\kitti\2011_09_26\2011_09_26_drive_0001_sync\velodyne_points\data\0000000004.bin,True,True,375,1242,121779,test,E:\monodepth_project\data\kitti\depth_maps\2011_09_26_2011_09_26_drive_0001_sync_4.npy
2011_09_26,2011_09_26_drive_0001_sync,5,E:\monodepth_project\data\kitti\2011_09_26\2011_09_26_drive_0001_sync\image_02\data\0000000005.png,E:\monodepth_project\data\kitti\2011_09_26\2011_09_26_drive_0001_sync\velodyne_points\data\0000000005.bin,True,True,375,1242,121948,test,E:\monodepth_project\data\kitti\depth_maps\2011_09_26_2011_09_26_drive_0001_sync_5.npy
2011_09_26,2011_09_26_drive_0001_sync,6,E:\monodepth_project\data\kitti\2011_09_26\2011_09_26_drive_0001_sync\image_02\data\0000000006.png,E:\monodepth_project\data\kitti\2011_09_26\2011_09_26_drive_0001_sync\velodyne_points\data\0000000006.bin,True,True,375,1242,121848,test,E:\monodepth_project\data\kitti\depth_maps\2011_09_26_2011_09_26_drive_0001_sync_6.npy
2011_09_26,2011_09_26_drive_0001_sync,7,E:\monodepth_project\data\kitti\2011_09_26\2011_09_26_drive_0001_sync\image_02\data\0000000007.png,E:\monodepth_project\data\kitti\2011_09_26\2011_09_26_drive_0001_sync\velodyne_points\data\0000000007.bin,True,True,375,1242,121997,test,E:\monodepth_project\data\kitti\depth_maps\2011_09_26_2011_09_26_drive_0001_sync_7.npy
2011_09_26,2011_09_26_drive_0001_sync,8,E:\monodepth_project\data\kitti\2011_09_26\2011_09_26_drive_0001_sync\image_02\data\0000000008.png,E:\monodepth_project\data\kitti\2011_09_26\2011_09_26_drive_0001_sync\velodyne_points\data\0000000008.bin,True,True,375,1242,122227,test,E:\monodepth_project\data\kitti\depth_maps\2011_09_26_2011_09_26_drive_0001_sync_8.npy
2011_09_26,2011_09_26_drive_0001_sync,9,E:\monodepth_project\data\kitti\2011_09_26\2011_09_26_drive_0001_sync\image_02\data\0000000009.png,E:\monodepth_project\data\kitti\2011_09_26\2011_09_26_drive_0001_sync\velodyne_points\data\0000000009.bin,True,True,375,1242,122402,test,E:\monodepth_project\data\kitti\depth_maps\2011_09_26_2011_09_26_drive_0001_sync_9.npy
2011_09_26,2011_09_26_drive_0001_sync,10,E:\monodepth_project\data\kitti\2011_09_26\2011_09_26_drive_0001_sync\image_02\data\0000000010.png,E:\monodepth_project\data\kitti\2011_09_26\2011_09_26_drive_0001_sync\velodyne_points\data\0000000010.bin,True,True,375,1242,122486,test,E:\monodepth_project\data\kitti\depth_maps\2011_09_26_2011_09_26_drive_0001_sync_10.npy
2011_09_26,2011_09_26_drive_0001_sync,11,E:\monodepth_project\data\kitti\2011_09_26\2011_09_26_drive_0001_sync\image_02\data\0000000011.png,E:\monodepth_project\data\kitti\2011_09_26\2011_09_26_drive_0001_sync\velodyne_points\data\0000000011.bin,True,True,375,1242,122554,test,E:\monodepth_project\data\kitti\depth_maps\2011_09_26_2011_09_26_drive_0001_sync_11.npy
2011_09_26,2011_09_26_drive_0001_sync,12,E:\monodepth_project\data\kitti\2011_09_26\2011_09_26_drive_0001_sync\image_02\data\0000000012.png,E:\monodepth_project\data\kitti\2011_09_26\2011_09_26_drive_0001_sync\velodyne_points\data\0000000012.bin,True,True,375,1242,122460,test,E:\monodepth_project\data\kitti\depth_maps\2011_09_26_2011_09_26_drive_0001_sync_12.npy
2011_09_26,2011_09_26_drive_0001_sync,13,E:\monodepth_project\data\kitti\2011_09_26\2011_09_26_drive_0001_sync\image_02\data\0000000013.png,E:\monodepth_project\data\kitti\2011_09_26\2011_09_26_drive_0001_sync\velodyne_points\data\0000000013.bin,True,True,375,1242,122566,test,E:\monodepth_project\data\kitti\depth_maps\2011_09_26_2011_09_26_drive_0001_sync_13.npy
2011_09_26,2011_09_26_drive_0001_sync,14,E:\monodepth_project\data\kitti\2011_09_26\2011_09_26_drive_0001_sync\image_02\data\0000000014.png,E:\monodepth_project\data\kitti\2011_09_26\2011_09_26_drive_0001_sync\velodyne_points\data\0000000014.bin,True,True,375,1242,122501,test,E:\monodepth_project\data\kitti\depth_maps\2011_09_26_2011_09_26_drive_0001_sync_14.npy
2011_09_26,2011_09_26_drive_0001_sync,15,E:\monodepth_project\data\kitti\2011_09_26\2011_09_26_drive_0001_sync\image_02\data\0000000015.png,E:\monodepth_project\data\kitti\2011_09_26\2011_09_26_drive_0001_sync\velodyne_points\data\0000000015.bin,True,True,375,1242,122455,test,E:\monodepth_project\data\kitti\depth_maps\2011_09_26_2011_09_26_drive_0001_sync_15.npy
2011_09_26,2011_09_26_drive_0001_sync,16,E:\monodepth_project\data\kitti\2011_09_26\2011_09_26_drive_0001_sync\image_02\data\0000000016.png,E:\monodepth_project\data\kitti\2011_09_26\2011_09_26_drive_0001_sync\velodyne_points\data\0000000016.bin,True,True,375,1242,122296,test,E:\monodepth_project\data\kitti\depth_maps\2011_09_26_2011_09_26_drive_0001_sync_16.npy
2011_09_26,2011_09_26_drive_0001_sync,17,E:\monodepth_project\data\kitti\2011_09_26\2011_09_26_drive_0001_sync\image_02\data\0000000017.png,E:\monodepth_project\data\kitti\2011_09_26\2011_09_26_drive_0001_sync\velodyne_points\data\0000000017.bin,True,True,375,1242,122260,test,E:\monodepth_project\data\kitti\depth_maps\2011_09_26_2011_09_26_drive_0001_sync_17.npy
2011_09_26,2011_09_26_drive_0001_sync,18,E:\monodepth_project\data\kitti\2011_09_26\2011_09_26_drive_0001_sync\image_02\data\0000000018.png,E:\monodepth_project\data\kitti\2011_09_26\2011_09_26_drive_0001_sync\velodyne_points\data\0000000018.bin,True,True,375,1242,122219,test,E:\monodepth_project\data\kitti\depth_maps\2011_09_26_2011_09_26_drive_0001_sync_18.npy
2011_09_26,2011_09_26_drive_0001_sync,19,E:\monodepth_project\data\kitti\2011_09_26\2011_09_26_drive_0001_sync\image_02\data\0000000019.png,E:\monodepth_project\data\kitti\2011_09_26\2011_09_26_drive_0001_sync\velodyne_points\data\0000000019.bin,True,True,375,1242,121870,test,E:\monodepth_project\data\kitti\depth_maps\2011_09_26_2011_09_26_drive_0001_sync_19.npy
2011_09_26,2011_09_26_drive_0001_sync,20,E:\monodepth_project\data\kitti\2011_09_26\2011_09_26_drive_0001_sync\image_02\data\0000000020.png,E:\monodepth_project\data\kitti\2011_09_26\2011_09_26_drive_0001_sync\velodyne_points\data\0000000020.bin,True,True,375,1242,121860,test,E:\monodepth_project\data\kitti\depth_maps\2011_09_26_2011_09_26_drive_0001_sync_20.npy
2011_09_26,2011_09_26_drive_0001_sync,21,E:\monodepth_project\data\kitti\2011_09_26\2011_09_26_drive_0001_sync\image_02\data\0000000021.png,E:\monodepth_project\data\kitti\2011_09_26\2011_09_26_drive_0001_sync\velodyne_points\data\0000000021.bin,True,True,375,1242,121514,test,E:\monodepth_project\data\kitti\depth_maps\2011_09_26_2011_09_26_drive_0001_sync_21.npy
2011_09_26,2011_09_26_drive_0001_sync,22,E:\monodepth_project\data\kitti\2011_09_26\2011_09_26_drive_0001_sync\image_02\data\0000000022.png,E:\monodepth_project\data\kitti\2011_09_26\2011_09_26_drive_0001_sync\velodyne_points\data\0000000022.bin,True,True,375,1242,121316,test,E:\monodepth_project\data\kitti\depth_maps\2011_09_26_2011_09_26_drive_0001_sync_22.npy
2011_09_26,2011_09_26_drive_0001_sync,23,E:\monodepth_project\data\kitti\2011_09_26\2011_09_26_drive_0001_sync\image_02\data\0000000023.png,E:\monodepth_project\data\kitti\2011_09_26\2011_09_26_drive_0001_sync\velodyne_points\data\0000000023.bin,True,True,375,1242,121321,test,E:\monodepth_project\data\kitti\depth_maps\2011_09_26_2011_09_26_drive_0001_sync_23.npy
2011_09_26,2011_09_26_drive_0001_sync,24,E:\monodepth_project\data\kitti\2011_09_26\2011_09_26_drive_0001_sync\image_02\data\0000000024.png,E:\monodepth_project\data\kitti\2011_09_26\2011_09_26_drive_0001_sync\velodyne_points\data\0000000024.bin,True,True,375,1242,121180,test,E:\monodepth_project\data\kitti\depth_maps\2011_09_26_2011_09_26_drive_0001_sync_24.npy
2011_09_26,2011_09_26_drive_0001_sync,25,E:\monodepth_project\data\kitti\2011_09_26\2011_09_26_drive_0001_sync\image_02\data\0000000025.png,E:\monodepth_project\data\kitti\2011_09_26\2011_09_26_drive_0001_sync\velodyne_points\data\0000000025.bin,True,True,375,1242,121376,test,E:\monodepth_project\data\kitti\depth_maps\2011_09_26_2011_09_26_drive_0001_sync_25.npy
2011_09_26,2011_09_26_drive_0001_sync,26,E:\monodepth_project\data\kitti\2011_09_26\2011_09_26_drive_0001_sync\image_02\data\0000000026.png,E:\monodepth_project\data\kitti\2011_09_26\2011_09_26_drive_0001_sync\velodyne_points\data\0000000026.bin,True,True,375,1242,121544,test,E:\monodepth_project\data\kitti\depth_maps\2011_09_26_2011_09_26_drive_0001_sync_26.npy
2011_09_26,2011_09_26_drive_0001_sync,27,E:\monodepth_project\data\kitti\2011_09_26\2011_09_26_drive_0001_sync\image_02\data\0000000027.png,E:\monodepth_project\data\kitti\2011_09_26\2011_09_26_drive_0001_sync\velodyne_points\data\0000000027.bin,True,True,375,1242,121556,test,E:\monodepth_project\data\kitti\depth_maps\2011_09_26_2011_09_26_drive_0001_sync_27.npy
2011_09_26,2011_09_26_drive_0001_sync,28,E:\monodepth_project\data\kitti\2011_09_26\2011_09_26_drive_0001_sync\image_02\data\0000000028.png,E:\monodepth_project\data\kitti\2011_09_26\2011_09_26_drive_0001_sync\velodyne_points\data\0000000028.bin,True,True,375,1242,121524,test,E:\monodepth_project\data\kitti\depth_maps\2011_09_26_2011_09_26_drive_0001_sync_28.npy
2011_09_26,2011_09_26_drive_0001_sync,29,E:\monodepth_project\data\kitti\2011_09_26\2011_09_26_drive_0001_sync\image_02\data\0000000029.png,E:\monodepth_project\data\kitti\2011_09_26\2011_09_26_drive_0001_sync\velodyne_points\data\0000000029.bin,True,True,375,1242,121340,test,E:\monodepth_project\data\kitti\depth_maps\2011_09_26_2011_09_26_drive_0001_sync_29.npy
2011_09_26,2011_09_26_drive_0001_sync,30,E:\monodepth_project\data\kitti\2011_09_26\2011_09_26_drive_0001_sync\image_02\data\0000000030.png,E:\monodepth_project\data\kitti\2011_09_26\2011_09_26_drive_0001_sync\velodyne_points\data\0000000030.bin,True,True,375,1242,121129,test,E:\monodepth_project\data\kitti\depth_maps\2011_09_26_2011_09_26_drive_0001_sync_30.npy
2011_09_26,2011_09_26_drive_0001_sync,31,E:\monodepth_project\data\kitti\2011_09_26\2011_09_26_drive_0001_sync\image_02\data\0000000031.png,E:\monodepth_project\data\kitti\2011_09_26\2011_09_26_drive_0001_sync\velodyne_points\data\0000000031.bin,True,True,375,1242,121214,test,E:\monodepth_project\data\kitti\depth_maps\2011_09_26_2011_09_26_drive_0001_sync_31.npy
2011_09_26,2011_09_26_drive_0001_sync,32,E:\monodepth_project\data\kitti\2011_09_26\2011_09_26_drive_0001_sync\image_02\data\0000000032.png,E:\monodepth_project\data\kitti\2011_09_26\2011_09_26_drive_0001_sync\velodyne_points\data\0000000032.bin,True,True,375,1242,121239,test,E:\monodepth_project\data\kitti\depth_maps\2011_09_26_2011_09_26_drive_0001_sync_32.npy
2011_09_26,2011_09_26_drive_0001_sync,33,E:\monodepth_project\data\kitti\2011_09_26\2011_09_26_drive_0001_sync\image_02\data\0000000033.png,E:\monodepth_project\data\kitti\2011_09_26\2011_09_26_drive_0001_sync\velodyne_points\data\0000000033.bin,True,True,375,1242,121237,test,E:\monodepth_project\data\kitti\depth_maps\2011_09_26_2011_09_26_drive_0001_sync_33.npy
2011_09_26,2011_09_26_drive_0001_sync,34,E:\monodepth_project\data\kitti\2011_09_26\2011_09_26_drive_0001_sync\image_02\data\0000000034.png,E:\monodepth_project\data\kitti\2011_09_26\2011_09_26_drive_0001_sync\velodyne_points\data\0000000034.bin,True,True,375,1242,121266,test,E:\monodepth_project\data\kitti\depth_maps\2011_09_26_2011_09_26_drive_0001_sync_34.npy
2011_09_26,2011_09_26_drive_0001_sync,35,E:\monodepth_project\data\kitti\2011_09_26\2011_09_26_drive_0001_sync\image_02\data\0000000035.png,E:\monodepth_project\data\kitti\2011_09_26\2011_09_26_drive_0001_sync\velodyne_points\data\0000000035.bin,True,True,375,1242,121210,test,E:\monodepth_project\data\kitti\depth_maps\2011_09_26_2011_09_26_drive_0001_sync_35.npy
2011_09_26,2011_09_26_drive_0001_sync,36,E:\monodepth_project\data\kitti\2011_09_26\2011_09_26_drive_0001_sync\image_02\data\0000000036.png,E:\monodepth_project\data\kitti\2011_09_26\2011_09_26_drive_0001_sync\velodyne_points\data\0000000036.bin,True,True,375,1242,121194,test,E:\monodepth_project\data\kitti\depth_maps\2011_09_26_2011_09_26_drive_0001_sync_36.npy
2011_09_26,2011_09_26_drive_0001_sync,37,E:\monodepth_project\data\kitti\2011_09_26\2011_09_26_drive_0001_sync\image_02\data\0000000037.png,E:\monodepth_project\data\kitti\2011_09_26\2011_09_26_drive_0001_sync\velodyne_points\data\0000000037.bin,True,True,375,1242,121197,test,E:\monodepth_project\data\kitti\depth_maps\2011_09_26_2011_09_26_drive_0001_sync_37.npy
2011_09_26,2011_09_26_drive_0001_sync,38,E:\monodepth_project\data\kitti\2011_09_26\2011_09_26_drive_0001_sync\image_02\data\0000000038.png,E:\monodepth_project\data\kitti\2011_09_26\2011_09_26_drive_0001_sync\velodyne_points\data\0000000038.bin,True,True,375,1242,121378,test,E:\monodepth_project\data\kitti\depth_maps\2011_09_26_2011_09_26_drive_0001_sync_38.npy
2011_09_26,2011_09_26_drive_0001_sync,39,E:\monodepth_project\data\kitti\2011_09_26\2011_09_26_drive_0001_sync\image_02\data\0000000039.png,E:\monodepth_project\data\kitti\2011_09_26\2011_09_26_drive_0001_sync\velodyne_points\data\0000000039.bin,True,True,375,1242,121535,test,E:\monodepth_project\data\kitti\depth_maps\2011_09_26_2011_09_26_drive_0001_sync_39.npy
2011_09_26,2011_09_26_drive_0001_sync,40,E:\monodepth_project\data\kitti\2011_09_26\2011_09_26_drive_0001_sync\image_02\data\0000000040.png,E:\monodepth_project\data\kitti\2011_09_26\2011_09_26_drive_0001_sync\velodyne_points\data\0000000040.bin,True,True,375,1242,121587,test,E:\monodepth_project\data\kitti\depth_maps\2011_09_26_2011_09_26_drive_0001_sync_40.npy
2011_09_26,2011_09_26_drive_0001_sync,41,E:\monodepth_project\data\kitti\2011_09_26\2011_09_26_drive_0001_sync\image_02\data\0000000041.png,E:\monodepth_project\data\kitti\2011_09_26\2011_09_26_drive_0001_sync\velodyne_points\data\0000000041.bin,True,True,375,1242,121467,test,E:\monodepth_project\data\kitti\depth_maps\2011_09_26_2011_09_26_drive_0001_sync_41.npy
2011_09_26,2011_09_26_drive_0001_sync,42,E:\monodepth_project\data\kitti\2011_09_26\2011_09_26_drive_0001_sync\image_02\data\0000000042.png,E:\monodepth_project\data\kitti\2011_09_26\2011_09_26_drive_0001_sync\velodyne_points\data\0000000042.bin,True,True,375,1242,121387,test,E:\monodepth_project\data\kitti\depth_maps\2011_09_26_2011_09_26_drive_0001_sync_42.npy
2011_09_26,2011_09_26_drive_0001_sync,43,E:\monodepth_project\data\kitti\2011_09_26\2011_09_26_drive_0001_sync\image_02\data\0000000043.png,E:\monodepth_project\data\kitti\2011_09_26\2011_09_26_drive_0001_sync\velodyne_points\data\0000000043.bin,True,True,375,1242,121230,test,E:\monodepth_project\data\kitti\depth_maps\2011_09_26_2011_09_26_drive_0001_sync_43.npy
2011_09_26,2011_09_26_drive_0001_sync,44,E:\monodepth_project\data\kitti\2011_09_26\2011_09_26_drive_0001_sync\image_02\data\0000000044.png,E:\monodepth_project\data\kitti\2011_09_26\2011_09_26_drive_0001_sync\velodyne_points\data\0000000044.bin,True,True,375,1242,121149,test,E:\monodepth_project\data\kitti\depth_maps\2011_09_26_2011_09_26_drive_0001_sync_44.npy
2011_09_26,2011_09_26_drive_0001_sync,45,E:\monodepth_project\data\kitti\2011_09_26\2011_09_26_drive_0001_sync\image_02\data\0000000045.png,E:\monodepth_project\data\kitti\2011_09_26\2011_09_26_drive_0001_sync\velodyne_points\data\0000000045.bin,True,True,375,1242,121226,test,E:\monodepth_project\data\kitti\depth_maps\2011_09_26_2011_09_26_drive_0001_sync_45.npy
2011_09_26,2011_09_26_drive_0001_sync,46,E:\monodepth_project\data\kitti\2011_09_26\2011_09_26_drive_0001_sync\image_02\data\0000000046.png,E:\monodepth_project\data\kitti\2011_09_26\2011_09_26_drive_0001_sync\velodyne_points\data\0000000046.bin,True,True,375,1242,121463,test,E:\monodepth_project\data\kitti\depth_maps\2011_09_26_2011_09_26_drive_0001_sync_46.npy
2011_09_26,2011_09_26_drive_0001_sync,47,E:\monodepth_project\data\kitti\2011_09_26\2011_09_26_drive_0001_sync\image_02\data\0000000047.png,E:\monodepth_project\data\kitti\2011_09_26\2011_09_26_drive_0001_sync\velodyne_points\data\0000000047.bin,True,True,375,1242,121505,test,E:\monodepth_project\data\kitti\depth_maps\2011_09_26_2011_09_26_drive_0001_sync_47.npy
2011_09_26,2011_09_26_drive_0001_sync,48,E:\monodepth_project\data\kitti\2011_09_26\2011_09_26_drive_0001_sync\image_02\data\0000000048.png,E:\monodepth_project\data\kitti\2011_09_26\2011_09_26_drive_0001_sync\velodyne_points\data\0000000048.bin,True,True,375,1242,121607,test,E:\monodepth_project\data\kitti\depth_maps\2011_09_26_2011_09_26_drive_0001_sync_48.npy
2011_09_26,2011_09_26_drive_0001_sync,49,E:\monodepth_project\data\kitti\2011_09_26\2011_09_26_drive_0001_sync\image_02\data\0000000049.png,E:\monodepth_project\data\kitti\2011_09_26\2011_09_26_drive_0001_sync\velodyne_points\data\0000000049.bin,True,True,375,1242,121875,test,E:\monodepth_project\data\kitti\depth_maps\2011_09_26_2011_09_26_drive_0001_sync_49.npy
2011_09_26,2011_09_26_drive_0001_sync,50,E:\monodepth_project\data\kitti\2011_09_26\2011_09_26_drive_0001_sync\image_02\data\0000000050.png,E:\monodepth_project\data\kitti\2011_09_26\2011_09_26_drive_0001_sync\velodyne_points\data\0000000050.bin,True,True,375,1242,121799,test,E:\monodepth_project\data\kitti\depth_maps\2011_09_26_2011_09_26_drive_0001_sync_50.npy
2011_09_26,2011_09_26_drive_0001_sync,51,E:\monodepth_project\data\kitti\2011_09_26\2011_09_26_drive_0001_sync\image_02\data\0000000051.png,E:\monodepth_project\data\kitti\2011_09_26\2011_09_26_drive_0001_sync\velodyne_points\data\0000000051.bin,True,True,375,1242,121735,test,E:\monodepth_project\data\kitti\depth_maps\2011_09_26_2011_09_26_drive_0001_sync_51.npy
2011_09_26,2011_09_26_drive_0001_sync,52,E:\monodepth_project\data\kitti\2011_09_26\2011_09_26_drive_0001_sync\image_02\data\0000000052.png,E:\monodepth_project\data\kitti\2011_09_26\2011_09_26_drive_0001_sync\velodyne_points\data\0000000052.bin,True,True,375,1242,121740,test,E:\monodepth_project\data\kitti\depth_maps\2011_09_26_2011_09_26_drive_0001_sync_52.npy
2011_09_26,2011_09_26_drive_0001_sync,53,E:\monodepth_project\data\kitti\2011_09_26\2011_09_26_drive_0001_sync\image_02\data\0000000053.png,E:\monodepth_project\data\kitti\2011_09_26\2011_09_26_drive_0001_sync\velodyne_points\data\0000000053.bin,True,True,375,1242,121923,test,E:\monodepth_project\data\kitti\depth_maps\2011_09_26_2011_09_26_drive_0001_sync_53.npy
2011_09_26,2011_09_26_drive_0001_sync,54,E:\monodepth_project\data\kitti\2011_09_26\2011_09_26_drive_0001_sync\image_02\data\0000000054.png,E:\monodepth_project\data\kitti\2011_09_26\2011_09_26_drive_0001_sync\velodyne_points\data\0000000054.bin,True,True,375,1242,121937,test,E:\monodepth_project\data\kitti\depth_maps\2011_09_26_2011_09_26_drive_0001_sync_54.npy
2011_09_26,2011_09_26_drive_0001_sync,55,E:\monodepth_project\data\kitti\2011_09_26\2011_09_26_drive_0001_sync\image_02\data\0000000055.png,E:\monodepth_project\data\kitti\2011_09_26\2011_09_26_drive_0001_sync\velodyne_points\data\0000000055.bin,True,True,375,1242,122072,test,E:\monodepth_project\data\kitti\depth_maps\2011_09_26_2011_09_26_drive_0001_sync_55.npy
2011_09_26,2011_09_26_drive_0001_sync,56,E:\monodepth_project\data\kitti\2011_09_26\2011_09_26_drive_0001_sync\image_02\data\0000000056.png,E:\monodepth_project\data\kitti\2011_09_26\2011_09_26_drive_0001_sync\velodyne_points\data\0000000056.bin,True,True,375,1242,122170,test,E:\monodepth_project\data\kitti\depth_maps\2011_09_26_2011_09_26_drive_0001_sync_56.npy
2011_09_26,2011_09_26_drive_0001_sync,57,E:\monodepth_project\data\kitti\2011_09_26\2011_09_26_drive_0001_sync\image_02\data\0000000057.png,E:\monodepth_project\data\kitti\2011_09_26\2011_09_26_drive_0001_sync\velodyne_points\data\0000000057.bin,True,True,375,1242,122223,test,E:\monodepth_project\data\kitti\depth_maps\2011_09_26_2011_09_26_drive_0001_sync_57.npy
2011_09_26,2011_09_26_drive_0001_sync,58,E:\monodepth_project\data\kitti\2011_09_26\2011_09_26_drive_0001_sync\image_02\data\0000000058.png,E:\monodepth_project\data\kitti\2011_09_26\2011_09_26_drive_0001_sync\velodyne_points\data\0000000058.bin,True,True,375,1242,122415,test,E:\monodepth_project\data\kitti\depth_maps\2011_09_26_2011_09_26_drive_0001_sync_58.npy
2011_09_26,2011_09_26_drive_0001_sync,59,E:\monodepth_project\data\kitti\2011_09_26\2011_09_26_drive_0001_sync\image_02\data\0000000059.png,E:\monodepth_project\data\kitti\2011_09_26\2011_09_26_drive_0001_sync\velodyne_points\data\0000000059.bin,True,True,375,1242,122405,test,E:\monodepth_project\data\kitti\depth_maps\2011_09_26_2011_09_26_drive_0001_sync_59.npy
2011_09_26,2011_09_26_drive_0001_sync,60,E:\monodepth_project\data\kitti\2011_09_26\2011_09_26_drive_0001_sync\image_02\data\0000000060.png,E:\monodepth_project\data\kitti\2011_09_26\2011_09_26_drive_0001_sync\velodyne_points\data\0000000060.bin,True,True,375,1242,122421,test,E:\monodepth_project\data\kitti\depth_maps\2011_09_26_2011_09_26_drive_0001_sync_60.npy
2011_09_26,2011_09_26_drive_0001_sync,61,E:\monodepth_project\data\kitti\2011_09_26\2011_09_26_drive_0001_sync\image_02\data\0000000061.png,E:\monodepth_project\data\kitti\2011_09_26\2011_09_26_drive_0001_sync\velodyne_points\data\0000000061.bin,True,True,375,1242,122306,test,E:\monodepth_project\data\kitti\depth_maps\2011_09_26_2011_09_26_drive_0001_sync_61.npy
2011_09_26,2011_09_26_drive_0001_sync,62,E:\monodepth_project\data\kitti\2011_09_26\2011_09_26_drive_0001_sync\image_02\data\0000000062.png,E:\monodepth_project\data\kitti\2011_09_26\2011_09_26_drive_0001_sync\velodyne_points\data\0000000062.bin,True,True,375,1242,122266,test,E:\monodepth_project\data\kitti\depth_maps\2011_09_26_2011_09_26_drive_0001_sync_62.npy
2011_09_26,2011_09_26_drive_0001_sync,63,E:\monodepth_project\data\kitti\2011_09_26\2011_09_26_drive_0001_sync\image_02\data\0000000063.png,E:\monodepth_project\data\kitti\2011_09_26\2011_09_26_drive_0001_sync\velodyne_points\data\0000000063.bin,True,True,375,1242,122270,test,E:\monodepth_project\data\kitti\depth_maps\2011_09_26_2011_09_26_drive_0001_sync_63.npy
2011_09_26,2011_09_26_drive_0001_sync,64,E:\monodepth_project\data\kitti\2011_09_26\2011_09_26_drive_0001_sync\image_02\data\0000000064.png,E:\monodepth_project\data\kitti\2011_09_26\2011_09_26_drive_0001_sync\velodyne_points\data\0000000064.bin,True,True,375,1242,122376,test,E:\monodepth_project\data\kitti\depth_maps\2011_09_26_2011_09_26_drive_0001_sync_64.npy
2011_09_26,2011_09_26_drive_0001_sync,65,E:\monodepth_project\data\kitti\2011_09_26\2011_09_26_drive_0001_sync\image_02\data\0000000065.png,E:\monodepth_project\data\kitti\2011_09_26\2011_09_26_drive_0001_sync\velodyne_points\data\0000000065.bin,True,True,375,1242,122474,test,E:\monodepth_project\data\kitti\depth_maps\2011_09_26_2011_09_26_drive_0001_sync_65.npy
2011_09_26,2011_09_26_drive_0001_sync,66,E:\monodepth_project\data\kitti\2011_09_26\2011_09_26_drive_0001_sync\image_02\data\0000000066.png,E:\monodepth_project\data\kitti\2011_09_26\2011_09_26_drive_0001_sync\velodyne_points\data\0000000066.bin,True,True,375,1242,122627,test,E:\monodepth_project\data\kitti\depth_maps\2011_09_26_2011_09_26_drive_0001_sync_66.npy
2011_09_26,2011_09_26_drive_0001_sync,67,E:\monodepth_project\data\kitti\2011_09_26\2011_09_26_drive_0001_sync\image_02\data\0000000067.png,E:\monodepth_project\data\kitti\2011_09_26\2011_09_26_drive_0001_sync\velodyne_points\data\0000000067.bin,True,True,375,1242,122763,test,E:\monodepth_project\data\kitti\depth_maps\2011_09_26_2011_09_26_drive_0001_sync_67.npy
2011_09_26,2011_09_26_drive_0001_sync,68,E:\monodepth_project\data\kitti\2011_09_26\2011_09_26_drive_0001_sync\image_02\data\0000000068.png,E:\monodepth_project\data\kitti\2011_09_26\2011_09_26_drive_0001_sync\velodyne_points\data\0000000068.bin,True,True,375,1242,122850,test,E:\monodepth_project\data\kitti\depth_maps\2011_09_26_2011_09_26_drive_0001_sync_68.npy
2011_09_26,2011_09_26_drive_0001_sync,69,E:\monodepth_project\data\kitti\2011_09_26\2011_09_26_drive_0001_sync\image_02\data\0000000069.png,E:\monodepth_project\data\kitti\2011_09_26\2011_09_26_drive_0001_sync\velodyne_points\data\0000000069.bin,True,True,375,1242,122945,test,E:\monodepth_project\data\kitti\depth_maps\2011_09_26_2011_09_26_drive_0001_sync_69.npy
2011_09_26,2011_09_26_drive_0001_sync,70,E:\monodepth_project\data\kitti\2011_09_26\2011_09_26_drive_0001_sync\image_02\data\0000000070.png,E:\monodepth_project\data\kitti\2011_09_26\2011_09_26_drive_0001_sync\velodyne_points\data\0000000070.bin,True,True,375,1242,122973,test,E:\monodepth_project\data\kitti\depth_maps\2011_09_26_2011_09_26_drive_0001_sync_70.npy
2011_09_26,2011_09_26_drive_0001_sync,71,E:\monodepth_project\data\kitti\2011_09_26\2011_09_26_drive_0001_sync\image_02\data\0000000071.png,E:\monodepth_project\data\kitti\2011_09_26\2011_09_26_drive_0001_sync\velodyne_points\data\0000000071.bin,True,True,375,1242,123038,test,E:\monodepth_project\data\kitti\depth_maps\2011_09_26_2011_09_26_drive_0001_sync_71.npy
2011_09_26,2011_09_26_drive_0001_sync,72,E:\monodepth_project\data\kitti\2011_09_26\2011_09_26_drive_0001_sync\image_02\data\0000000072.png,E:\monodepth_project\data\kitti\2011_09_26\2011_09_26_drive_0001_sync\velodyne_points\data\0000000072.bin,True,True,375,1242,123007,test,E:\monodepth_project\data\kitti\depth_maps\2011_09_26_2011_09_26_drive_0001_sync_72.npy
2011_09_26,2011_09_26_drive_0001_sync,73,E:\monodepth_project\data\kitti\2011_09_26\2011_09_26_drive_0001_sync\image_02\data\0000000073.png,E:\monodepth_project\data\kitti\2011_09_26\2011_09_26_drive_0001_sync\velodyne_points\data\0000000073.bin,True,True,375,1242,123012,test,E:\monodepth_project\data\kitti\depth_maps\2011_09_26_2011_09_26_drive_0001_sync_73.npy
2011_09_26,2011_09_26_drive_0001_sync,74,E:\monodepth_project\data\kitti\2011_09_26\2011_09_26_drive_0001_sync\image_02\data\0000000074.png,E:\monodepth_project\data\kitti\2011_09_26\2011_09_26_drive_0001_sync\velodyne_points\data\0000000074.bin,True,True,375,1242,123048,test,E:\monodepth_project\data\kitti\depth_maps\2011_09_26_2011_09_26_drive_0001_sync_74.npy
2011_09_26,2011_09_26_drive_0001_sync,75,E:\monodepth_project\data\kitti\2011_09_26\2011_09_26_drive_0001_sync\image_02\data\0000000075.png,E:\monodepth_project\data\kitti\2011_09_26\2011_09_26_drive_0001_sync\velodyne_points\data\0000000075.bin,True,True,375,1242,123092,test,E:\monodepth_project\data\kitti\depth_maps\2011_09_26_2011_09_26_drive_0001_sync_75.npy
2011_09_26,2011_09_26_drive_0001_sync,76,E:\monodepth_project\data\kitti\2011_09_26\2011_09_26_drive_0001_sync\image_02\data\0000000076.png,E:\monodepth_project\data\kitti\2011_09_26\2011_09_26_drive_0001_sync\velodyne_points\data\0000000076.bin,True,True,375,1242,122965,test,E:\monodepth_project\data\kitti\depth_maps\2011_09_26_2011_09_26_drive_0001_sync_76.npy
2011_09_26,2011_09_26_drive_0001_sync,77,E:\monodepth_project\data\kitti\2011_09_26\2011_09_26_drive_0001_sync\image_02\data\0000000077.png,E:\monodepth_project\data\kitti\2011_09_26\2011_09_26_drive_0001_sync\velodyne_points\data\0000000077.bin,True,True,375,1242,123029,test,E:\monodepth_project\data\kitti\depth_maps\2011_09_26_2011_09_26_drive_0001_sync_77.npy
2011_09_26,2011_09_26_drive_0001_sync,78,E:\monodepth_project\data\kitti\2011_09_26\2011_09_26_drive_0001_sync\image_02\data\0000000078.png,E:\monodepth_project\data\kitti\2011_09_26\2011_09_26_drive_0001_sync\velodyne_points\data\0000000078.bin,True,True,375,1242,123006,test,E:\monodepth_project\data\kitti\depth_maps\2011_09_26_2011_09_26_drive_0001_sync_78.npy
2011_09_26,2011_09_26_drive_0001_sync,79,E:\monodepth_project\data\kitti\2011_09_26\2011_09_26_drive_0001_sync\image_02\data\0000000079.png,E:\monodepth_project\data\kitti\2011_09_26\2011_09_26_drive_0001_sync\velodyne_points\data\0000000079.bin,True,True,375,1242,123026,test,E:\monodepth_project\data\kitti\depth_maps\2011_09_26_2011_09_26_drive_0001_sync_79.npy
2011_09_26,2011_09_26_drive_0001_sync,80,E:\monodepth_project\data\kitti\2011_09_26\2011_09_26_drive_0001_sync\image_02\data\0000000080.png,E:\monodepth_project\data\kitti\2011_09_26\2011_09_26_drive_0001_sync\velodyne_points\data\0000000080.bin,True,True,375,1242,123176,test,E:\monodepth_project\data\kitti\depth_maps\2011_09_26_2011_09_26_drive_0001_sync_80.npy
2011_09_26,2011_09_26_drive_0001_sync,81,E:\monodepth_project\data\kitti\2011_09_26\2011_09_26_drive_0001_sync\image_02\data\0000000081.png,E:\monodepth_project\data\kitti\2011_09_26\2011_09_26_drive_0001_sync\velodyne_points\data\0000000081.bin,True,True,375,1242,123136,test,E:\monodepth_project\data\kitti\depth_maps\2011_09_26_2011_09_26_drive_0001_sync_81.npy
2011_09_26,2011_09_26_drive_0001_sync,82,E:\monodepth_project\data\kitti\2011_09_26\2011_09_26_drive_0001_sync\image_02\data\0000000082.png,E:\monodepth_project\data\kitti\2011_09_26\2011_09_26_drive_0001_sync\velodyne_points\data\0000000082.bin,True,True,375,1242,123152,test,E:\monodepth_project\data\kitti\depth_maps\2011_09_26_2011_09_26_drive_0001_sync_82.npy
2011_09_26,2011_09_26_drive_0001_sync,83,E:\monodepth_project\data\kitti\2011_09_26\2011_09_26_drive_0001_sync\image_02\data\0000000083.png,E:\monodepth_project\data\kitti\2011_09_26\2011_09_26_drive_0001_sync\velodyne_points\data\0000000083.bin,True,True,375,1242,123109,test,E:\monodepth_project\data\kitti\depth_maps\2011_09_26_2011_09_26_drive_0001_sync_83.npy
2011_09_26,2011_09_26_drive_0001_sync,84,E:\monodepth_project\data\kitti\2011_09_26\2011_09_26_drive_0001_sync\image_02\data\0000000084.png,E:\monodepth_project\data\kitti\2011_09_26\2011_09_26_drive_0001_sync\velodyne_points\data\0000000084.bin,True,True,375,1242,123053,test,E:\monodepth_project\data\kitti\depth_maps\2011_09_26_2011_09_26_drive_0001_sync_84.npy
2011_09_26,2011_09_26_drive_0001_sync,85,E:\monodepth_project\data\kitti\2011_09_26\2011_09_26_drive_0001_sync\image_02\data\0000000085.png,E:\monodepth_project\data\kitti\2011_09_26\2011_09_26_drive_0001_sync\velodyne_points\data\0000000085.bin,True,True,375,1242,123124,test,E:\monodepth_project\data\kitti\depth_maps\2011_09_26_2011_09_26_drive_0001_sync_85.npy
2011_09_26,2011_09_26_drive_0001_sync,86,E:\monodepth_project\data\kitti\2011_09_26\2011_09_26_drive_0001_sync\image_02\data\0000000086.png,E:\monodepth_project\data\kitti\2011_09_26\2011_09_26_drive_0001_sync\velodyne_points\data\0000000086.bin,True,True,375,1242,123033,test,E:\monodepth_project\data\kitti\depth_maps\2011_09_26_2011_09_26_drive_0001_sync_86.npy
2011_09_26,2011_09_26_drive_0001_sync,87,E:\monodepth_project\data\kitti\2011_09_26\2011_09_26_drive_0001_sync\image_02\data\0000000087.png,E:\monodepth_project\data\kitti\2011_09_26\2011_09_26_drive_0001_sync\velodyne_points\data\0000000087.bin,True,True,375,1242,122955,test,E:\monodepth_project\data\kitti\depth_maps\2011_09_26_2011_09_26_drive_0001_sync_87.npy
2011_09_26,2011_09_26_drive_0001_sync,88,E:\monodepth_project\data\kitti\2011_09_26\2011_09_26_drive_0001_sync\image_02\data\0000000088.png,E:\monodepth_project\data\kitti\2011_09_26\2011_09_26_drive_0001_sync\velodyne_points\data\0000000088.bin,True,True,375,1242,122978,test,E:\monodepth_project\data\kitti\depth_maps\2011_09_26_2011_09_26_drive_0001_sync_88.npy
2011_09_26,2011_09_26_drive_0001_sync,89,E:\monodepth_project\data\kitti\2011_09_26\2011_09_26_drive_0001_sync\image_02\data\0000000089.png,E:\monodepth_project\data\kitti\2011_09_26\2011_09_26_drive_0001_sync\velodyne_points\data\0000000089.bin,True,True,375,1242,122919,test,E:\monodepth_project\data\kitti\depth_maps\2011_09_26_2011_09_26_drive_0001_sync_89.npy
2011_09_26,2011_09_26_drive_0001_sync,90,E:\monodepth_project\data\kitti\2011_09_26\2011_09_26_drive_0001_sync\image_02\data\0000000090.png,E:\monodepth_project\data\kitti\2011_09_26\2011_09_26_drive_0001_sync\velodyne_points\data\0000000090.bin,True,True,375,1242,122987,test,E:\monodepth_project\data\kitti\depth_maps\2011_09_26_2011_09_26_drive_0001_sync_90.npy
2011_09_26,2011_09_26_drive_0001_sync,91,E:\monodepth_project\data\kitti\2011_09_26\2011_09_26_drive_0001_sync\image_02\data\0000000091.png,E:\monodepth_project\data\kitti\2011_09_26\2011_09_26_drive_0001_sync\velodyne_points\data\0000000091.bin,True,True,375,1242,123040,test,E:\monodepth_project\data\kitti\depth_maps\2011_09_26_2011_09_26_drive_0001_sync_91.npy
2011_09_26,2011_09_26_drive_0001_sync,92,E:\monodepth_project\data\kitti\2011_09_26\2011_09_26_drive_0001_sync\image_02\data\0000000092.png,E:\monodepth_project\data\kitti\2011_09_26\2011_09_26_drive_0001_sync\velodyne_points\data\0000000092.bin,True,True,375,1242,123020,test,E:\monodepth_project\data\kitti\depth_maps\2011_09_26_2011_09_26_drive_0001_sync_92.npy
2011_09_26,2011_09_26_drive_0001_sync,93,E:\monodepth_project\data\kitti\2011_09_26\2011_09_26_drive_0001_sync\image_02\data\0000000093.png,E:\monodepth_project\data\kitti\2011_09_26\2011_09_26_drive_0001_sync\velodyne_points\data\0000000093.bin,True,True,375,1242,123127,test,E:\monodepth_project\data\kitti\depth_maps\2011_09_26_2011_09_26_drive_0001_sync_93.npy
2011_09_26,2011_09_26_drive_0001_sync,94,E:\monodepth_project\data\kitti\2011_09_26\2011_09_26_drive_0001_sync\image_02\data\0000000094.png,E:\monodepth_project\data\kitti\2011_09_26\2011_09_26_drive_0001_sync\velodyne_points\data\0000000094.bin,True,True,375,1242,123140,test,E:\monodepth_project\data\kitti\depth_maps\2011_09_26_2011_09_26_drive_0001_sync_94.npy
2011_09_26,2011_09_26_drive_0001_sync,95,E:\monodepth_project\data\kitti\2011_09_26\2011_09_26_drive_0001_sync\image_02\data\0000000095.png,E:\monodepth_project\data\kitti\2011_09_26\2011_09_26_drive_0001_sync\velodyne_points\data\0000000095.bin,True,True,375,1242,123162,test,E:\monodepth_project\data\kitti\depth_maps\2011_09_26_2011_09_26_drive_0001_sync_95.npy
2011_09_26,2011_09_26_drive_0001_sync,96,E:\monodepth_project\data\kitti\2011_09_26\2011_09_26_drive_0001_sync\image_02\data\0000000096.png,E:\monodepth_project\data\kitti\2011_09_26\2011_09_26_drive_0001_sync\velodyne_points\data\0000000096.bin,True,True,375,1242,123253,test,E:\monodepth_project\data\kitti\depth_maps\2011_09_26_2011_09_26_drive_0001_sync_96.npy
2011_09_26,2011_09_26_drive_0001_sync,97,E:\monodepth_project\data\kitti\2011_09_26\2011_09_26_drive_0001_sync\image_02\data\0000000097.png,E:\monodepth_project\data\kitti\2011_09_26\2011_09_26_drive_0001_sync\velodyne_points\data\0000000097.bin,True,True,375,1242,123259,test,E:\monodepth_project\data\kitti\depth_maps\2011_09_26_2011_09_26_drive_0001_sync_97.npy
2011_09_26,2011_09_26_drive_0001_sync,98,E:\monodepth_project\data\kitti\2011_09_26\2011_09_26_drive_0001_sync\image_02\data\0000000098.png,E:\monodepth_project\data\kitti\2011_09_26\2011_09_26_drive_0001_sync\velodyne_points\data\0000000098.bin,True,True,375,1242,123174,test,E:\monodepth_project\data\kitti\depth_maps\2011_09_26_2011_09_26_drive_0001_sync_98.npy
2011_09_26,2011_09_26_drive_0001_sync,99,E:\monodepth_project\data\kitti\2011_09_26\2011_09_26_drive_0001_sync\image_02\data\0000000099.png,E:\monodepth_project\data\kitti\2011_09_26\2011_09_26_drive_0001_sync\velodyne_points\data\0000000099.bin,True,True,375,1242,123181,test,E:\monodepth_project\data\kitti\depth_maps\2011_09_26_2011_09_26_drive_0001_sync_99.npy
2011_09_26,2011_09_26_drive_0001_sync,100,E:\monodepth_project\data\kitti\2011_09_26\2011_09_26_drive_0001_sync\image_02\data\0000000100.png,E:\monodepth_project\data\kitti\2011_09_26\2011_09_26_drive_0001_sync\velodyne_points\data\0000000100.bin,True,True,375,1242,123118,test,E:\monodepth_project\data\kitti\depth_maps\2011_09_26_2011_09_26_drive_0001_sync_100.npy
2011_09_26,2011_09_26_drive_0001_sync,101,E:\monodepth_project\data\kitti\2011_09_26\2011_09_26_drive_0001_sync\image_02\data\0000000101.png,E:\monodepth_project\data\kitti\2011_09_26\2011_09_26_drive_0001_sync\velodyne_points\data\0000000101.bin,True,True,375,1242,123014,test,E:\monodepth_project\data\kitti\depth_maps\2011_09_26_2011_09_26_drive_0001_sync_101.npy
2011_09_26,2011_09_26_drive_0001_sync,102,E:\monodepth_project\data\kitti\2011_09_26\2011_09_26_drive_0001_sync\image_02\data\0000000102.png,E:\monodepth_project\data\kitti\2011_09_26\2011_09_26_drive_0001_sync\velodyne_points\data\0000000102.bin,True,True,375,1242,122964,test,E:\monodepth_project\data\kitti\depth_maps\2011_09_26_2011_09_26_drive_0001_sync_102.npy
2011_09_26,2011_09_26_drive_0001_sync,103,E:\monodepth_project\data\kitti\2011_09_26\2011_09_26_drive_0001_sync\image_02\data\0000000103.png,E:\monodepth_project\data\kitti\2011_09_26\2011_09_26_drive_0001_sync\velodyne_points\data\0000000103.bin,True,True,375,1242,122876,test,E:\monodepth_project\data\kitti\depth_maps\2011_09_26_2011_09_26_drive_0001_sync_103.npy
2011_09_26,2011_09_26_drive_0001_sync,104,E:\monodepth_project\data\kitti\2011_09_26\2011_09_26_drive_0001_sync\image_02\data\0000000104.png,E:\monodepth_project\data\kitti\2011_09_26\2011_09_26_drive_0001_sync\velodyne_points\data\0000000104.bin,True,True,375,1242,122718,test,E:\monodepth_project\data\kitti\depth_maps\2011_09_26_2011_09_26_drive_0001_sync_104.npy
2011_09_26,2011_09_26_drive_0001_sync,105,E:\monodepth_project\data\kitti\2011_09_26\2011_09_26_drive_0001_sync\image_02\data\0000000105.png,E:\monodepth_project\data\kitti\2011_09_26\2011_09_26_drive_0001_sync\velodyne_points\data\0000000105.bin,True,True,375,1242,122543,test,E:\monodepth_project\data\kitti\depth_maps\2011_09_26_2011_09_26_drive_0001_sync_105.npy
2011_09_26,2011_09_26_drive_0001_sync,106,E:\monodepth_project\data\kitti\2011_09_26\2011_09_26_drive_0001_sync\image_02\data\0000000106.png,E:\monodepth_project\data\kitti\2011_09_26\2011_09_26_drive_0001_sync\velodyne_points\data\0000000106.bin,True,True,375,1242,122669,test,E:\monodepth_project\data\kitti\depth_maps\2011_09_26_2011_09_26_drive_0001_sync_106.npy
2011_09_26,2011_09_26_drive_0002_sync,0,E:\monodepth_project\data\kitti\2011_09_26\2011_09_26_drive_0002_sync\image_02\data\0000000000.png,E:\monodepth_project\data\kitti\2011_09_26\2011_09_26_drive_0002_sync\velodyne_points\data\0000000000.bin,True,True,375,1242,121080,train,E:\monodepth_project\data\kitti\depth_maps\2011_09_26_2011_09_26_drive_0002_sync_0.npy
2011_09_26,2011_09_26_drive_0002_sync,1,E:\monodepth_project\data\kitti\2011_09_26\2011_09_26_drive_0002_sync\image_02\data\0000000001.png,E:\monodepth_project\data\kitti\2011_09_26\2011_09_26_drive_0002_sync\velodyne_points\data\0000000001.bin,True,True,375,1242,120862,train,E:\monodepth_project\data\kitti\depth_maps\2011_09_26_2011_09_26_drive_0002_sync_1.npy
2011_09_26,2011_09_26_drive_0002_sync,2,E:\monodepth_project\data\kitti\2011_09_26\2011_09_26_drive_0002_sync\image_02\data\0000000002.png,E:\monodepth_project\data\kitti\2011_09_26\2011_09_26_drive_0002_sync\velodyne_points\data\0000000002.bin,True,True,375,1242,120802,train,E:\monodepth_project\data\kitti\depth_maps\2011_09_26_2011_09_26_drive_0002_sync_2.npy
2011_09_26,2011_09_26_drive_0002_sync,3,E:\monodepth_project\data\kitti\2011_09_26\2011_09_26_drive_0002_sync\image_02\data\0000000003.png,E:\monodepth_project\data\kitti\2011_09_26\2011_09_26_drive_0002_sync\velodyne_points\data\0000000003.bin,True,True,375,1242,120603,train,E:\monodepth_project\data\kitti\depth_maps\2011_09_26_2011_09_26_drive_0002_sync_3.npy
2011_09_26,2011_09_26_drive_0002_sync,4,E:\monodepth_project\data\kitti\2011_09_26\2011_09_26_drive_0002_sync\image_02\data\0000000004.png,E:\monodepth_project\data\kitti\2011_09_26\2011_09_26_drive_0002_sync\velodyne_points\data\0000000004.bin,True,True,375,1242,120755,train,E:\monodepth_project\data\kitti\depth_maps\2011_09_26_2011_09_26_drive_0002_sync_4.npy
2011_09_26,2011_09_26_drive_0002_sync,5,E:\monodepth_project\data\kitti\2011_09_26\2011_09_26_drive_0002_sync\image_02\data\0000000005.png,E:\monodepth_project\data\kitti\2011_09_26\2011_09_26_drive_0002_sync\velodyne_points\data\0000000005.bin,True,True,375,1242,120853,train,E:\monodepth_project\data\kitti\depth_maps\2011_09_26_2011_09_26_drive_0002_sync_5.npy
2011_09_26,2011_09_26_drive_0002_sync,6,E:\monodepth_project\data\kitti\2011_09_26\2011_09_26_drive_0002_sync\image_02\data\0000000006.png,E:\monodepth_project\data\kitti\2011_09_26\2011_09_26_drive_0002_sync\velodyne_points\data\0000000006.bin,True,True,375,1242,120988,train,E:\monodepth_project\data\kitti\depth_maps\2011_09_26_2011_09_26_drive_0002_sync_6.npy
2011_09_26,2011_09_26_drive_0002_sync,7,E:\monodepth_project\data\kitti\2011_09_26\2011_09_26_drive_0002_sync\image_02\data\0000000007.png,E:\monodepth_project\data\kitti\2011_09_26\2011_09_26_drive_0002_sync\velodyne_points\data\0000000007.bin,True,True,375,1242,121116,train,E:\monodepth_project\data\kitti\depth_maps\2011_09_26_2011_09_26_drive_0002_sync_7.npy
2011_09_26,2011_09_26_drive_0002_sync,8,E:\monodepth_project\data\kitti\2011_09_26\2011_09_26_drive_0002_sync\image_02\data\0000000008.png,E:\monodepth_project\data\kitti\2011_09_26\2011_09_26_drive_0002_sync\velodyne_points\data\0000000008.bin,True,True,375,1242,121159,train,E:\monodepth_project\data\kitti\depth_maps\2011_09_26_2011_09_26_drive_0002_sync_8.npy
2011_09_26,2011_09_26_drive_0002_sync,9,E:\monodepth_project\data\kitti\2011_09_26\2011_09_26_drive_0002_sync\image_02\data\0000000009.png,E:\monodepth_project\data\kitti\2011_09_26\2011_09_26_drive_0002_sync\velodyne_points\data\0000000009.bin,True,True,375,1242,121250,train,E:\monodepth_project\data\kitti\depth_maps\2011_09_26_2011_09_26_drive_0002_sync_9.npy
2011_09_26,2011_09_26_drive_0002_sync,10,E:\monodepth_project\data\kitti\2011_09_26\2011_09_26_drive_0002_sync\image_02\data\0000000010.png,E:\monodepth_project\data\kitti\2011_09_26\2011_09_26_drive_0002_sync\velodyne_points\data\0000000010.bin,True,True,375,1242,121233,train,E:\monodepth_project\data\kitti\depth_maps\2011_09_26_2011_09_26_drive_0002_sync_10.npy
2011_09_26,2011_09_26_drive_0002_sync,11,E:\monodepth_project\data\kitti\2011_09_26\2011_09_26_drive_0002_sync\image_02\data\0000000011.png,E:\monodepth_project\data\kitti\2011_09_26\2011_09_26_drive_0002_sync\velodyne_points\data\0000000011.bin,True,True,375,1242,121245,train,E:\monodepth_project\data\kitti\depth_maps\2011_09_26_2011_09_26_drive_0002_sync_11.npy
2011_09_26,2011_09_26_drive_0002_sync,12,E:\monodepth_project\data\kitti\2011_09_26\2011_09_26_drive_0002_sync\image_02\data\0000000012.png,E:\monodepth_project\data\kitti\2011_09_26\2011_09_26_drive_0002_sync\velodyne_points\data\0000000012.bin,True,True,375,1242,121121,train,E:\monodepth_project\data\kitti\depth_maps\2011_09_26_2011_09_26_drive_0002_sync_12.npy
2011_09_26,2011_09_26_drive_0002_sync,13,E:\monodepth_project\data\kitti\2011_09_26\2011_09_26_drive_0002_sync\image_02\data\0000000013.png,E:\monodepth_project\data\kitti\2011_09_26\2011_09_26_drive_0002_sync\velodyne_points\data\0000000013.bin,True,True,375,1242,121008,train,E:\monodepth_project\data\kitti\depth_maps\2011_09_26_2011_09_26_drive_0002_sync_13.npy
2011_09_26,2011_09_26_drive_0002_sync,14,E:\monodepth_project\data\kitti\2011_09_26\2011_09_26_drive_0002_sync\image_02\data\0000000014.png,E:\monodepth_project\data\kitti\2011_09_26\2011_09_26_drive_0002_sync\velodyne_points\data\0000000014.bin,True,True,375,1242,121141,train,E:\monodepth_project\data\kitti\depth_maps\2011_09_26_2011_09_26_drive_0002_sync_14.npy
2011_09_26,2011_09_26_drive_0002_sync,15,E:\monodepth_project\data\kitti\2011_09_26\2011_09_26_drive_0002_sync\image_02\data\0000000015.png,E:\monodepth_project\data\kitti\2011_09_26\2011_09_26_drive_0002_sync\velodyne_points\data\0000000015.bin,True,True,375,1242,120746,train,E:\monodepth_project\data\kitti\depth_maps\2011_09_26_2011_09_26_drive_0002_sync_15.npy
2011_09_26,2011_09_26_drive_0002_sync,16,E:\monodepth_project\data\kitti\2011_09_26\2011_09_26_drive_0002_sync\image_02\data\0000000016.png,E:\monodepth_project\data\kitti\2011_09_26\2011_09_26_drive_0002_sync\velodyne_points\data\0000000016.bin,True,True,375,1242,120610,train,E:\monodepth_project\data\kitti\depth_maps\2011_09_26_2011_09_26_drive_0002_sync_16.npy
2011_09_26,2011_09_26_drive_0002_sync,17,E:\monodepth_project\data\kitti\2011_09_26\2011_09_26_drive_0002_sync\image_02\data\0000000017.png,E:\monodepth_project\data\kitti\2011_09_26\2011_09_26_drive_0002_sync\velodyne_points\data\0000000017.bin,True,True,375,1242,121119,train,E:\monodepth_project\data\kitti\depth_maps\2011_09_26_2011_09_26_drive_0002_sync_17.npy
2011_09_26,2011_09_26_drive_0002_sync,18,E:\monodepth_project\data\kitti\2011_09_26\2011_09_26_drive_0002_sync\image_02\data\0000000018.png,E:\monodepth_project\data\kitti\2011_09_26\2011_09_26_drive_0002_sync\velodyne_points\data\0000000018.bin,True,True,375,1242,120980,train,E:\monodepth_project\data\kitti\depth_maps\2011_09_26_2011_09_26_drive_0002_sync_18.npy
2011_09_26,2011_09_26_drive_0002_sync,19,E:\monodepth_project\data\kitti\2011_09_26\2011_09_26_drive_0002_sync\image_02\data\0000000019.png,E:\monodepth_project\data\kitti\2011_09_26\2011_09_26_drive_0002_sync\velodyne_points\data\0000000019.bin,True,True,375,1242,121082,train,E:\monodepth_project\data\kitti\depth_maps\2011_09_26_2011_09_26_drive_0002_sync_19.npy
2011_09_26,2011_09_26_drive_0002_sync,20,E:\monodepth_project\data\kitti\2011_09_26\2011_09_26_drive_0002_sync\image_02\data\0000000020.png,E:\monodepth_project\data\kitti\2011_09_26\2011_09_26_drive_0002_sync\velodyne_points\data\0000000020.bin,True,True,375,1242,121167,train,E:\monodepth_project\data\kitti\depth_maps\2011_09_26_2011_09_26_drive_0002_sync_20.npy
2011_09_26,2011_09_26_drive_0002_sync,21,E:\monodepth_project\data\kitti\2011_09_26\2011_09_26_drive_0002_sync\image_02\data\0000000021.png,E:\monodepth_project\data\kitti\2011_09_26\2011_09_26_drive_0002_sync\velodyne_points\data\0000000021.bin,True,True,375,1242,121177,train,E:\monodepth_project\data\kitti\depth_maps\2011_09_26_2011_09_26_drive_0002_sync_21.npy
2011_09_26,2011_09_26_drive_0002_sync,22,E:\monodepth_project\data\kitti\2011_09_26\2011_09_26_drive_0002_sync\image_02\data\0000000022.png,E:\monodepth_project\data\kitti\2011_09_26\2011_09_26_drive_0002_sync\velodyne_points\data\0000000022.bin,True,True,375,1242,121238,train,E:\monodepth_project\data\kitti\depth_maps\2011_09_26_2011_09_26_drive_0002_sync_22.npy
2011_09_26,2011_09_26_drive_0002_sync,23,E:\monodepth_project\data\kitti\2011_09_26\2011_09_26_drive_0002_sync\image_02\data\0000000023.png,E:\monodepth_project\data\kitti\2011_09_26\2011_09_26_drive_0002_sync\velodyne_points\data\0000000023.bin,True,True,375,1242,121272,train,E:\monodepth_project\data\kitti\depth_maps\2011_09_26_2011_09_26_drive_0002_sync_23.npy
2011_09_26,2011_09_26_drive_0002_sync,24,E:\monodepth_project\data\kitti\2011_09_26\2011_09_26_drive_0002_sync\image_02\data\0000000024.png,E:\monodepth_project\data\kitti\2011_09_26\2011_09_26_drive_0002_sync\velodyne_points\data\0000000024.bin,True,True,375,1242,121328,train,E:\monodepth_project\data\kitti\depth_maps\2011_09_26_2011_09_26_drive_0002_sync_24.npy
2011_09_26,2011_09_26_drive_0002_sync,25,E:\monodepth_project\data\kitti\2011_09_26\2011_09_26_drive_0002_sync\image_02\data\0000000025.png,E:\monodepth_project\data\kitti\2011_09_26\2011_09_26_drive_0002_sync\velodyne_points\data\0000000025.bin,True,True,375,1242,121424,train,E:\monodepth_project\data\kitti\depth_maps\2011_09_26_2011_09_26_drive_0002_sync_25.npy
2011_09_26,2011_09_26_drive_0002_sync,26,E:\monodepth_project\data\kitti\2011_09_26\2011_09_26_drive_0002_sync\image_02\data\0000000026.png,E:\monodepth_project\data\kitti\2011_09_26\2011_09_26_drive_0002_sync\velodyne_points\data\0000000026.bin,True,True,375,1242,121675,train,E:\monodepth_project\data\kitti\depth_maps\2011_09_26_2011_09_26_drive_0002_sync_26.npy
2011_09_26,2011_09_26_drive_0002_sync,27,E:\monodepth_project\data\kitti\2011_09_26\2011_09_26_drive_0002_sync\image_02\data\0000000027.png,E:\monodepth_project\data\kitti\2011_09_26\2011_09_26_drive_0002_sync\velodyne_points\data\0000000027.bin,True,True,375,1242,121758,train,E:\monodepth_project\data\kitti\depth_maps\2011_09_26_2011_09_26_drive_0002_sync_27.npy
2011_09_26,2011_09_26_drive_0002_sync,28,E:\monodepth_project\data\kitti\2011_09_26\2011_09_26_drive_0002_sync\image_02\data\0000000028.png,E:\monodepth_project\data\kitti\2011_09_26\2011_09_26_drive_0002_sync\velodyne_points\data\0000000028.bin,True,True,375,1242,121916,train,E:\monodepth_project\data\kitti\depth_maps\2011_09_26_2011_09_26_drive_0002_sync_28.npy
2011_09_26,2011_09_26_drive_0002_sync,29,E:\monodepth_project\data\kitti\2011_09_26\2011_09_26_drive_0002_sync\image_02\data\0000000029.png,E:\monodepth_project\data\kitti\2011_09_26\2011_09_26_drive_0002_sync\velodyne_points\data\0000000029.bin,True,True,375,1242,121976,train,E:\monodepth_project\data\kitti\depth_maps\2011_09_26_2011_09_26_drive_0002_sync_29.npy
2011_09_26,2011_09_26_drive_0002_sync,30,E:\monodepth_project\data\kitti\2011_09_26\2011_09_26_drive_0002_sync\image_02\data\0000000030.png,E:\monodepth_project\data\kitti\2011_09_26\2011_09_26_drive_0002_sync\velodyne_points\data\0000000030.bin,True,True,375,1242,122172,train,E:\monodepth_project\data\kitti\depth_maps\2011_09_26_2011_09_26_drive_0002_sync_30.npy
2011_09_26,2011_09_26_drive_0002_sync,31,E:\monodepth_project\data\kitti\2011_09_26\2011_09_26_drive_0002_sync\image_02\data\0000000031.png,E:\monodepth_project\data\kitti\2011_09_26\2011_09_26_drive_0002_sync\velodyne_points\data\0000000031.bin,True,True,375,1242,122149,train,E:\monodepth_project\data\kitti\depth_maps\2011_09_26_2011_09_26_drive_0002_sync_31.npy
2011_09_26,2011_09_26_drive_0002_sync,32,E:\monodepth_project\data\kitti\2011_09_26\2011_09_26_drive_0002_sync\image_02\data\0000000032.png,E:\monodepth_project\data\kitti\2011_09_26\2011_09_26_drive_0002_sync\velodyne_points\data\0000000032.bin,True,True,375,1242,122310,train,E:\monodepth_project\data\kitti\depth_maps\2011_09_26_2011_09_26_drive_0002_sync_32.npy
2011_09_26,2011_09_26_drive_0002_sync,33,E:\monodepth_project\data\kitti\2011_09_26\2011_09_26_drive_0002_sync\image_02\data\0000000033.png,E:\monodepth_project\data\kitti\2011_09_26\2011_09_26_drive_0002_sync\velodyne_points\data\0000000033.bin,True,True,375,1242,122046,train,E:\monodepth_project\data\kitti\depth_maps\2011_09_26_2011_09_26_drive_0002_sync_33.npy
2011_09_26,2011_09_26_drive_0002_sync,34,E:\monodepth_project\data\kitti\2011_09_26\2011_09_26_drive_0002_sync\image_02\data\0000000034.png,E:\monodepth_project\data\kitti\2011_09_26\2011_09_26_drive_0002_sync\velodyne_points\data\0000000034.bin,True,True,375,1242,122147,train,E:\monodepth_project\data\kitti\depth_maps\2011_09_26_2011_09_26_drive_0002_sync_34.npy
2011_09_26,2011_09_26_drive_0002_sync,35,E:\monodepth_project\data\kitti\2011_09_26\2011_09_26_drive_0002_sync\image_02\data\0000000035.png,E:\monodepth_project\data\kitti\2011_09_26\2011_09_26_drive_0002_sync\velodyne_points\data\0000000035.bin,True,True,375,1242,122268,train,E:\monodepth_project\data\kitti\depth_maps\2011_09_26_2011_09_26_drive_0002_sync_35.npy
2011_09_26,2011_09_26_drive_0002_sync,36,E:\monodepth_project\data\kitti\2011_09_26\2011_09_26_drive_0002_sync\image_02\data\0000000036.png,E:\monodepth_project\data\kitti\2011_09_26\2011_09_26_drive_0002_sync\velodyne_points\data\0000000036.bin,True,True,375,1242,122270,train,E:\monodepth_project\data\kitti\depth_maps\2011_09_26_2011_09_26_drive_0002_sync_36.npy
2011_09_26,2011_09_26_drive_0002_sync,37,E:\monodepth_project\data\kitti\2011_09_26\2011_09_26_drive_0002_sync\image_02\data\0000000037.png,E:\monodepth_project\data\kitti\2011_09_26\2011_09_26_drive_0002_sync\velodyne_points\data\0000000037.bin,True,True,375,1242,122318,train,E:\monodepth_project\data\kitti\depth_maps\2011_09_26_2011_09_26_drive_0002_sync_37.npy
2011_09_26,2011_09_26_drive_0002_sync,38,E:\monodepth_project\data\kitti\2011_09_26\2011_09_26_drive_0002_sync\image_02\data\0000000038.png,E:\monodepth_project\data\kitti\2011_09_26\2011_09_26_drive_0002_sync\velodyne_points\data\0000000038.bin,True,True,375,1242,122307,train,E:\monodepth_project\data\kitti\depth_maps\2011_09_26_2011_09_26_drive_0002_sync_38.npy
2011_09_26,2011_09_26_drive_0002_sync,39,E:\monodepth_project\data\kitti\2011_09_26\2011_09_26_drive_0002_sync\image_02\data\0000000039.png,E:\monodepth_project\data\kitti\2011_09_26\2011_09_26_drive_0002_sync\velodyne_points\data\0000000039.bin,True,True,375,1242,122339,train,E:\monodepth_project\data\kitti\depth_maps\2011_09_26_2011_09_26_drive_0002_sync_39.npy
2011_09_26,2011_09_26_drive_0002_sync,40,E:\monodepth_project\data\kitti\2011_09_26\2011_09_26_drive_0002_sync\image_02\data\0000000040.png,E:\monodepth_project\data\kitti\2011_09_26\2011_09_26_drive_0002_sync\velodyne_points\data\0000000040.bin,True,True,375,1242,122474,train,E:\monodepth_project\data\kitti\depth_maps\2011_09_26_2011_09_26_drive_0002_sync_40.npy
2011_09_26,2011_09_26_drive_0002_sync,41,E:\monodepth_project\data\kitti\2011_09_26\2011_09_26_drive_0002_sync\image_02\data\0000000041.png,E:\monodepth_project\data\kitti\2011_09_26\2011_09_26_drive_0002_sync\velodyne_points\data\0000000041.bin,True,True,375,1242,122550,train,E:\monodepth_project\data\kitti\depth_maps\2011_09_26_2011_09_26_drive_0002_sync_41.npy
2011_09_26,2011_09_26_drive_0002_sync,42,E:\monodepth_project\data\kitti\2011_09_26\2011_09_26_drive_0002_sync\image_02\data\0000000042.png,E:\monodepth_project\data\kitti\2011_09_26\2011_09_26_drive_0002_sync\velodyne_points\data\0000000042.bin,True,True,375,1242,122639,train,E:\monodepth_project\data\kitti\depth_maps\2011_09_26_2011_09_26_drive_0002_sync_42.npy
2011_09_26,2011_09_26_drive_0002_sync,43,E:\monodepth_project\data\kitti\2011_09_26\2011_09_26_drive_0002_sync\image_02\data\0000000043.png,E:\monodepth_project\data\kitti\2011_09_26\2011_09_26_drive_0002_sync\velodyne_points\data\0000000043.bin,True,True,375,1242,122596,train,E:\monodepth_project\data\kitti\depth_maps\2011_09_26_2011_09_26_drive_0002_sync_43.npy
2011_09_26,2011_09_26_drive_0002_sync,44,E:\monodepth_project\data\kitti\2011_09_26\2011_09_26_drive_0002_sync\image_02\data\0000000044.png,E:\monodepth_project\data\kitti\2011_09_26\2011_09_26_drive_0002_sync\velodyne_points\data\0000000044.bin,True,True,375,1242,122501,train,E:\monodepth_project\data\kitti\depth_maps\2011_09_26_2011_09_26_drive_0002_sync_44.npy
2011_09_26,2011_09_26_drive_0002_sync,45,E:\monodepth_project\data\kitti\2011_09_26\2011_09_26_drive_0002_sync\image_02\data\0000000045.png,E:\monodepth_project\data\kitti\2011_09_26\2011_09_26_drive_0002_sync\velodyne_points\data\0000000045.bin,True,True,375,1242,122529,train,E:\monodepth_project\data\kitti\depth_maps\2011_09_26_2011_09_26_drive_0002_sync_45.npy
2011_09_26,2011_09_26_drive_0002_sync,46,E:\monodepth_project\data\kitti\2011_09_26\2011_09_26_drive_0002_sync\image_02\data\0000000046.png,E:\monodepth_project\data\kitti\2011_09_26\2011_09_26_drive_0002_sync\velodyne_points\data\0000000046.bin,True,True,375,1242,122493,train,E:\monodepth_project\data\kitti\depth_maps\2011_09_26_2011_09_26_drive_0002_sync_46.npy
2011_09_26,2011_09_26_drive_0002_sync,47,E:\monodepth_project\data\kitti\2011_09_26\2011_09_26_drive_0002_sync\image_02\data\0000000047.png,E:\monodepth_project\data\kitti\2011_09_26\2011_09_26_drive_0002_sync\velodyne_points\data\0000000047.bin,True,True,375,1242,122607,train,E:\monodepth_project\data\kitti\depth_maps\2011_09_26_2011_09_26_drive_0002_sync_47.npy
2011_09_26,2011_09_26_drive_0002_sync,48,E:\monodepth_project\data\kitti\2011_09_26\2011_09_26_drive_0002_sync\image_02\data\0000000048.png,E:\monodepth_project\data\kitti\2011_09_26\2011_09_26_drive_0002_sync\velodyne_points\data\0000000048.bin,True,True,375,1242,122586,train,E:\monodepth_project\data\kitti\depth_maps\2011_09_26_2011_09_26_drive_0002_sync_48.npy
2011_09_26,2011_09_26_drive_0002_sync,49,E:\monodepth_project\data\kitti\2011_09_26\2011_09_26_drive_0002_sync\image_02\data\0000000049.png,E:\monodepth_project\data\kitti\2011_09_26\2011_09_26_drive_0002_sync\velodyne_points\data\0000000049.bin,True,True,375,1242,122490,train,E:\monodepth_project\data\kitti\depth_maps\2011_09_26_2011_09_26_drive_0002_sync_49.npy
2011_09_26,2011_09_26_drive_0002_sync,50,E:\monodepth_project\data\kitti\2011_09_26\2011_09_26_drive_0002_sync\image_02\data\0000000050.png,E:\monodepth_project\data\kitti\2011_09_26\2011_09_26_drive_0002_sync\velodyne_points\data\0000000050.bin,True,True,375,1242,122540,train,E:\monodepth_project\data\kitti\depth_maps\2011_09_26_2011_09_26_drive_0002_sync_50.npy
2011_09_26,2011_09_26_drive_0002_sync,51,E:\monodepth_project\data\kitti\2011_09_26\2011_09_26_drive_0002_sync\image_02\data\0000000051.png,E:\monodepth_project\data\kitti\2011_09_26\2011_09_26_drive_0002_sync\velodyne_points\data\0000000051.bin,True,True,375,1242,122484,train,E:\monodepth_project\data\kitti\depth_maps\2011_09_26_2011_09_26_drive_0002_sync_51.npy
2011_09_26,2011_09_26_drive_0002_sync,52,E:\monodepth_project\data\kitti\2011_09_26\2011_09_26_drive_0002_sync\image_02\data\0000000052.png,E:\monodepth_project\data\kitti\2011_09_26\2011_09_26_drive_0002_sync\velodyne_points\data\0000000052.bin,True,True,375,1242,122407,train,E:\monodepth_project\data\kitti\depth_maps\2011_09_26_2011_09_26_drive_0002_sync_52.npy
2011_09_26,2011_09_26_drive_0002_sync,53,E:\monodepth_project\data\kitti\2011_09_26\2011_09_26_drive_0002_sync\image_02\data\0000000053.png,E:\monodepth_project\data\kitti\2011_09_26\2011_09_26_drive_0002_sync\velodyne_points\data\0000000053.bin,True,True,375,1242,122381,train,E:\monodepth_project\data\kitti\depth_maps\2011_09_26_2011_09_26_drive_0002_sync_53.npy
2011_09_26,2011_09_26_drive_0002_sync,54,E:\monodepth_project\data\kitti\2011_09_26\2011_09_26_drive_0002_sync\image_02\data\0000000054.png,E:\monodepth_project\data\kitti\2011_09_26\2011_09_26_drive_0002_sync\velodyne_points\data\0000000054.bin,True,True,375,1242,122172,train,E:\monodepth_project\data\kitti\depth_maps\2011_09_26_2011_09_26_drive_0002_sync_54.npy
2011_09_26,2011_09_26_drive_0002_sync,55,E:\monodepth_project\data\kitti\2011_09_26\2011_09_26_drive_0002_sync\image_02\data\0000000055.png,E:\monodepth_project\data\kitti\2011_09_26\2011_09_26_drive_0002_sync\velodyne_points\data\0000000055.bin,True,True,375,1242,121976,train,E:\monodepth_project\data\kitti\depth_maps\2011_09_26_2011_09_26_drive_0002_sync_55.npy
2011_09_26,2011_09_26_drive_0002_sync,56,E:\monodepth_project\data\kitti\2011_09_26\2011_09_26_drive_0002_sync\image_02\data\0000000056.png,E:\monodepth_project\data\kitti\2011_09_26\2011_09_26_drive_0002_sync\velodyne_points\data\0000000056.bin,True,True,375,1242,121969,train,E:\monodepth_project\data\kitti\depth_maps\2011_09_26_2011_09_26_drive_0002_sync_56.npy
2011_09_26,2011_09_26_drive_0002_sync,57,E:\monodepth_project\data\kitti\2011_09_26\2011_09_26_drive_0002_sync\image_02\data\0000000057.png,E:\monodepth_project\data\kitti\2011_09_26\2011_09_26_drive_0002_sync\velodyne_points\data\0000000057.bin,True,True,375,1242,121870,train,E:\monodepth_project\data\kitti\depth_maps\2011_09_26_2011_09_26_drive_0002_sync_57.npy
2011_09_26,2011_09_26_drive_0002_sync,58,E:\monodepth_project\data\kitti\2011_09_26\2011_09_26_drive_0002_sync\image_02\data\0000000058.png,E:\monodepth_project\data\kitti\2011_09_26\2011_09_26_drive_0002_sync\velodyne_points\data\0000000058.bin,True,True,375,1242,121809,train,E:\monodepth_project\data\kitti\depth_maps\2011_09_26_2011_09_26_drive_0002_sync_58.npy
2011_09_26,2011_09_26_drive_0002_sync,59,E:\monodepth_project\data\kitti\2011_09_26\2011_09_26_drive_0002_sync\image_02\data\0000000059.png,E:\monodepth_project\data\kitti\2011_09_26\2011_09_26_drive_0002_sync\velodyne_points\data\0000000059.bin,True,True,375,1242,121906,train,E:\monodepth_project\data\kitti\depth_maps\2011_09_26_2011_09_26_drive_0002_sync_59.npy
2011_09_26,2011_09_26_drive_0002_sync,60,E:\monodepth_project\data\kitti\2011_09_26\2011_09_26_drive_0002_sync\image_02\data\0000000060.png,E:\monodepth_project\data\kitti\2011_09_26\2011_09_26_drive_0002_sync\velodyne_points\data\0000000060.bin,True,True,375,1242,121973,train,E:\monodepth_project\data\kitti\depth_maps\2011_09_26_2011_09_26_drive_0002_sync_60.npy
2011_09_26,2011_09_26_drive_0002_sync,61,E:\monodepth_project\data\kitti\2011_09_26\2011_09_26_drive_0002_sync\image_02\data\0000000061.png,E:\monodepth_project\data\kitti\2011_09_26\2011_09_26_drive_0002_sync\velodyne_points\data\0000000061.bin,True,True,375,1242,122250,train,E:\monodepth_project\data\kitti\depth_maps\2011_09_26_2011_09_26_drive_0002_sync_61.npy
2011_09_26,2011_09_26_drive_0002_sync,62,E:\monodepth_project\data\kitti\2011_09_26\2011_09_26_drive_0002_sync\image_02\data\0000000062.png,E:\monodepth_project\data\kitti\2011_09_26\2011_09_26_drive_0002_sync\velodyne_points\data\0000000062.bin,True,True,375,1242,122375,train,E:\monodepth_project\data\kitti\depth_maps\2011_09_26_2011_09_26_drive_0002_sync_62.npy
2011_09_26,2011_09_26_drive_0002_sync,63,E:\monodepth_project\data\kitti\2011_09_26\2011_09_26_drive_0002_sync\image_02\data\0000000063.png,E:\monodepth_project\data\kitti\2011_09_26\2011_09_26_drive_0002_sync\velodyne_points\data\0000000063.bin,True,True,375,1242,122490,train,E:\monodepth_project\data\kitti\depth_maps\2011_09_26_2011_09_26_drive_0002_sync_63.npy
2011_09_26,2011_09_26_drive_0002_sync,64,E:\monodepth_project\data\kitti\2011_09_26\2011_09_26_drive_0002_sync\image_02\data\0000000064.png,E:\monodepth_project\data\kitti\2011_09_26\2011_09_26_drive_0002_sync\velodyne_points\data\0000000064.bin,True,True,375,1242,122483,train,E:\monodepth_project\data\kitti\depth_maps\2011_09_26_2011_09_26_drive_0002_sync_64.npy
2011_09_26,2011_09_26_drive_0002_sync,65,E:\monodepth_project\data\kitti\2011_09_26\2011_09_26_drive_0002_sync\image_02\data\0000000065.png,E:\monodepth_project\data\kitti\2011_09_26\2011_09_26_drive_0002_sync\velodyne_points\data\0000000065.bin,True,True,375,1242,122498,train,E:\monodepth_project\data\kitti\depth_maps\2011_09_26_2011_09_26_drive_0002_sync_65.npy
2011_09_26,2011_09_26_drive_0002_sync,66,E:\monodepth_project\data\kitti\2011_09_26\2011_09_26_drive_0002_sync\image_02\data\0000000066.png,E:\monodepth_project\data\kitti\2011_09_26\2011_09_26_drive_0002_sync\velodyne_points\data\0000000066.bin,True,True,375,1242,122618,train,E:\monodepth_project\data\kitti\depth_maps\2011_09_26_2011_09_26_drive_0002_sync_66.npy
2011_09_26,2011_09_26_drive_0002_sync,67,E:\monodepth_project\data\kitti\2011_09_26\2011_09_26_drive_0002_sync\image_02\data\0000000067.png,E:\monodepth_project\data\kitti\2011_09_26\2011_09_26_drive_0002_sync\velodyne_points\data\0000000067.bin,True,True,375,1242,122417,train,E:\monodepth_project\data\kitti\depth_maps\2011_09_26_2011_09_26_drive_0002_sync_67.npy
2011_09_26,2011_09_26_drive_0002_sync,68,E:\monodepth_project\data\kitti\2011_09_26\2011_09_26_drive_0002_sync\image_02\data\0000000068.png,E:\monodepth_project\data\kitti\2011_09_26\2011_09_26_drive_0002_sync\velodyne_points\data\0000000068.bin,True,True,375,1242,122600,train,E:\monodepth_project\data\kitti\depth_maps\2011_09_26_2011_09_26_drive_0002_sync_68.npy
2011_09_26,2011_09_26_drive_0002_sync,69,E:\monodepth_project\data\kitti\2011_09_26\2011_09_26_drive_0002_sync\image_02\data\0000000069.png,E:\monodepth_project\data\kitti\2011_09_26\2011_09_26_drive_0002_sync\velodyne_points\data\0000000069.bin,True,True,375,1242,122702,train,E:\monodepth_project\data\kitti\depth_maps\2011_09_26_2011_09_26_drive_0002_sync_69.npy
2011_09_26,2011_09_26_drive_0002_sync,70,E:\monodepth_project\data\kitti\2011_09_26\2011_09_26_drive_0002_sync\image_02\data\0000000070.png,E:\monodepth_project\data\kitti\2011_09_26\2011_09_26_drive_0002_sync\velodyne_points\data\0000000070.bin,True,True,375,1242,122863,train,E:\monodepth_project\data\kitti\depth_maps\2011_09_26_2011_09_26_drive_0002_sync_70.npy
2011_09_26,2011_09_26_drive_0002_sync,71,E:\monodepth_project\data\kitti\2011_09_26\2011_09_26_drive_0002_sync\image_02\data\0000000071.png,E:\monodepth_project\data\kitti\2011_09_26\2011_09_26_drive_0002_sync\velodyne_points\data\0000000071.bin,True,True,375,1242,122874,train,E:\monodepth_project\data\kitti\depth_maps\2011_09_26_2011_09_26_drive_0002_sync_71.npy
2011_09_26,2011_09_26_drive_0002_sync,72,E:\monodepth_project\data\kitti\2011_09_26\2011_09_26_drive_0002_sync\image_02\data\0000000072.png,E:\monodepth_project\data\kitti\2011_09_26\2011_09_26_drive_0002_sync\velodyne_points\data\0000000072.bin,True,True,375,1242,122641,train,E:\monodepth_project\data\kitti\depth_maps\2011_09_26_2011_09_26_drive_0002_sync_72.npy
2011_09_26,2011_09_26_drive_0002_sync,73,E:\monodepth_project\data\kitti\2011_09_26\2011_09_26_drive_0002_sync\image_02\data\0000000073.png,E:\monodepth_project\data\kitti\2011_09_26\2011_09_26_drive_0002_sync\velodyne_points\data\0000000073.bin,True,True,375,1242,122355,train,E:\monodepth_project\data\kitti\depth_maps\2011_09_26_2011_09_26_drive_0002_sync_73.npy
2011_09_26,2011_09_26_drive_0002_sync,74,E:\monodepth_project\data\kitti\2011_09_26\2011_09_26_drive_0002_sync\image_02\data\0000000074.png,E:\monodepth_project\data\kitti\2011_09_26\2011_09_26_drive_0002_sync\velodyne_points\data\0000000074.bin,True,True,375,1242,122146,train,E:\monodepth_project\data\kitti\depth_maps\2011_09_26_2011_09_26_drive_0002_sync_74.npy
2011_09_26,2011_09_26_drive_0002_sync,75,E:\monodepth_project\data\kitti\2011_09_26\2011_09_26_drive_0002_sync\image_02\data\0000000075.png,E:\monodepth_project\data\kitti\2011_09_26\2011_09_26_drive_0002_sync\velodyne_points\data\0000000075.bin,True,True,375,1242,122041,train,E:\monodepth_project\data\kitti\depth_maps\2011_09_26_2011_09_26_drive_0002_sync_75.npy
2011_09_26,2011_09_26_drive_0002_sync,76,E:\monodepth_project\data\kitti\2011_09_26\2011_09_26_drive_0002_sync\image_02\data\0000000076.png,E:\monodepth_project\data\kitti\2011_09_26\2011_09_26_drive_0002_sync\velodyne_points\data\0000000076.bin,True,True,375,1242,122209,train,E:\monodepth_project\data\kitti\depth_maps\2011_09_26_2011_09_26_drive_0002_sync_76.npy
2011_09_26,2011_09_26_drive_0005_sync,0,E:\monodepth_project\data\kitti\2011_09_26\2011_09_26_drive_0005_sync\image_02\data\0000000000.png,E:\monodepth_project\data\kitti\2011_09_26\2011_09_26_drive_0005_sync\velodyne_points\data\0000000000.bin,True,True,375,1242,123397,train,E:\monodepth_project\data\kitti\depth_maps\2011_09_26_2011_09_26_drive_0005_sync_0.npy
2011_09_26,2011_09_26_drive_0005_sync,1,E:\monodepth_project\data\kitti\2011_09_26\2011_09_26_drive_0005_sync\image_02\data\0000000001.png,E:\monodepth_project\data\kitti\2011_09_26\2011_09_26_drive_0005_sync\velodyne_points\data\0000000001.bin,True,True,375,1242,123683,train,E:\monodepth_project\data\kitti\depth_maps\2011_09_26_2011_09_26_drive_0005_sync_1.npy
2011_09_26,2011_09_26_drive_0005_sync,2,E:\monodepth_project\data\kitti\2011_09_26\2011_09_26_drive_0005_sync\image_02\data\0000000002.png,E:\monodepth_project\data\kitti\2011_09_26\2011_09_26_drive_0005_sync\velodyne_points\data\0000000002.bin,True,True,375,1242,123783,train,E:\monodepth_project\data\kitti\depth_maps\2011_09_26_2011_09_26_drive_0005_sync_2.npy
2011_09_26,2011_09_26_drive_0005_sync,3,E:\monodepth_project\data\kitti\2011_09_26\2011_09_26_drive_0005_sync\image_02\data\0000000003.png,E:\monodepth_project\data\kitti\2011_09_26\2011_09_26_drive_0005_sync\velodyne_points\data\0000000003.bin,True,True,375,1242,123699,train,E:\monodepth_project\data\kitti\depth_maps\2011_09_26_2011_09_26_drive_0005_sync_3.npy
2011_09_26,2011_09_26_drive_0005_sync,4,E:\monodepth_project\data\kitti\2011_09_26\2011_09_26_drive_0005_sync\image_02\data\0000000004.png,E:\monodepth_project\data\kitti\2011_09_26\2011_09_26_drive_0005_sync\velodyne_points\data\0000000004.bin,True,True,375,1242,123586,train,E:\monodepth_project\data\kitti\depth_maps\2011_09_26_2011_09_26_drive_0005_sync_4.npy
2011_09_26,2011_09_26_drive_0005_sync,5,E:\monodepth_project\data\kitti\2011_09_26\2011_09_26_drive_0005_sync\image_02\data\0000000005.png,E:\monodepth_project\data\kitti\2011_09_26\2011_09_26_drive_0005_sync\velodyne_points\data\0000000005.bin,True,True,375,1242,123388,train,E:\monodepth_project\data\kitti\depth_maps\2011_09_26_2011_09_26_drive_0005_sync_5.npy
2011_09_26,2011_09_26_drive_0005_sync,6,E:\monodepth_project\data\kitti\2011_09_26\2011_09_26_drive_0005_sync\image_02\data\0000000006.png,E:\monodepth_project\data\kitti\2011_09_26\2011_09_26_drive_0005_sync\velodyne_points\data\0000000006.bin,True,True,375,1242,123367,train,E:\monodepth_project\data\kitti\depth_maps\2011_09_26_2011_09_26_drive_0005_sync_6.npy
2011_09_26,2011_09_26_drive_0005_sync,7,E:\monodepth_project\data\kitti\2011_09_26\2011_09_26_drive_0005_sync\image_02\data\0000000007.png,E:\monodepth_project\data\kitti\2011_09_26\2011_09_26_drive_0005_sync\velodyne_points\data\0000000007.bin,True,True,375,1242,122996,train,E:\monodepth_project\data\kitti\depth_maps\2011_09_26_2011_09_26_drive_0005_sync_7.npy
2011_09_26,2011_09_26_drive_0005_sync,8,E:\monodepth_project\data\kitti\2011_09_26\2011_09_26_drive_0005_sync\image_02\data\0000000008.png,E:\monodepth_project\data\kitti\2011_09_26\2011_09_26_drive_0005_sync\velodyne_points\data\0000000008.bin,True,True,375,1242,123411,train,E:\monodepth_project\data\kitti\depth_maps\2011_09_26_2011_09_26_drive_0005_sync_8.npy
2011_09_26,2011_09_26_drive_0005_sync,9,E:\monodepth_project\data\kitti\2011_09_26\2011_09_26_drive_0005_sync\image_02\data\0000000009.png,E:\monodepth_project\data\kitti\2011_09_26\2011_09_26_drive_0005_sync\velodyne_points\data\0000000009.bin,True,True,375,1242,123257,train,E:\monodepth_project\data\kitti\depth_maps\2011_09_26_2011_09_26_drive_0005_sync_9.npy
2011_09_26,2011_09_26_drive_0005_sync,10,E:\monodepth_project\data\kitti\2011_09_26\2011_09_26_drive_0005_sync\image_02\data\0000000010.png,E:\monodepth_project\data\kitti\2011_09_26\2011_09_26_drive_0005_sync\velodyne_points\data\0000000010.bin,True,True,375,1242,123223,train,E:\monodepth_project\data\kitti\depth_maps\2011_09_26_2011_09_26_drive_0005_sync_10.npy
2011_09_26,2011_09_26_drive_0005_sync,11,E:\monodepth_project\data\kitti\2011_09_26\2011_09_26_drive_0005_sync\image_02\data\0000000011.png,E:\monodepth_project\data\kitti\2011_09_26\2011_09_26_drive_0005_sync\velodyne_points\data\0000000011.bin,True,True,375,1242,123334,train,E:\monodepth_project\data\kitti\depth_maps\2011_09_26_2011_09_26_drive_0005_sync_11.npy
2011_09_26,2011_09_26_drive_0005_sync,12,E:\monodepth_project\data\kitti\2011_09_26\2011_09_26_drive_0005_sync\image_02\data\0000000012.png,E:\monodepth_project\data\kitti\2011_09_26\2011_09_26_drive_0005_sync\velodyne_points\data\0000000012.bin,True,True,375,1242,123316,train,E:\monodepth_project\data\kitti\depth_maps\2011_09_26_2011_09_26_drive_0005_sync_12.npy
2011_09_26,2011_09_26_drive_0005_sync,13,E:\monodepth_project\data\kitti\2011_09_26\2011_09_26_drive_0005_sync\image_02\data\0000000013.png,E:\monodepth_project\data\kitti\2011_09_26\2011_09_26_drive_0005_sync\velodyne_points\data\0000000013.bin,True,True,375,1242,123343,train,E:\monodepth_project\data\kitti\depth_maps\2011_09_26_2011_09_26_drive_0005_sync_13.npy
2011_09_26,2011_09_26_drive_0005_sync,14,E:\monodepth_project\data\kitti\2011_09_26\2011_09_26_drive_0005_sync\image_02\data\0000000014.png,E:\monodepth_project\data\kitti\2011_09_26\2011_09_26_drive_0005_sync\velodyne_points\data\0000000014.bin,True,True,375,1242,123150,train,E:\monodepth_project\data\kitti\depth_maps\2011_09_26_2011_09_26_drive_0005_sync_14.npy
2011_09_26,2011_09_26_drive_0005_sync,15,E:\monodepth_project\data\kitti\2011_09_26\2011_09_26_drive_0005_sync\image_02\data\0000000015.png,E:\monodepth_project\data\kitti\2011_09_26\2011_09_26_drive_0005_sync\velodyne_points\data\0000000015.bin,True,True,375,1242,123103,train,E:\monodepth_project\data\kitti\depth_maps\2011_09_26_2011_09_26_drive_0005_sync_15.npy
2011_09_26,2011_09_26_drive_0005_sync,16,E:\monodepth_project\data\kitti\2011_09_26\2011_09_26_drive_0005_sync\image_02\data\0000000016.png,E:\monodepth_project\data\kitti\2011_09_26\2011_09_26_drive_0005_sync\velodyne_points\data\0000000016.bin,True,True,375,1242,123129,train,E:\monodepth_project\data\kitti\depth_maps\2011_09_26_2011_09_26_drive_0005_sync_16.npy
2011_09_26,2011_09_26_drive_0005_sync,17,E:\monodepth_project\data\kitti\2011_09_26\2011_09_26_drive_0005_sync\image_02\data\0000000017.png,E:\monodepth_project\data\kitti\2011_09_26\2011_09_26_drive_0005_sync\velodyne_points\data\0000000017.bin,True,True,375,1242,123001,train,E:\monodepth_project\data\kitti\depth_maps\2011_09_26_2011_09_26_drive_0005_sync_17.npy
2011_09_26,2011_09_26_drive_0005_sync,18,E:\monodepth_project\data\kitti\2011_09_26\2011_09_26_drive_0005_sync\image_02\data\0000000018.png,E:\monodepth_project\data\kitti\2011_09_26\2011_09_26_drive_0005_sync\velodyne_points\data\0000000018.bin,True,True,375,1242,122753,train,E:\monodepth_project\data\kitti\depth_maps\2011_09_26_2011_09_26_drive_0005_sync_18.npy
2011_09_26,2011_09_26_drive_0005_sync,19,E:\monodepth_project\data\kitti\2011_09_26\2011_09_26_drive_0005_sync\image_02\data\0000000019.png,E:\monodepth_project\data\kitti\2011_09_26\2011_09_26_drive_0005_sync\velodyne_points\data\0000000019.bin,True,True,375,1242,122634,train,E:\monodepth_project\data\kitti\depth_maps\2011_09_26_2011_09_26_drive_0005_sync_19.npy
2011_09_26,2011_09_26_drive_0005_sync,20,E:\monodepth_project\data\kitti\2011_09_26\2011_09_26_drive_0005_sync\image_02\data\0000000020.png,E:\monodepth_project\data\kitti\2011_09_26\2011_09_26_drive_0005_sync\velodyne_points\data\0000000020.bin,True,True,375,1242,122477,train,E:\monodepth_project\data\kitti\depth_maps\2011_09_26_2011_09_26_drive_0005_sync_20.npy
2011_09_26,2011_09_26_drive_0005_sync,21,E:\monodepth_project\data\kitti\2011_09_26\2011_09_26_drive_0005_sync\image_02\data\0000000021.png,E:\monodepth_project\data\kitti\2011_09_26\2011_09_26_drive_0005_sync\velodyne_points\data\0000000021.bin,True,True,375,1242,122321,train,E:\monodepth_project\data\kitti\depth_maps\2011_09_26_2011_09_26_drive_0005_sync_21.npy
2011_09_26,2011_09_26_drive_0005_sync,22,E:\monodepth_project\data\kitti\2011_09_26\2011_09_26_drive_0005_sync\image_02\data\0000000022.png,E:\monodepth_project\data\kitti\2011_09_26\2011_09_26_drive_0005_sync\velodyne_points\data\0000000022.bin,True,True,375,1242,122242,train,E:\monodepth_project\data\kitti\depth_maps\2011_09_26_2011_09_26_drive_0005_sync_22.npy
2011_09_26,2011_09_26_drive_0005_sync,23,E:\monodepth_project\data\kitti\2011_09_26\2011_09_26_drive_0005_sync\image_02\data\0000000023.png,E:\monodepth_project\data\kitti\2011_09_26\2011_09_26_drive_0005_sync\velodyne_points\data\0000000023.bin,True,True,375,1242,122309,train,E:\monodepth_project\data\kitti\depth_maps\2011_09_26_2011_09_26_drive_0005_sync_23.npy
2011_09_26,2011_09_26_drive_0005_sync,24,E:\monodepth_project\data\kitti\2011_09_26\2011_09_26_drive_0005_sync\image_02\data\0000000024.png,E:\monodepth_project\data\kitti\2011_09_26\2011_09_26_drive_0005_sync\velodyne_points\data\0000000024.bin,True,True,375,1242,122430,train,E:\monodepth_project\data\kitti\depth_maps\2011_09_26_2011_09_26_drive_0005_sync_24.npy
2011_09_26,2011_09_26_drive_0005_sync,25,E:\monodepth_project\data\kitti\2011_09_26\2011_09_26_drive_0005_sync\image_02\data\0000000025.png,E:\monodepth_project\data\kitti\2011_09_26\2011_09_26_drive_0005_sync\velodyne_points\data\0000000025.bin,True,True,375,1242,122495,train,E:\monodepth_project\data\kitti\depth_maps\2011_09_26_2011_09_26_drive_0005_sync_25.npy
2011_09_26,2011_09_26_drive_0005_sync,26,E:\monodepth_project\data\kitti\2011_09_26\2011_09_26_drive_0005_sync\image_02\data\0000000026.png,E:\monodepth_project\data\kitti\2011_09_26\2011_09_26_drive_0005_sync\velodyne_points\data\0000000026.bin,True,True,375,1242,122527,train,E:\monodepth_project\data\kitti\depth_maps\2011_09_26_2011_09_26_drive_0005_sync_26.npy
2011_09_26,2011_09_26_drive_0005_sync,27,E:\monodepth_project\data\kitti\2011_09_26\2011_09_26_drive_0005_sync\image_02\data\0000000027.png,E:\monodepth_project\data\kitti\2011_09_26\2011_09_26_drive_0005_sync\velodyne_points\data\0000000027.bin,True,True,375,1242,122727,train,E:\monodepth_project\data\kitti\depth_maps\2011_09_26_2011_09_26_drive_0005_sync_27.npy
2011_09_26,2011_09_26_drive_0005_sync,28,E:\monodepth_project\data\kitti\2011_09_26\2011_09_26_drive_0005_sync\image_02\data\0000000028.png,E:\monodepth_project\data\kitti\2011_09_26\2011_09_26_drive_0005_sync\velodyne_points\data\0000000028.bin,True,True,375,1242,122658,train,E:\monodepth_project\data\kitti\depth_maps\2011_09_26_2011_09_26_drive_0005_sync_28.npy
2011_09_26,2011_09_26_drive_0005_sync,29,E:\monodepth_project\data\kitti\2011_09_26\2011_09_26_drive_0005_sync\image_02\data\0000000029.png,E:\monodepth_project\data\kitti\2011_09_26\2011_09_26_drive_0005_sync\velodyne_points\data\0000000029.bin,True,True,375,1242,122645,train,E:\monodepth_project\data\kitti\depth_maps\2011_09_26_2011_09_26_drive_0005_sync_29.npy
2011_09_26,2011_09_26_drive_0005_sync,30,E:\monodepth_project\data\kitti\2011_09_26\2011_09_26_drive_0005_sync\image_02\data\0000000030.png,E:\monodepth_project\data\kitti\2011_09_26\2011_09_26_drive_0005_sync\velodyne_points\data\0000000030.bin,True,True,375,1242,122516,train,E:\monodepth_project\data\kitti\depth_maps\2011_09_26_2011_09_26_drive_0005_sync_30.npy
2011_09_26,2011_09_26_drive_0005_sync,31,E:\monodepth_project\data\kitti\2011_09_26\2011_09_26_drive_0005_sync\image_02\data\0000000031.png,E:\monodepth_project\data\kitti\2011_09_26\2011_09_26_drive_0005_sync\velodyne_points\data\0000000031.bin,True,True,375,1242,122723,train,E:\monodepth_project\data\kitti\depth_maps\2011_09_26_2011_09_26_drive_0005_sync_31.npy
2011_09_26,2011_09_26_drive_0005_sync,32,E:\monodepth_project\data\kitti\2011_09_26\2011_09_26_drive_0005_sync\image_02\data\0000000032.png,E:\monodepth_project\data\kitti\2011_09_26\2011_09_26_drive_0005_sync\velodyne_points\data\0000000032.bin,True,True,375,1242,122703,train,E:\monodepth_project\data\kitti\depth_maps\2011_09_26_2011_09_26_drive_0005_sync_32.npy
2011_09_26,2011_09_26_drive_0005_sync,33,E:\monodepth_project\data\kitti\2011_09_26\2011_09_26_drive_0005_sync\image_02\data\0000000033.png,E:\monodepth_project\data\kitti\2011_09_26\2011_09_26_drive_0005_sync\velodyne_points\data\0000000033.bin,True,True,375,1242,122905,train,E:\monodepth_project\data\kitti\depth_maps\2011_09_26_2011_09_26_drive_0005_sync_33.npy
2011_09_26,2011_09_26_drive_0005_sync,34,E:\monodepth_project\data\kitti\2011_09_26\2011_09_26_drive_0005_sync\image_02\data\0000000034.png,E:\monodepth_project\data\kitti\2011_09_26\2011_09_26_drive_0005_sync\velodyne_points\data\0000000034.bin,True,True,375,1242,122873,train,E:\monodepth_project\data\kitti\depth_maps\2011_09_26_2011_09_26_drive_0005_sync_34.npy
2011_09_26,2011_09_26_drive_0005_sync,35,E:\monodepth_project\data\kitti\2011_09_26\2011_09_26_drive_0005_sync\image_02\data\0000000035.png,E:\monodepth_project\data\kitti\2011_09_26\2011_09_26_drive_0005_sync\velodyne_points\data\0000000035.bin,True,True,375,1242,122654,train,E:\monodepth_project\data\kitti\depth_maps\2011_09_26_2011_09_26_drive_0005_sync_35.npy
2011_09_26,2011_09_26_drive_0005_sync,36,E:\monodepth_project\data\kitti\2011_09_26\2011_09_26_drive_0005_sync\image_02\data\0000000036.png,E:\monodepth_project\data\kitti\2011_09_26\2011_09_26_drive_0005_sync\velodyne_points\data\0000000036.bin,True,True,375,1242,122377,train,E:\monodepth_project\data\kitti\depth_maps\2011_09_26_2011_09_26_drive_0005_sync_36.npy
2011_09_26,2011_09_26_drive_0005_sync,37,E:\monodepth_project\data\kitti\2011_09_26\2011_09_26_drive_0005_sync\image_02\data\0000000037.png,E:\monodepth_project\data\kitti\2011_09_26\2011_09_26_drive_0005_sync\velodyne_points\data\0000000037.bin,True,True,375,1242,122952,train,E:\monodepth_project\data\kitti\depth_maps\2011_09_26_2011_09_26_drive_0005_sync_37.npy
2011_09_26,2011_09_26_drive_0005_sync,38,E:\monodepth_project\data\kitti\2011_09_26\2011_09_26_drive_0005_sync\image_02\data\0000000038.png,E:\monodepth_project\data\kitti\2011_09_26\2011_09_26_drive_0005_sync\velodyne_points\data\0000000038.bin,True,True,375,1242,122838,train,E:\monodepth_project\data\kitti\depth_maps\2011_09_26_2011_09_26_drive_0005_sync_38.npy
2011_09_26,2011_09_26_drive_0005_sync,39,E:\monodepth_project\data\kitti\2011_09_26\2011_09_26_drive_0005_sync\image_02\data\0000000039.png,E:\monodepth_project\data\kitti\2011_09_26\2011_09_26_drive_0005_sync\velodyne_points\data\0000000039.bin,True,True,375,1242,122705,train,E:\monodepth_project\data\kitti\depth_maps\2011_09_26_2011_09_26_drive_0005_sync_39.npy
2011_09_26,2011_09_26_drive_0005_sync,40,E:\monodepth_project\data\kitti\2011_09_26\2011_09_26_drive_0005_sync\image_02\data\0000000040.png,E:\monodepth_project\data\kitti\2011_09_26\2011_09_26_drive_0005_sync\velodyne_points\data\0000000040.bin,True,True,375,1242,122691,train,E:\monodepth_project\data\kitti\depth_maps\2011_09_26_2011_09_26_drive_0005_sync_40.npy
2011_09_26,2011_09_26_drive_0005_sync,41,E:\monodepth_project\data\kitti\2011_09_26\2011_09_26_drive_0005_sync\image_02\data\0000000041.png,E:\monodepth_project\data\kitti\2011_09_26\2011_09_26_drive_0005_sync\velodyne_points\data\0000000041.bin,True,True,375,1242,122490,train,E:\monodepth_project\data\kitti\depth_maps\2011_09_26_2011_09_26_drive_0005_sync_41.npy
2011_09_26,2011_09_26_drive_0005_sync,42,E:\monodepth_project\data\kitti\2011_09_26\2011_09_26_drive_0005_sync\image_02\data\0000000042.png,E:\monodepth_project\data\kitti\2011_09_26\2011_09_26_drive_0005_sync\velodyne_points\data\0000000042.bin,True,True,375,1242,122665,train,E:\monodepth_project\data\kitti\depth_maps\2011_09_26_2011_09_26_drive_0005_sync_42.npy
2011_09_26,2011_09_26_drive_0005_sync,43,E:\monodepth_project\data\kitti\2011_09_26\2011_09_26_drive_0005_sync\image_02\data\0000000043.png,E:\monodepth_project\data\kitti\2011_09_26\2011_09_26_drive_0005_sync\velodyne_points\data\0000000043.bin,True,True,375,1242,122578,train,E:\monodepth_project\data\kitti\depth_maps\2011_09_26_2011_09_26_drive_0005_sync_43.npy
2011_09_26,2011_09_26_drive_0005_sync,44,E:\monodepth_project\data\kitti\2011_09_26\2011_09_26_drive_0005_sync\image_02\data\0000000044.png,E:\monodepth_project\data\kitti\2011_09_26\2011_09_26_drive_0005_sync\velodyne_points\data\0000000044.bin,True,True,375,1242,122610,train,E:\monodepth_project\data\kitti\depth_maps\2011_09_26_2011_09_26_drive_0005_sync_44.npy
2011_09_26,2011_09_26_drive_0005_sync,45,E:\monodepth_project\data\kitti\2011_09_26\2011_09_26_drive_0005_sync\image_02\data\0000000045.png,E:\monodepth_project\data\kitti\2011_09_26\2011_09_26_drive_0005_sync\velodyne_points\data\0000000045.bin,True,True,375,1242,122481,train,E:\monodepth_project\data\kitti\depth_maps\2011_09_26_2011_09_26_drive_0005_sync_45.npy
2011_09_26,2011_09_26_drive_0005_sync,46,E:\monodepth_project\data\kitti\2011_09_26\2011_09_26_drive_0005_sync\image_02\data\0000000046.png,E:\monodepth_project\data\kitti\2011_09_26\2011_09_26_drive_0005_sync\velodyne_points\data\0000000046.bin,True,True,375,1242,122426,train,E:\monodepth_project\data\kitti\depth_maps\2011_09_26_2011_09_26_drive_0005_sync_46.npy
2011_09_26,2011_09_26_drive_0005_sync,47,E:\monodepth_project\data\kitti\2011_09_26\2011_09_26_drive_0005_sync\image_02\data\0000000047.png,E:\monodepth_project\data\kitti\2011_09_26\2011_09_26_drive_0005_sync\velodyne_points\data\0000000047.bin,True,True,375,1242,122476,train,E:\monodepth_project\data\kitti\depth_maps\2011_09_26_2011_09_26_drive_0005_sync_47.npy
2011_09_26,2011_09_26_drive_0005_sync,48,E:\monodepth_project\data\kitti\2011_09_26\2011_09_26_drive_0005_sync\image_02\data\0000000048.png,E:\monodepth_project\data\kitti\2011_09_26\2011_09_26_drive_0005_sync\velodyne_points\data\0000000048.bin,True,True,375,1242,122467,train,E:\monodepth_project\data\kitti\depth_maps\2011_09_26_2011_09_26_drive_0005_sync_48.npy
2011_09_26,2011_09_26_drive_0005_sync,49,E:\monodepth_project\data\kitti\2011_09_26\2011_09_26_drive_0005_sync\image_02\data\0000000049.png,E:\monodepth_project\data\kitti\2011_09_26\2011_09_26_drive_0005_sync\velodyne_points\data\0000000049.bin,True,True,375,1242,122084,train,E:\monodepth_project\data\kitti\depth_maps\2011_09_26_2011_09_26_drive_0005_sync_49.npy
2011_09_26,2011_09_26_drive_0005_sync,50,E:\monodepth_project\data\kitti\2011_09_26\2011_09_26_drive_0005_sync\image_02\data\0000000050.png,E:\monodepth_project\data\kitti\2011_09_26\2011_09_26_drive_0005_sync\velodyne_points\data\0000000050.bin,True,True,375,1242,122545,train,E:\monodepth_project\data\kitti\depth_maps\2011_09_26_2011_09_26_drive_0005_sync_50.npy
2011_09_26,2011_09_26_drive_0005_sync,51,E:\monodepth_project\data\kitti\2011_09_26\2011_09_26_drive_0005_sync\image_02\data\0000000051.png,E:\monodepth_project\data\kitti\2011_09_26\2011_09_26_drive_0005_sync\velodyne_points\data\0000000051.bin,True,True,375,1242,122595,train,E:\monodepth_project\data\kitti\depth_maps\2011_09_26_2011_09_26_drive_0005_sync_51.npy
2011_09_26,2011_09_26_drive_0005_sync,52,E:\monodepth_project\data\kitti\2011_09_26\2011_09_26_drive_0005_sync\image_02\data\0000000052.png,E:\monodepth_project\data\kitti\2011_09_26\2011_09_26_drive_0005_sync\velodyne_points\data\0000000052.bin,True,True,375,1242,122499,train,E:\monodepth_project\data\kitti\depth_maps\2011_09_26_2011_09_26_drive_0005_sync_52.npy
2011_09_26,2011_09_26_drive_0005_sync,53,E:\monodepth_project\data\kitti\2011_09_26\2011_09_26_drive_0005_sync\image_02\data\0000000053.png,E:\monodepth_project\data\kitti\2011_09_26\2011_09_26_drive_0005_sync\velodyne_points\data\0000000053.bin,True,True,375,1242,122648,train,E:\monodepth_project\data\kitti\depth_maps\2011_09_26_2011_09_26_drive_0005_sync_53.npy
2011_09_26,2011_09_26_drive_0005_sync,54,E:\monodepth_project\data\kitti\2011_09_26\2011_09_26_drive_0005_sync\image_02\data\0000000054.png,E:\monodepth_project\data\kitti\2011_09_26\2011_09_26_drive_0005_sync\velodyne_points\data\0000000054.bin,True,True,375,1242,122676,train,E:\monodepth_project\data\kitti\depth_maps\2011_09_26_2011_09_26_drive_0005_sync_54.npy
2011_09_26,2011_09_26_drive_0005_sync,55,E:\monodepth_project\data\kitti\2011_09_26\2011_09_26_drive_0005_sync\image_02\data\0000000055.png,E:\monodepth_project\data\kitti\2011_09_26\2011_09_26_drive_0005_sync\velodyne_points\data\0000000055.bin,True,True,375,1242,122882,train,E:\monodepth_project\data\kitti\depth_maps\2011_09_26_2011_09_26_drive_0005_sync_55.npy
2011_09_26,2011_09_26_drive_0005_sync,56,E:\monodepth_project\data\kitti\2011_09_26\2011_09_26_drive_0005_sync\image_02\data\0000000056.png,E:\monodepth_project\data\kitti\2011_09_26\2011_09_26_drive_0005_sync\velodyne_points\data\0000000056.bin,True,True,375,1242,123078,train,E:\monodepth_project\data\kitti\depth_maps\2011_09_26_2011_09_26_drive_0005_sync_56.npy
2011_09_26,2011_09_26_drive_0005_sync,57,E:\monodepth_project\data\kitti\2011_09_26\2011_09_26_drive_0005_sync\image_02\data\0000000057.png,E:\monodepth_project\data\kitti\2011_09_26\2011_09_26_drive_0005_sync\velodyne_points\data\0000000057.bin,True,True,375,1242,123015,train,E:\monodepth_project\data\kitti\depth_maps\2011_09_26_2011_09_26_drive_0005_sync_57.npy
2011_09_26,2011_09_26_drive_0005_sync,58,E:\monodepth_project\data\kitti\2011_09_26\2011_09_26_drive_0005_sync\image_02\data\0000000058.png,E:\monodepth_project\data\kitti\2011_09_26\2011_09_26_drive_0005_sync\velodyne_points\data\0000000058.bin,True,True,375,1242,123087,train,E:\monodepth_project\data\kitti\depth_maps\2011_09_26_2011_09_26_drive_0005_sync_58.npy
2011_09_26,2011_09_26_drive_0005_sync,59,E:\monodepth_project\data\kitti\2011_09_26\2011_09_26_drive_0005_sync\image_02\data\0000000059.png,E:\monodepth_project\data\kitti\2011_09_26\2011_09_26_drive_0005_sync\velodyne_points\data\0000000059.bin,True,True,375,1242,123236,train,E:\monodepth_project\data\kitti\depth_maps\2011_09_26_2011_09_26_drive_0005_sync_59.npy
2011_09_26,2011_09_26_drive_0005_sync,60,E:\monodepth_project\data\kitti\2011_09_26\2011_09_26_drive_0005_sync\image_02\data\0000000060.png,E:\monodepth_project\data\kitti\2011_09_26\2011_09_26_drive_0005_sync\velodyne_points\data\0000000060.bin,True,True,375,1242,122942,train,E:\monodepth_project\data\kitti\depth_maps\2011_09_26_2011_09_26_drive_0005_sync_60.npy
2011_09_26,2011_09_26_drive_0005_sync,61,E:\monodepth_project\data\kitti\2011_09_26\2011_09_26_drive_0005_sync\image_02\data\0000000061.png,E:\monodepth_project\data\kitti\2011_09_26\2011_09_26_drive_0005_sync\velodyne_points\data\0000000061.bin,True,True,375,1242,122805,train,E:\monodepth_project\data\kitti\depth_maps\2011_09_26_2011_09_26_drive_0005_sync_61.npy
2011_09_26,2011_09_26_drive_0005_sync,62,E:\monodepth_project\data\kitti\2011_09_26\2011_09_26_drive_0005_sync\image_02\data\0000000062.png,E:\monodepth_project\data\kitti\2011_09_26\2011_09_26_drive_0005_sync\velodyne_points\data\0000000062.bin,True,True,375,1242,122834,train,E:\monodepth_project\data\kitti\depth_maps\2011_09_26_2011_09_26_drive_0005_sync_62.npy
2011_09_26,2011_09_26_drive_0005_sync,63,E:\monodepth_project\data\kitti\2011_09_26\2011_09_26_drive_0005_sync\image_02\data\0000000063.png,E:\monodepth_project\data\kitti\2011_09_26\2011_09_26_drive_0005_sync\velodyne_points\data\0000000063.bin,True,True,375,1242,122803,train,E:\monodepth_project\data\kitti\depth_maps\2011_09_26_2011_09_26_drive_0005_sync_63.npy
2011_09_26,2011_09_26_drive_0005_sync,64,E:\monodepth_project\data\kitti\2011_09_26\2011_09_26_drive_0005_sync\image_02\data\0000000064.png,E:\monodepth_project\data\kitti\2011_09_26\2011_09_26_drive_0005_sync\velodyne_points\data\0000000064.bin,True,True,375,1242,122836,train,E:\monodepth_project\data\kitti\depth_maps\2011_09_26_2011_09_26_drive_0005_sync_64.npy
2011_09_26,2011_09_26_drive_0005_sync,65,E:\monodepth_project\data\kitti\2011_09_26\2011_09_26_drive_0005_sync\image_02\data\0000000065.png,E:\monodepth_project\data\kitti\2011_09_26\2011_09_26_drive_0005_sync\velodyne_points\data\0000000065.bin,True,True,375,1242,123113,train,E:\monodepth_project\data\kitti\depth_maps\2011_09_26_2011_09_26_drive_0005_sync_65.npy
2011_09_26,2011_09_26_drive_0005_sync,66,E:\monodepth_project\data\kitti\2011_09_26\2011_09_26_drive_0005_sync\image_02\data\0000000066.png,E:\monodepth_project\data\kitti\2011_09_26\2011_09_26_drive_0005_sync\velodyne_points\data\0000000066.bin,True,True,375,1242,123246,train,E:\monodepth_project\data\kitti\depth_maps\2011_09_26_2011_09_26_drive_0005_sync_66.npy
2011_09_26,2011_09_26_drive_0005_sync,67,E:\monodepth_project\data\kitti\2011_09_26\2011_09_26_drive_0005_sync\image_02\data\0000000067.png,E:\monodepth_project\data\kitti\2011_09_26\2011_09_26_drive_0005_sync\velodyne_points\data\0000000067.bin,True,True,375,1242,123072,train,E:\monodepth_project\data\kitti\depth_maps\2011_09_26_2011_09_26_drive_0005_sync_67.npy
2011_09_26,2011_09_26_drive_0005_sync,68,E:\monodepth_project\data\kitti\2011_09_26\2011_09_26_drive_0005_sync\image_02\data\0000000068.png,E:\monodepth_project\data\kitti\2011_09_26\2011_09_26_drive_0005_sync\velodyne_points\data\0000000068.bin,True,True,375,1242,123178,train,E:\monodepth_project\data\kitti\depth_maps\2011_09_26_2011_09_26_drive_0005_sync_68.npy
2011_09_26,2011_09_26_drive_0005_sync,69,E:\monodepth_project\data\kitti\2011_09_26\2011_09_26_drive_0005_sync\image_02\data\0000000069.png,E:\monodepth_project\data\kitti\2011_09_26\2011_09_26_drive_0005_sync\velodyne_points\data\0000000069.bin,True,True,375,1242,123138,train,E:\monodepth_project\data\kitti\depth_maps\2011_09_26_2011_09_26_drive_0005_sync_69.npy
2011_09_26,2011_09_26_drive_0005_sync,70,E:\monodepth_project\data\kitti\2011_09_26\2011_09_26_drive_0005_sync\image_02\data\0000000070.png,E:\monodepth_project\data\kitti\2011_09_26\2011_09_26_drive_0005_sync\velodyne_points\data\0000000070.bin,True,True,375,1242,123357,train,E:\monodepth_project\data\kitti\depth_maps\2011_09_26_2011_09_26_drive_0005_sync_70.npy
2011_09_26,2011_09_26_drive_0005_sync,71,E:\monodepth_project\data\kitti\2011_09_26\2011_09_26_drive_0005_sync\image_02\data\0000000071.png,E:\monodepth_project\data\kitti\2011_09_26\2011_09_26_drive_0005_sync\velodyne_points\data\0000000071.bin,True,True,375,1242,123557,train,E:\monodepth_project\data\kitti\depth_maps\2011_09_26_2011_09_26_drive_0005_sync_71.npy
2011_09_26,2011_09_26_drive_0005_sync,72,E:\monodepth_project\data\kitti\2011_09_26\2011_09_26_drive_0005_sync\image_02\data\0000000072.png,E:\monodepth_project\data\kitti\2011_09_26\2011_09_26_drive_0005_sync\velodyne_points\data\0000000072.bin,True,True,375,1242,123709,train,E:\monodepth_project\data\kitti\depth_maps\2011_09_26_2011_09_26_drive_0005_sync_72.npy
2011_09_26,2011_09_26_drive_0005_sync,73,E:\monodepth_project\data\kitti\2011_09_26\2011_09_26_drive_0005_sync\image_02\data\0000000073.png,E:\monodepth_project\data\kitti\2011_09_26\2011_09_26_drive_0005_sync\velodyne_points\data\0000000073.bin,True,True,375,1242,123772,train,E:\monodepth_project\data\kitti\depth_maps\2011_09_26_2011_09_26_drive_0005_sync_73.npy
2011_09_26,2011_09_26_drive_0005_sync,74,E:\monodepth_project\data\kitti\2011_09_26\2011_09_26_drive_0005_sync\image_02\data\0000000074.png,E:\monodepth_project\data\kitti\2011_09_26\2011_09_26_drive_0005_sync\velodyne_points\data\0000000074.bin,True,True,375,1242,124095,train,E:\monodepth_project\data\kitti\depth_maps\2011_09_26_2011_09_26_drive_0005_sync_74.npy
2011_09_26,2011_09_26_drive_0005_sync,75,E:\monodepth_project\data\kitti\2011_09_26\2011_09_26_drive_0005_sync\image_02\data\0000000075.png,E:\monodepth_project\data\kitti\2011_09_26\2011_09_26_drive_0005_sync\velodyne_points\data\0000000075.bin,True,True,375,1242,124122,train,E:\monodepth_project\data\kitti\depth_maps\2011_09_26_2011_09_26_drive_0005_sync_75.npy
2011_09_26,2011_09_26_drive_0005_sync,76,E:\monodepth_project\data\kitti\2011_09_26\2011_09_26_drive_0005_sync\image_02\data\0000000076.png,E:\monodepth_project\data\kitti\2011_09_26\2011_09_26_drive_0005_sync\velodyne_points\data\0000000076.bin,True,True,375,1242,124044,train,E:\monodepth_project\data\kitti\depth_maps\2011_09_26_2011_09_26_drive_0005_sync_76.npy
2011_09_26,2011_09_26_drive_0005_sync,77,E:\monodepth_project\data\kitti\2011_09_26\2011_09_26_drive_0005_sync\image_02\data\0000000077.png,E:\monodepth_project\data\kitti\2011_09_26\2011_09_26_drive_0005_sync\velodyne_points\data\0000000077.bin,True,True,375,1242,124048,train,E:\monodepth_project\data\kitti\depth_maps\2011_09_26_2011_09_26_drive_0005_sync_77.npy
2011_09_26,2011_09_26_drive_0005_sync,78,E:\monodepth_project\data\kitti\2011_09_26\2011_09_26_drive_0005_sync\image_02\data\0000000078.png,E:\monodepth_project\data\kitti\2011_09_26\2011_09_26_drive_0005_sync\velodyne_points\data\0000000078.bin,True,True,375,1242,123902,train,E:\monodepth_project\data\kitti\depth_maps\2011_09_26_2011_09_26_drive_0005_sync_78.npy
2011_09_26,2011_09_26_drive_0005_sync,79,E:\monodepth_project\data\kitti\2011_09_26\2011_09_26_drive_0005_sync\image_02\data\0000000079.png,E:\monodepth_project\data\kitti\2011_09_26\2011_09_26_drive_0005_sync\velodyne_points\data\0000000079.bin,True,True,375,1242,123771,train,E:\monodepth_project\data\kitti\depth_maps\2011_09_26_2011_09_26_drive_0005_sync_79.npy
2011_09_26,2011_09_26_drive_0005_sync,80,E:\monodepth_project\data\kitti\2011_09_26\2011_09_26_drive_0005_sync\image_02\data\0000000080.png,E:\monodepth_project\data\kitti\2011_09_26\2011_09_26_drive_0005_sync\velodyne_points\data\0000000080.bin,True,True,375,1242,123801,train,E:\monodepth_project\data\kitti\depth_maps\2011_09_26_2011_09_26_drive_0005_sync_80.npy
2011_09_26,2011_09_26_drive_0005_sync,81,E:\monodepth_project\data\kitti\2011_09_26\2011_09_26_drive_0005_sync\image_02\data\0000000081.png,E:\monodepth_project\data\kitti\2011_09_26\2011_09_26_drive_0005_sync\velodyne_points\data\0000000081.bin,True,True,375,1242,123660,train,E:\monodepth_project\data\kitti\depth_maps\2011_09_26_2011_09_26_drive_0005_sync_81.npy
2011_09_26,2011_09_26_drive_0005_sync,82,E:\monodepth_project\data\kitti\2011_09_26\2011_09_26_drive_0005_sync\image_02\data\0000000082.png,E:\monodepth_project\data\kitti\2011_09_26\2011_09_26_drive_0005_sync\velodyne_points\data\0000000082.bin,True,True,375,1242,123704,train,E:\monodepth_project\data\kitti\depth_maps\2011_09_26_2011_09_26_drive_0005_sync_82.npy
2011_09_26,2011_09_26_drive_0005_sync,83,E:\monodepth_project\data\kitti\2011_09_26\2011_09_26_drive_0005_sync\image_02\data\0000000083.png,E:\monodepth_project\data\kitti\2011_09_26\2011_09_26_drive_0005_sync\velodyne_points\data\0000000083.bin,True,True,375,1242,123871,train,E:\monodepth_project\data\kitti\depth_maps\2011_09_26_2011_09_26_drive_0005_sync_83.npy
2011_09_26,2011_09_26_drive_0005_sync,84,E:\monodepth_project\data\kitti\2011_09_26\2011_09_26_drive_0005_sync\image_02\data\0000000084.png,E:\monodepth_project\data\kitti\2011_09_26\2011_09_26_drive_0005_sync\velodyne_points\data\0000000084.bin,True,True,375,1242,123845,train,E:\monodepth_project\data\kitti\depth_maps\2011_09_26_2011_09_26_drive_0005_sync_84.npy
2011_09_26,2011_09_26_drive_0005_sync,85,E:\monodepth_project\data\kitti\2011_09_26\2011_09_26_drive_0005_sync\image_02\data\0000000085.png,E:\monodepth_project\data\kitti\2011_09_26\2011_09_26_drive_0005_sync\velodyne_points\data\0000000085.bin,True,True,375,1242,123838,train,E:\monodepth_project\data\kitti\depth_maps\2011_09_26_2011_09_26_drive_0005_sync_85.npy
2011_09_26,2011_09_26_drive_0005_sync,86,E:\monodepth_project\data\kitti\2011_09_26\2011_09_26_drive_0005_sync\image_02\data\0000000086.png,E:\monodepth_project\data\kitti\2011_09_26\2011_09_26_drive_0005_sync\velodyne_points\data\0000000086.bin,True,True,375,1242,123996,train,E:\monodepth_project\data\kitti\depth_maps\2011_09_26_2011_09_26_drive_0005_sync_86.npy
2011_09_26,2011_09_26_drive_0005_sync,87,E:\monodepth_project\data\kitti\2011_09_26\2011_09_26_drive_0005_sync\image_02\data\0000000087.png,E:\monodepth_project\data\kitti\2011_09_26\2011_09_26_drive_0005_sync\velodyne_points\data\0000000087.bin,True,True,375,1242,123925,train,E:\monodepth_project\data\kitti\depth_maps\2011_09_26_2011_09_26_drive_0005_sync_87.npy
2011_09_26,2011_09_26_drive_0005_sync,88,E:\monodepth_project\data\kitti\2011_09_26\2011_09_26_drive_0005_sync\image_02\data\0000000088.png,E:\monodepth_project\data\kitti\2011_09_26\2011_09_26_drive_0005_sync\velodyne_points\data\0000000088.bin,True,True,375,1242,123983,train,E:\monodepth_project\data\kitti\depth_maps\2011_09_26_2011_09_26_drive_0005_sync_88.npy
2011_09_26,2011_09_26_drive_0005_sync,89,E:\monodepth_project\data\kitti\2011_09_26\2011_09_26_drive_0005_sync\image_02\data\0000000089.png,E:\monodepth_project\data\kitti\2011_09_26\2011_09_26_drive_0005_sync\velodyne_points\data\0000000089.bin,True,True,375,1242,123749,train,E:\monodepth_project\data\kitti\depth_maps\2011_09_26_2011_09_26_drive_0005_sync_89.npy
2011_09_26,2011_09_26_drive_0005_sync,90,E:\monodepth_project\data\kitti\2011_09_26\2011_09_26_drive_0005_sync\image_02\data\0000000090.png,E:\monodepth_project\data\kitti\2011_09_26\2011_09_26_drive_0005_sync\velodyne_points\data\0000000090.bin,True,True,375,1242,123526,train,E:\monodepth_project\data\kitti\depth_maps\2011_09_26_2011_09_26_drive_0005_sync_90.npy
2011_09_26,2011_09_26_drive_0005_sync,91,E:\monodepth_project\data\kitti\2011_09_26\2011_09_26_drive_0005_sync\image_02\data\0000000091.png,E:\monodepth_project\data\kitti\2011_09_26\2011_09_26_drive_0005_sync\velodyne_points\data\0000000091.bin,True,True,375,1242,123659,train,E:\monodepth_project\data\kitti\depth_maps\2011_09_26_2011_09_26_drive_0005_sync_91.npy
2011_09_26,2011_09_26_drive_0005_sync,92,E:\monodepth_project\data\kitti\2011_09_26\2011_09_26_drive_0005_sync\image_02\data\0000000092.png,E:\monodepth_project\data\kitti\2011_09_26\2011_09_26_drive_0005_sync\velodyne_points\data\0000000092.bin,True,True,375,1242,123460,train,E:\monodepth_project\data\kitti\depth_maps\2011_09_26_2011_09_26_drive_0005_sync_92.npy
2011_09_26,2011_09_26_drive_0005_sync,93,E:\monodepth_project\data\kitti\2011_09_26\2011_09_26_drive_0005_sync\image_02\data\0000000093.png,E:\monodepth_project\data\kitti\2011_09_26\2011_09_26_drive_0005_sync\velodyne_points\data\0000000093.bin,True,True,375,1242,123467,train,E:\monodepth_project\data\kitti\depth_maps\2011_09_26_2011_09_26_drive_0005_sync_93.npy
2011_09_26,2011_09_26_drive_0005_sync,94,E:\monodepth_project\data\kitti\2011_09_26\2011_09_26_drive_0005_sync\image_02\data\0000000094.png,E:\monodepth_project\data\kitti\2011_09_26\2011_09_26_drive_0005_sync\velodyne_points\data\0000000094.bin,True,True,375,1242,123409,train,E:\monodepth_project\data\kitti\depth_maps\2011_09_26_2011_09_26_drive_0005_sync_94.npy
2011_09_26,2011_09_26_drive_0005_sync,95,E:\monodepth_project\data\kitti\2011_09_26\2011_09_26_drive_0005_sync\image_02\data\0000000095.png,E:\monodepth_project\data\kitti\2011_09_26\2011_09_26_drive_0005_sync\velodyne_points\data\0000000095.bin,True,True,375,1242,123208,train,E:\monodepth_project\data\kitti\depth_maps\2011_09_26_2011_09_26_drive_0005_sync_95.npy
2011_09_26,2011_09_26_drive_0005_sync,96,E:\monodepth_project\data\kitti\2011_09_26\2011_09_26_drive_0005_sync\image_02\data\0000000096.png,E:\monodepth_project\data\kitti\2011_09_26\2011_09_26_drive_0005_sync\velodyne_points\data\0000000096.bin,True,True,375,1242,123158,train,E:\monodepth_project\data\kitti\depth_maps\2011_09_26_2011_09_26_drive_0005_sync_96.npy
2011_09_26,2011_09_26_drive_0005_sync,97,E:\monodepth_project\data\kitti\2011_09_26\2011_09_26_drive_0005_sync\image_02\data\0000000097.png,E:\monodepth_project\data\kitti\2011_09_26\2011_09_26_drive_0005_sync\velodyne_points\data\0000000097.bin,True,True,375,1242,123008,train,E:\monodepth_project\data\kitti\depth_maps\2011_09_26_2011_09_26_drive_0005_sync_97.npy
2011_09_26,2011_09_26_drive_0005_sync,98,E:\monodepth_project\data\kitti\2011_09_26\2011_09_26_drive_0005_sync\image_02\data\0000000098.png,E:\monodepth_project\data\kitti\2011_09_26\2011_09_26_drive_0005_sync\velodyne_points\data\0000000098.bin,True,True,375,1242,122898,train,E:\monodepth_project\data\kitti\depth_maps\2011_09_26_2011_09_26_drive_0005_sync_98.npy
2011_09_26,2011_09_26_drive_0005_sync,99,E:\monodepth_project\data\kitti\2011_09_26\2011_09_26_drive_0005_sync\image_02\data\0000000099.png,E:\monodepth_project\data\kitti\2011_09_26\2011_09_26_drive_0005_sync\velodyne_points\data\0000000099.bin,True,True,375,1242,122813,train,E:\monodepth_project\data\kitti\depth_maps\2011_09_26_2011_09_26_drive_0005_sync_99.npy
2011_09_26,2011_09_26_drive_0005_sync,100,E:\monodepth_project\data\kitti\2011_09_26\2011_09_26_drive_0005_sync\image_02\data\0000000100.png,E:\monodepth_project\data\kitti\2011_09_26\2011_09_26_drive_0005_sync\velodyne_points\data\0000000100.bin,True,True,375,1242,122624,train,E:\monodepth_project\data\kitti\depth_maps\2011_09_26_2011_09_26_drive_0005_sync_100.npy
2011_09_26,2011_09_26_drive_0005_sync,101,E:\monodepth_project\data\kitti\2011_09_26\2011_09_26_drive_0005_sync\image_02\data\0000000101.png,E:\monodepth_project\data\kitti\2011_09_26\2011_09_26_drive_0005_sync\velodyne_points\data\0000000101.bin,True,True,375,1242,122470,train,E:\monodepth_project\data\kitti\depth_maps\2011_09_26_2011_09_26_drive_0005_sync_101.npy
2011_09_26,2011_09_26_drive_0005_sync,102,E:\monodepth_project\data\kitti\2011_09_26\2011_09_26_drive_0005_sync\image_02\data\0000000102.png,E:\monodepth_project\data\kitti\2011_09_26\2011_09_26_drive_0005_sync\velodyne_points\data\0000000102.bin,True,True,375,1242,122319,train,E:\monodepth_project\data\kitti\depth_maps\2011_09_26_2011_09_26_drive_0005_sync_102.npy
2011_09_26,2011_09_26_drive_0005_sync,103,E:\monodepth_project\data\kitti\2011_09_26\2011_09_26_drive_0005_sync\image_02\data\0000000103.png,E:\monodepth_project\data\kitti\2011_09_26\2011_09_26_drive_0005_sync\velodyne_points\data\0000000103.bin,True,True,375,1242,122125,train,E:\monodepth_project\data\kitti\depth_maps\2011_09_26_2011_09_26_drive_0005_sync_103.npy
2011_09_26,2011_09_26_drive_0005_sync,104,E:\monodepth_project\data\kitti\2011_09_26\2011_09_26_drive_0005_sync\image_02\data\0000000104.png,E:\monodepth_project\data\kitti\2011_09_26\2011_09_26_drive_0005_sync\velodyne_points\data\0000000104.bin,True,True,375,1242,121869,train,E:\monodepth_project\data\kitti\depth_maps\2011_09_26_2011_09_26_drive_0005_sync_104.npy
2011_09_26,2011_09_26_drive_0005_sync,105,E:\monodepth_project\data\kitti\2011_09_26\2011_09_26_drive_0005_sync\image_02\data\0000000105.png,E:\monodepth_project\data\kitti\2011_09_26\2011_09_26_drive_0005_sync\velodyne_points\data\0000000105.bin,True,True,375,1242,121519,train,E:\monodepth_project\data\kitti\depth_maps\2011_09_26_2011_09_26_drive_0005_sync_105.npy
2011_09_26,2011_09_26_drive_0005_sync,106,E:\monodepth_project\data\kitti\2011_09_26\2011_09_26_drive_0005_sync\image_02\data\0000000106.png,E:\monodepth_project\data\kitti\2011_09_26\2011_09_26_drive_0005_sync\velodyne_points\data\0000000106.bin,True,True,375,1242,121178,train,E:\monodepth_project\data\kitti\depth_maps\2011_09_26_2011_09_26_drive_0005_sync_106.npy
2011_09_26,2011_09_26_drive_0005_sync,107,E:\monodepth_project\data\kitti\2011_09_26\2011_09_26_drive_0005_sync\image_02\data\0000000107.png,E:\monodepth_project\data\kitti\2011_09_26\2011_09_26_drive_0005_sync\velodyne_points\data\0000000107.bin,True,True,375,1242,121173,train,E:\monodepth_project\data\kitti\depth_maps\2011_09_26_2011_09_26_drive_0005_sync_107.npy
2011_09_26,2011_09_26_drive_0005_sync,108,E:\monodepth_project\data\kitti\2011_09_26\2011_09_26_drive_0005_sync\image_02\data\0000000108.png,E:\monodepth_project\data\kitti\2011_09_26\2011_09_26_drive_0005_sync\velodyne_points\data\0000000108.bin,True,True,375,1242,121210,train,E:\monodepth_project\data\kitti\depth_maps\2011_09_26_2011_09_26_drive_0005_sync_108.npy
2011_09_26,2011_09_26_drive_0005_sync,109,E:\monodepth_project\data\kitti\2011_09_26\2011_09_26_drive_0005_sync\image_02\data\0000000109.png,E:\monodepth_project\data\kitti\2011_09_26\2011_09_26_drive_0005_sync\velodyne_points\data\0000000109.bin,True,True,375,1242,121026,train,E:\monodepth_project\data\kitti\depth_maps\2011_09_26_2011_09_26_drive_0005_sync_109.npy
2011_09_26,2011_09_26_drive_0005_sync,110,E:\monodepth_project\data\kitti\2011_09_26\2011_09_26_drive_0005_sync\image_02\data\0000000110.png,E:\monodepth_project\data\kitti\2011_09_26\2011_09_26_drive_0005_sync\velodyne_points\data\0000000110.bin,True,True,375,1242,120825,train,E:\monodepth_project\data\kitti\depth_maps\2011_09_26_2011_09_26_drive_0005_sync_110.npy
2011_09_26,2011_09_26_drive_0005_sync,111,E:\monodepth_project\data\kitti\2011_09_26\2011_09_26_drive_0005_sync\image_02\data\0000000111.png,E:\monodepth_project\data\kitti\2011_09_26\2011_09_26_drive_0005_sync\velodyne_points\data\0000000111.bin,True,True,375,1242,120989,train,E:\monodepth_project\data\kitti\depth_maps\2011_09_26_2011_09_26_drive_0005_sync_111.npy
2011_09_26,2011_09_26_drive_0005_sync,112,E:\monodepth_project\data\kitti\2011_09_26\2011_09_26_drive_0005_sync\image_02\data\0000000112.png,E:\monodepth_project\data\kitti\2011_09_26\2011_09_26_drive_0005_sync\velodyne_points\data\0000000112.bin,True,True,375,1242,121220,train,E:\monodepth_project\data\kitti\depth_maps\2011_09_26_2011_09_26_drive_0005_sync_112.npy
2011_09_26,2011_09_26_drive_0005_sync,113,E:\monodepth_project\data\kitti\2011_09_26\2011_09_26_drive_0005_sync\image_02\data\0000000113.png,E:\monodepth_project\data\kitti\2011_09_26\2011_09_26_drive_0005_sync\velodyne_points\data\0000000113.bin,True,True,375,1242,121283,train,E:\monodepth_project\data\kitti\depth_maps\2011_09_26_2011_09_26_drive_0005_sync_113.npy
2011_09_26,2011_09_26_drive_0005_sync,114,E:\monodepth_project\data\kitti\2011_09_26\2011_09_26_drive_0005_sync\image_02\data\0000000114.png,E:\monodepth_project\data\kitti\2011_09_26\2011_09_26_drive_0005_sync\velodyne_points\data\0000000114.bin,True,True,375,1242,121656,train,E:\monodepth_project\data\kitti\depth_maps\2011_09_26_2011_09_26_drive_0005_sync_114.npy
2011_09_26,2011_09_26_drive_0005_sync,115,E:\monodepth_project\data\kitti\2011_09_26\2011_09_26_drive_0005_sync\image_02\data\0000000115.png,E:\monodepth_project\data\kitti\2011_09_26\2011_09_26_drive_0005_sync\velodyne_points\data\0000000115.bin,True,True,375,1242,121649,train,E:\monodepth_project\data\kitti\depth_maps\2011_09_26_2011_09_26_drive_0005_sync_115.npy
2011_09_26,2011_09_26_drive_0005_sync,116,E:\monodepth_project\data\kitti\2011_09_26\2011_09_26_drive_0005_sync\image_02\data\0000000116.png,E:\monodepth_project\data\kitti\2011_09_26\2011_09_26_drive_0005_sync\velodyne_points\data\0000000116.bin,True,True,375,1242,121691,train,E:\monodepth_project\data\kitti\depth_maps\2011_09_26_2011_09_26_drive_0005_sync_116.npy
2011_09_26,2011_09_26_drive_0005_sync,117,E:\monodepth_project\data\kitti\2011_09_26\2011_09_26_drive_0005_sync\image_02\data\0000000117.png,E:\monodepth_project\data\kitti\2011_09_26\2011_09_26_drive_0005_sync\velodyne_points\data\0000000117.bin,True,True,375,1242,121723,train,E:\monodepth_project\data\kitti\depth_maps\2011_09_26_2011_09_26_drive_0005_sync_117.npy
2011_09_26,2011_09_26_drive_0005_sync,118,E:\monodepth_project\data\kitti\2011_09_26\2011_09_26_drive_0005_sync\image_02\data\0000000118.png,E:\monodepth_project\data\kitti\2011_09_26\2011_09_26_drive_0005_sync\velodyne_points\data\0000000118.bin,True,True,375,1242,121482,train,E:\monodepth_project\data\kitti\depth_maps\2011_09_26_2011_09_26_drive_0005_sync_118.npy
2011_09_26,2011_09_26_drive_0005_sync,119,E:\monodepth_project\data\kitti\2011_09_26\2011_09_26_drive_0005_sync\image_02\data\0000000119.png,E:\monodepth_project\data\kitti\2011_09_26\2011_09_26_drive_0005_sync\velodyne_points\data\0000000119.bin,True,True,375,1242,120943,train,E:\monodepth_project\data\kitti\depth_maps\2011_09_26_2011_09_26_drive_0005_sync_119.npy
2011_09_26,2011_09_26_drive_0005_sync,120,E:\monodepth_project\data\kitti\2011_09_26\2011_09_26_drive_0005_sync\image_02\data\0000000120.png,E:\monodepth_project\data\kitti\2011_09_26\2011_09_26_drive_0005_sync\velodyne_points\data\0000000120.bin,True,True,375,1242,120873,train,E:\monodepth_project\data\kitti\depth_maps\2011_09_26_2011_09_26_drive_0005_sync_120.npy
2011_09_26,2011_09_26_drive_0005_sync,121,E:\monodepth_project\data\kitti\2011_09_26\2011_09_26_drive_0005_sync\image_02\data\0000000121.png,E:\monodepth_project\data\kitti\2011_09_26\2011_09_26_drive_0005_sync\velodyne_points\data\0000000121.bin,True,True,375,1242,120271,train,E:\monodepth_project\data\kitti\depth_maps\2011_09_26_2011_09_26_drive_0005_sync_121.npy
2011_09_26,2011_09_26_drive_0005_sync,122,E:\monodepth_project\data\kitti\2011_09_26\2011_09_26_drive_0005_sync\image_02\data\0000000122.png,E:\monodepth_project\data\kitti\2011_09_26\2011_09_26_drive_0005_sync\velodyne_points\data\0000000122.bin,True,True,375,1242,120052,train,E:\monodepth_project\data\kitti\depth_maps\2011_09_26_2011_09_26_drive_0005_sync_122.npy
2011_09_26,2011_09_26_drive_0005_sync,123,E:\monodepth_project\data\kitti\2011_09_26\2011_09_26_drive_0005_sync\image_02\data\0000000123.png,E:\monodepth_project\data\kitti\2011_09_26\2011_09_26_drive_0005_sync\velodyne_points\data\0000000123.bin,True,True,375,1242,119588,train,E:\monodepth_project\data\kitti\depth_maps\2011_09_26_2011_09_26_drive_0005_sync_123.npy
2011_09_26,2011_09_26_drive_0005_sync,124,E:\monodepth_project\data\kitti\2011_09_26\2011_09_26_drive_0005_sync\image_02\data\0000000124.png,E:\monodepth_project\data\kitti\2011_09_26\2011_09_26_drive_0005_sync\velodyne_points\data\0000000124.bin,True,True,375,1242,118950,train,E:\monodepth_project\data\kitti\depth_maps\2011_09_26_2011_09_26_drive_0005_sync_124.npy
2011_09_26,2011_09_26_drive_0005_sync,125,E:\monodepth_project\data\kitti\2011_09_26\2011_09_26_drive_0005_sync\image_02\data\0000000125.png,E:\monodepth_project\data\kitti\2011_09_26\2011_09_26_drive_0005_sync\velodyne_points\data\0000000125.bin,True,True,375,1242,118572,train,E:\monodepth_project\data\kitti\depth_maps\2011_09_26_2011_09_26_drive_0005_sync_125.npy
2011_09_26,2011_09_26_drive_0005_sync,126,E:\monodepth_project\data\kitti\2011_09_26\2011_09_26_drive_0005_sync\image_02\data\0000000126.png,E:\monodepth_project\data\kitti\2011_09_26\2011_09_26_drive_0005_sync\velodyne_points\data\0000000126.bin,True,True,375,1242,118371,train,E:\monodepth_project\data\kitti\depth_maps\2011_09_26_2011_09_26_drive_0005_sync_126.npy
2011_09_26,2011_09_26_drive_0005_sync,127,E:\monodepth_project\data\kitti\2011_09_26\2011_09_26_drive_0005_sync\image_02\data\0000000127.png,E:\monodepth_project\data\kitti\2011_09_26\2011_09_26_drive_0005_sync\velodyne_points\data\0000000127.bin,True,True,375,1242,118451,train,E:\monodepth_project\data\kitti\depth_maps\2011_09_26_2011_09_26_drive_0005_sync_127.npy
2011_09_26,2011_09_26_drive_0005_sync,128,E:\monodepth_project\data\kitti\2011_09_26\2011_09_26_drive_0005_sync\image_02\data\0000000128.png,E:\monodepth_project\data\kitti\2011_09_26\2011_09_26_drive_0005_sync\velodyne_points\data\0000000128.bin,True,True,375,1242,118494,train,E:\monodepth_project\data\kitti\depth_maps\2011_09_26_2011_09_26_drive_0005_sync_128.npy
2011_09_26,2011_09_26_drive_0005_sync,129,E:\monodepth_project\data\kitti\2011_09_26\2011_09_26_drive_0005_sync\image_02\data\0000000129.png,E:\monodepth_project\data\kitti\2011_09_26\2011_09_26_drive_0005_sync\velodyne_points\data\0000000129.bin,True,True,375,1242,118765,train,E:\monodepth_project\data\kitti\depth_maps\2011_09_26_2011_09_26_drive_0005_sync_129.npy
2011_09_26,2011_09_26_drive_0005_sync,130,E:\monodepth_project\data\kitti\2011_09_26\2011_09_26_drive_0005_sync\image_02\data\0000000130.png,E:\monodepth_project\data\kitti\2011_09_26\2011_09_26_drive_0005_sync\velodyne_points\data\0000000130.bin,True,True,375,1242,118930,train,E:\monodepth_project\data\kitti\depth_maps\2011_09_26_2011_09_26_drive_0005_sync_130.npy
2011_09_26,2011_09_26_drive_0005_sync,131,E:\monodepth_project\data\kitti\2011_09_26\2011_09_26_drive_0005_sync\image_02\data\0000000131.png,E:\monodepth_project\data\kitti\2011_09_26\2011_09_26_drive_0005_sync\velodyne_points\data\0000000131.bin,True,True,375,1242,119092,train,E:\monodepth_project\data\kitti\depth_maps\2011_09_26_2011_09_26_drive_0005_sync_131.npy
2011_09_26,2011_09_26_drive_0005_sync,132,E:\monodepth_project\data\kitti\2011_09_26\2011_09_26_drive_0005_sync\image_02\data\0000000132.png,E:\monodepth_project\data\kitti\2011_09_26\2011_09_26_drive_0005_sync\velodyne_points\data\0000000132.bin,True,True,375,1242,119349,train,E:\monodepth_project\data\kitti\depth_maps\2011_09_26_2011_09_26_drive_0005_sync_132.npy
2011_09_26,2011_09_26_drive_0005_sync,133,E:\monodepth_project\data\kitti\2011_09_26\2011_09_26_drive_0005_sync\image_02\data\0000000133.png,E:\monodepth_project\data\kitti\2011_09_26\2011_09_26_drive_0005_sync\velodyne_points\data\0000000133.bin,True,True,375,1242,119602,train,E:\monodepth_project\data\kitti\depth_maps\2011_09_26_2011_09_26_drive_0005_sync_133.npy
2011_09_26,2011_09_26_drive_0005_sync,134,E:\monodepth_project\data\kitti\2011_09_26\2011_09_26_drive_0005_sync\image_02\data\0000000134.png,E:\monodepth_project\data\kitti\2011_09_26\2011_09_26_drive_0005_sync\velodyne_points\data\0000000134.bin,True,True,375,1242,119828,train,E:\monodepth_project\data\kitti\depth_maps\2011_09_26_2011_09_26_drive_0005_sync_134.npy
2011_09_26,2011_09_26_drive_0005_sync,135,E:\monodepth_project\data\kitti\2011_09_26\2011_09_26_drive_0005_sync\image_02\data\0000000135.png,E:\monodepth_project\data\kitti\2011_09_26\2011_09_26_drive_0005_sync\velodyne_points\data\0000000135.bin,True,True,375,1242,120049,train,E:\monodepth_project\data\kitti\depth_maps\2011_09_26_2011_09_26_drive_0005_sync_135.npy
2011_09_26,2011_09_26_drive_0005_sync,136,E:\monodepth_project\data\kitti\2011_09_26\2011_09_26_drive_0005_sync\image_02\data\0000000136.png,E:\monodepth_project\data\kitti\2011_09_26\2011_09_26_drive_0005_sync\velodyne_points\data\0000000136.bin,True,True,375,1242,120163,train,E:\monodepth_project\data\kitti\depth_maps\2011_09_26_2011_09_26_drive_0005_sync_136.npy
2011_09_26,2011_09_26_drive_0005_sync,137,E:\monodepth_project\data\kitti\2011_09_26\2011_09_26_drive_0005_sync\image_02\data\0000000137.png,E:\monodepth_project\data\kitti\2011_09_26\2011_09_26_drive_0005_sync\velodyne_points\data\0000000137.bin,True,True,375,1242,120212,train,E:\monodepth_project\data\kitti\depth_maps\2011_09_26_2011_09_26_drive_0005_sync_137.npy
2011_09_26,2011_09_26_drive_0005_sync,138,E:\monodepth_project\data\kitti\2011_09_26\2011_09_26_drive_0005_sync\image_02\data\0000000138.png,E:\monodepth_project\data\kitti\2011_09_26\2011_09_26_drive_0005_sync\velodyne_points\data\0000000138.bin,True,True,375,1242,120067,train,E:\monodepth_project\data\kitti\depth_maps\2011_09_26_2011_09_26_drive_0005_sync_138.npy
2011_09_26,2011_09_26_drive_0005_sync,139,E:\monodepth_project\data\kitti\2011_09_26\2011_09_26_drive_0005_sync\image_02\data\0000000139.png,E:\monodepth_project\data\kitti\2011_09_26\2011_09_26_drive_0005_sync\velodyne_points\data\0000000139.bin,True,True,375,1242,119597,train,E:\monodepth_project\data\kitti\depth_maps\2011_09_26_2011_09_26_drive_0005_sync_139.npy
2011_09_26,2011_09_26_drive_0005_sync,140,E:\monodepth_project\data\kitti\2011_09_26\2011_09_26_drive_0005_sync\image_02\data\0000000140.png,E:\monodepth_project\data\kitti\2011_09_26\2011_09_26_drive_0005_sync\velodyne_points\data\0000000140.bin,True,True,375,1242,119418,train,E:\monodepth_project\data\kitti\depth_maps\2011_09_26_2011_09_26_drive_0005_sync_140.npy
2011_09_26,2011_09_26_drive_0005_sync,141,E:\monodepth_project\data\kitti\2011_09_26\2011_09_26_drive_0005_sync\image_02\data\0000000141.png,E:\monodepth_project\data\kitti\2011_09_26\2011_09_26_drive_0005_sync\velodyne_points\data\0000000141.bin,True,True,375,1242,118846,train,E:\monodepth_project\data\kitti\depth_maps\2011_09_26_2011_09_26_drive_0005_sync_141.npy
2011_09_26,2011_09_26_drive_0005_sync,142,E:\monodepth_project\data\kitti\2011_09_26\2011_09_26_drive_0005_sync\image_02\data\0000000142.png,E:\monodepth_project\data\kitti\2011_09_26\2011_09_26_drive_0005_sync\velodyne_points\data\0000000142.bin,True,True,375,1242,118423,train,E:\monodepth_project\data\kitti\depth_maps\2011_09_26_2011_09_26_drive_0005_sync_142.npy
2011_09_26,2011_09_26_drive_0005_sync,143,E:\monodepth_project\data\kitti\2011_09_26\2011_09_26_drive_0005_sync\image_02\data\0000000143.png,E:\monodepth_project\data\kitti\2011_09_26\2011_09_26_drive_0005_sync\velodyne_points\data\0000000143.bin,True,True,375,1242,117841,train,E:\monodepth_project\data\kitti\depth_maps\2011_09_26_2011_09_26_drive_0005_sync_143.npy
2011_09_26,2011_09_26_drive_0005_sync,144,E:\monodepth_project\data\kitti\2011_09_26\2011_09_26_drive_0005_sync\image_02\data\0000000144.png,E:\monodepth_project\data\kitti\2011_09_26\2011_09_26_drive_0005_sync\velodyne_points\data\0000000144.bin,True,True,375,1242,117093,train,E:\monodepth_project\data\kitti\depth_maps\2011_09_26_2011_09_26_drive_0005_sync_144.npy
2011_09_26,2011_09_26_drive_0005_sync,145,E:\monodepth_project\data\kitti\2011_09_26\2011_09_26_drive_0005_sync\image_02\data\0000000145.png,E:\monodepth_project\data\kitti\2011_09_26\2011_09_26_drive_0005_sync\velodyne_points\data\0000000145.bin,True,True,375,1242,116104,train,E:\monodepth_project\data\kitti\depth_maps\2011_09_26_2011_09_26_drive_0005_sync_145.npy
2011_09_26,2011_09_26_drive_0005_sync,146,E:\monodepth_project\data\kitti\2011_09_26\2011_09_26_drive_0005_sync\image_02\data\0000000146.png,E:\monodepth_project\data\kitti\2011_09_26\2011_09_26_drive_0005_sync\velodyne_points\data\0000000146.bin,True,True,375,1242,115750,train,E:\monodepth_project\data\kitti\depth_maps\2011_09_26_2011_09_26_drive_0005_sync_146.npy
2011_09_26,2011_09_26_drive_0005_sync,147,E:\monodepth_project\data\kitti\2011_09_26\2011_09_26_drive_0005_sync\image_02\data\0000000147.png,E:\monodepth_project\data\kitti\2011_09_26\2011_09_26_drive_0005_sync\velodyne_points\data\0000000147.bin,True,True,375,1242,115623,train,E:\monodepth_project\data\kitti\depth_maps\2011_09_26_2011_09_26_drive_0005_sync_147.npy
2011_09_26,2011_09_26_drive_0005_sync,148,E:\monodepth_project\data\kitti\2011_09_26\2011_09_26_drive_0005_sync\image_02\data\0000000148.png,E:\monodepth_project\data\kitti\2011_09_26\2011_09_26_drive_0005_sync\velodyne_points\data\0000000148.bin,True,True,375,1242,115743,train,E:\monodepth_project\data\kitti\depth_maps\2011_09_26_2011_09_26_drive_0005_sync_148.npy
2011_09_26,2011_09_26_drive_0005_sync,149,E:\monodepth_project\data\kitti\2011_09_26\2011_09_26_drive_0005_sync\image_02\data\0000000149.png,E:\monodepth_project\data\kitti\2011_09_26\2011_09_26_drive_0005_sync\velodyne_points\data\0000000149.bin,True,True,375,1242,115839,train,E:\monodepth_project\data\kitti\depth_maps\2011_09_26_2011_09_26_drive_0005_sync_149.npy
2011_09_26,2011_09_26_drive_0005_sync,150,E:\monodepth_project\data\kitti\2011_09_26\2011_09_26_drive_0005_sync\image_02\data\0000000150.png,E:\monodepth_project\data\kitti\2011_09_26\2011_09_26_drive_0005_sync\velodyne_points\data\0000000150.bin,True,True,375,1242,115781,train,E:\monodepth_project\data\kitti\depth_maps\2011_09_26_2011_09_26_drive_0005_sync_150.npy
2011_09_26,2011_09_26_drive_0005_sync,151,E:\monodepth_project\data\kitti\2011_09_26\2011_09_26_drive_0005_sync\image_02\data\0000000151.png,E:\monodepth_project\data\kitti\2011_09_26\2011_09_26_drive_0005_sync\velodyne_points\data\0000000151.bin,True,True,375,1242,115777,train,E:\monodepth_project\data\kitti\depth_maps\2011_09_26_2011_09_26_drive_0005_sync_151.npy
2011_09_26,2011_09_26_drive_0005_sync,152,E:\monodepth_project\data\kitti\2011_09_26\2011_09_26_drive_0005_sync\image_02\data\0000000152.png,E:\monodepth_project\data\kitti\2011_09_26\2011_09_26_drive_0005_sync\velodyne_points\data\0000000152.bin,True,True,375,1242,115548,train,E:\monodepth_project\data\kitti\depth_maps\2011_09_26_2011_09_26_drive_0005_sync_152.npy
2011_09_26,2011_09_26_drive_0009_sync,0,E:\monodepth_project\data\kitti\2011_09_26\2011_09_26_drive_0009_sync\image_02\data\0000000000.png,E:\monodepth_project\data\kitti\2011_09_26\2011_09_26_drive_0009_sync\velodyne_points\data\0000000000.bin,True,True,375,1242,122320,train,E:\monodepth_project\data\kitti\depth_maps\2011_09_26_2011_09_26_drive_0009_sync_0.npy
2011_09_26,2011_09_26_drive_0009_sync,1,E:\monodepth_project\data\kitti\2011_09_26\2011_09_26_drive_0009_sync\image_02\data\0000000001.png,E:\monodepth_project\data\kitti\2011_09_26\2011_09_26_drive_0009_sync\velodyne_points\data\0000000001.bin,True,True,375,1242,120867,train,E:\monodepth_project\data\kitti\depth_maps\2011_09_26_2011_09_26_drive_0009_sync_1.npy
2011_09_26,2011_09_26_drive_0009_sync,2,E:\monodepth_project\data\kitti\2011_09_26\2011_09_26_drive_0009_sync\image_02\data\0000000002.png,E:\monodepth_project\data\kitti\2011_09_26\2011_09_26_drive_0009_sync\velodyne_points\data\0000000002.bin,True,True,375,1242,118963,train,E:\monodepth_project\data\kitti\depth_maps\2011_09_26_2011_09_26_drive_0009_sync_2.npy
2011_09_26,2011_09_26_drive_0009_sync,3,E:\monodepth_project\data\kitti\2011_09_26\2011_09_26_drive_0009_sync\image_02\data\0000000003.png,E:\monodepth_project\data\kitti\2011_09_26\2011_09_26_drive_0009_sync\velodyne_points\data\0000000003.bin,True,True,375,1242,116585,train,E:\monodepth_project\data\kitti\depth_maps\2011_09_26_2011_09_26_drive_0009_sync_3.npy
2011_09_26,2011_09_26_drive_0009_sync,4,E:\monodepth_project\data\kitti\2011_09_26\2011_09_26_drive_0009_sync\image_02\data\0000000004.png,E:\monodepth_project\data\kitti\2011_09_26\2011_09_26_drive_0009_sync\velodyne_points\data\0000000004.bin,True,True,375,1242,114801,train,E:\monodepth_project\data\kitti\depth_maps\2011_09_26_2011_09_26_drive_0009_sync_4.npy
2011_09_26,2011_09_26_drive_0009_sync,5,E:\monodepth_project\data\kitti\2011_09_26\2011_09_26_drive_0009_sync\image_02\data\0000000005.png,E:\monodepth_project\data\kitti\2011_09_26\2011_09_26_drive_0009_sync\velodyne_points\data\0000000005.bin,True,True,375,1242,112537,train,E:\monodepth_project\data\kitti\depth_maps\2011_09_26_2011_09_26_drive_0009_sync_5.npy
2011_09_26,2011_09_26_drive_0009_sync,6,E:\monodepth_project\data\kitti\2011_09_26\2011_09_26_drive_0009_sync\image_02\data\0000000006.png,E:\monodepth_project\data\kitti\2011_09_26\2011_09_26_drive_0009_sync\velodyne_points\data\0000000006.bin,True,True,375,1242,111501,train,E:\monodepth_project\data\kitti\depth_maps\2011_09_26_2011_09_26_drive_0009_sync_6.npy
2011_09_26,2011_09_26_drive_0009_sync,7,E:\monodepth_project\data\kitti\2011_09_26\2011_09_26_drive_0009_sync\image_02\data\0000000007.png,E:\monodepth_project\data\kitti\2011_09_26\2011_09_26_drive_0009_sync\velodyne_points\data\0000000007.bin,True,True,375,1242,111723,train,E:\monodepth_project\data\kitti\depth_maps\2011_09_26_2011_09_26_drive_0009_sync_7.npy
2011_09_26,2011_09_26_drive_0009_sync,8,E:\monodepth_project\data\kitti\2011_09_26\2011_09_26_drive_0009_sync\image_02\data\0000000008.png,E:\monodepth_project\data\kitti\2011_09_26\2011_09_26_drive_0009_sync\velodyne_points\data\0000000008.bin,True,True,375,1242,111442,train,E:\monodepth_project\data\kitti\depth_maps\2011_09_26_2011_09_26_drive_0009_sync_8.npy
2011_09_26,2011_09_26_drive_0009_sync,9,E:\monodepth_project\data\kitti\2011_09_26\2011_09_26_drive_0009_sync\image_02\data\0000000009.png,E:\monodepth_project\data\kitti\2011_09_26\2011_09_26_drive_0009_sync\velodyne_points\data\0000000009.bin,True,True,375,1242,112759,train,E:\monodepth_project\data\kitti\depth_maps\2011_09_26_2011_09_26_drive_0009_sync_9.npy
2011_09_26,2011_09_26_drive_0009_sync,10,E:\monodepth_project\data\kitti\2011_09_26\2011_09_26_drive_0009_sync\image_02\data\0000000010.png,E:\monodepth_project\data\kitti\2011_09_26\2011_09_26_drive_0009_sync\velodyne_points\data\0000000010.bin,True,True,375,1242,114295,train,E:\monodepth_project\data\kitti\depth_maps\2011_09_26_2011_09_26_drive_0009_sync_10.npy
2011_09_26,2011_09_26_drive_0009_sync,11,E:\monodepth_project\data\kitti\2011_09_26\2011_09_26_drive_0009_sync\image_02\data\0000000011.png,E:\monodepth_project\data\kitti\2011_09_26\2011_09_26_drive_0009_sync\velodyne_points\data\0000000011.bin,True,True,375,1242,116015,train,E:\monodepth_project\data\kitti\depth_maps\2011_09_26_2011_09_26_drive_0009_sync_11.npy
2011_09_26,2011_09_26_drive_0009_sync,12,E:\monodepth_project\data\kitti\2011_09_26\2011_09_26_drive_0009_sync\image_02\data\0000000012.png,E:\monodepth_project\data\kitti\2011_09_26\2011_09_26_drive_0009_sync\velodyne_points\data\0000000012.bin,True,True,375,1242,116914,train,E:\monodepth_project\data\kitti\depth_maps\2011_09_26_2011_09_26_drive_0009_sync_12.npy
2011_09_26,2011_09_26_drive_0009_sync,13,E:\monodepth_project\data\kitti\2011_09_26\2011_09_26_drive_0009_sync\image_02\data\0000000013.png,E:\monodepth_project\data\kitti\2011_09_26\2011_09_26_drive_0009_sync\velodyne_points\data\0000000013.bin,True,True,375,1242,116374,train,E:\monodepth_project\data\kitti\depth_maps\2011_09_26_2011_09_26_drive_0009_sync_13.npy
2011_09_26,2011_09_26_drive_0009_sync,14,E:\monodepth_project\data\kitti\2011_09_26\2011_09_26_drive_0009_sync\image_02\data\0000000014.png,E:\monodepth_project\data\kitti\2011_09_26\2011_09_26_drive_0009_sync\velodyne_points\data\0000000014.bin,True,True,375,1242,115910,train,E:\monodepth_project\data\kitti\depth_maps\2011_09_26_2011_09_26_drive_0009_sync_14.npy
2011_09_26,2011_09_26_drive_0009_sync,15,E:\monodepth_project\data\kitti\2011_09_26\2011_09_26_drive_0009_sync\image_02\data\0000000015.png,E:\monodepth_project\data\kitti\2011_09_26\2011_09_26_drive_0009_sync\velodyne_points\data\0000000015.bin,True,True,375,1242,115019,train,E:\monodepth_project\data\kitti\depth_maps\2011_09_26_2011_09_26_drive_0009_sync_15.npy
2011_09_26,2011_09_26_drive_0009_sync,16,E:\monodepth_project\data\kitti\2011_09_26\2011_09_26_drive_0009_sync\image_02\data\0000000016.png,E:\monodepth_project\data\kitti\2011_09_26\2011_09_26_drive_0009_sync\velodyne_points\data\0000000016.bin,True,True,375,1242,115175,train,E:\monodepth_project\data\kitti\depth_maps\2011_09_26_2011_09_26_drive_0009_sync_16.npy
2011_09_26,2011_09_26_drive_0009_sync,17,E:\monodepth_project\data\kitti\2011_09_26\2011_09_26_drive_0009_sync\image_02\data\0000000017.png,E:\monodepth_project\data\kitti\2011_09_26\2011_09_26_drive_0009_sync\velodyne_points\data\0000000017.bin,True,True,375,1242,116211,train,E:\monodepth_project\data\kitti\depth_maps\2011_09_26_2011_09_26_drive_0009_sync_17.npy
2011_09_26,2011_09_26_drive_0009_sync,18,E:\monodepth_project\data\kitti\2011_09_26\2011_09_26_drive_0009_sync\image_02\data\0000000018.png,E:\monodepth_project\data\kitti\2011_09_26\2011_09_26_drive_0009_sync\velodyne_points\data\0000000018.bin,True,True,375,1242,116352,train,E:\monodepth_project\data\kitti\depth_maps\2011_09_26_2011_09_26_drive_0009_sync_18.npy
2011_09_26,2011_09_26_drive_0009_sync,19,E:\monodepth_project\data\kitti\2011_09_26\2011_09_26_drive_0009_sync\image_02\data\0000000019.png,E:\monodepth_project\data\kitti\2011_09_26\2011_09_26_drive_0009_sync\velodyne_points\data\0000000019.bin,True,True,375,1242,115698,train,E:\monodepth_project\data\kitti\depth_maps\2011_09_26_2011_09_26_drive_0009_sync_19.npy
2011_09_26,2011_09_26_drive_0009_sync,20,E:\monodepth_project\data\kitti\2011_09_26\2011_09_26_drive_0009_sync\image_02\data\0000000020.png,E:\monodepth_project\data\kitti\2011_09_26\2011_09_26_drive_0009_sync\velodyne_points\data\0000000020.bin,True,True,375,1242,116176,train,E:\monodepth_project\data\kitti\depth_maps\2011_09_26_2011_09_26_drive_0009_sync_20.npy
2011_09_26,2011_09_26_drive_0009_sync,21,E:\monodepth_project\data\kitti\2011_09_26\2011_09_26_drive_0009_sync\image_02\data\0000000021.png,E:\monodepth_project\data\kitti\2011_09_26\2011_09_26_drive_0009_sync\velodyne_points\data\0000000021.bin,True,True,375,1242,118099,train,E:\monodepth_project\data\kitti\depth_maps\2011_09_26_2011_09_26_drive_0009_sync_21.npy
2011_09_26,2011_09_26_drive_0009_sync,22,E:\monodepth_project\data\kitti\2011_09_26\2011_09_26_drive_0009_sync\image_02\data\0000000022.png,E:\monodepth_project\data\kitti\2011_09_26\2011_09_26_drive_0009_sync\velodyne_points\data\0000000022.bin,True,True,375,1242,119800,train,E:\monodepth_project\data\kitti\depth_maps\2011_09_26_2011_09_26_drive_0009_sync_22.npy
2011_09_26,2011_09_26_drive_0009_sync,23,E:\monodepth_project\data\kitti\2011_09_26\2011_09_26_drive_0009_sync\image_02\data\0000000023.png,E:\monodepth_project\data\kitti\2011_09_26\2011_09_26_drive_0009_sync\velodyne_points\data\0000000023.bin,True,True,375,1242,120307,train,E:\monodepth_project\data\kitti\depth_maps\2011_09_26_2011_09_26_drive_0009_sync_23.npy
2011_09_26,2011_09_26_drive_0009_sync,24,E:\monodepth_project\data\kitti\2011_09_26\2011_09_26_drive_0009_sync\image_02\data\0000000024.png,E:\monodepth_project\data\kitti\2011_09_26\2011_09_26_drive_0009_sync\velodyne_points\data\0000000024.bin,True,True,375,1242,120308,train,E:\monodepth_project\data\kitti\depth_maps\2011_09_26_2011_09_26_drive_0009_sync_24.npy
2011_09_26,2011_09_26_drive_0009_sync,25,E:\monodepth_project\data\kitti\2011_09_26\2011_09_26_drive_0009_sync\image_02\data\0000000025.png,E:\monodepth_project\data\kitti\2011_09_26\2011_09_26_drive_0009_sync\velodyne_points\data\0000000025.bin,True,True,375,1242,120158,train,E:\monodepth_project\data\kitti\depth_maps\2011_09_26_2011_09_26_drive_0009_sync_25.npy
2011_09_26,2011_09_26_drive_0009_sync,26,E:\monodepth_project\data\kitti\2011_09_26\2011_09_26_drive_0009_sync\image_02\data\0000000026.png,E:\monodepth_project\data\kitti\2011_09_26\2011_09_26_drive_0009_sync\velodyne_points\data\0000000026.bin,True,True,375,1242,120062,train,E:\monodepth_project\data\kitti\depth_maps\2011_09_26_2011_09_26_drive_0009_sync_26.npy
2011_09_26,2011_09_26_drive_0009_sync,27,E:\monodepth_project\data\kitti\2011_09_26\2011_09_26_drive_0009_sync\image_02\data\0000000027.png,E:\monodepth_project\data\kitti\2011_09_26\2011_09_26_drive_0009_sync\velodyne_points\data\0000000027.bin,True,True,375,1242,120464,train,E:\monodepth_project\data\kitti\depth_maps\2011_09_26_2011_09_26_drive_0009_sync_27.npy
2011_09_26,2011_09_26_drive_0009_sync,28,E:\monodepth_project\data\kitti\2011_09_26\2011_09_26_drive_0009_sync\image_02\data\0000000028.png,E:\monodepth_project\data\kitti\2011_09_26\2011_09_26_drive_0009_sync\velodyne_points\data\0000000028.bin,True,True,375,1242,120386,train,E:\monodepth_project\data\kitti\depth_maps\2011_09_26_2011_09_26_drive_0009_sync_28.npy
2011_09_26,2011_09_26_drive_0009_sync,29,E:\monodepth_project\data\kitti\2011_09_26\2011_09_26_drive_0009_sync\image_02\data\0000000029.png,E:\monodepth_project\data\kitti\2011_09_26\2011_09_26_drive_0009_sync\velodyne_points\data\0000000029.bin,True,True,375,1242,120677,train,E:\monodepth_project\data\kitti\depth_maps\2011_09_26_2011_09_26_drive_0009_sync_29.npy
2011_09_26,2011_09_26_drive_0009_sync,30,E:\monodepth_project\data\kitti\2011_09_26\2011_09_26_drive_0009_sync\image_02\data\0000000030.png,E:\monodepth_project\data\kitti\2011_09_26\2011_09_26_drive_0009_sync\velodyne_points\data\0000000030.bin,True,True,375,1242,120636,train,E:\monodepth_project\data\kitti\depth_maps\2011_09_26_2011_09_26_drive_0009_sync_30.npy
2011_09_26,2011_09_26_drive_0009_sync,31,E:\monodepth_project\data\kitti\2011_09_26\2011_09_26_drive_0009_sync\image_02\data\0000000031.png,E:\monodepth_project\data\kitti\2011_09_26\2011_09_26_drive_0009_sync\velodyne_points\data\0000000031.bin,True,True,375,1242,120745,train,E:\monodepth_project\data\kitti\depth_maps\2011_09_26_2011_09_26_drive_0009_sync_31.npy
2011_09_26,2011_09_26_drive_0009_sync,32,E:\monodepth_project\data\kitti\2011_09_26\2011_09_26_drive_0009_sync\image_02\data\0000000032.png,E:\monodepth_project\data\kitti\2011_09_26\2011_09_26_drive_0009_sync\velodyne_points\data\0000000032.bin,True,True,375,1242,120660,train,E:\monodepth_project\data\kitti\depth_maps\2011_09_26_2011_09_26_drive_0009_sync_32.npy
2011_09_26,2011_09_26_drive_0009_sync,33,E:\monodepth_project\data\kitti\2011_09_26\2011_09_26_drive_0009_sync\image_02\data\0000000033.png,E:\monodepth_project\data\kitti\2011_09_26\2011_09_26_drive_0009_sync\velodyne_points\data\0000000033.bin,True,True,375,1242,120584,train,E:\monodepth_project\data\kitti\depth_maps\2011_09_26_2011_09_26_drive_0009_sync_33.npy
2011_09_26,2011_09_26_drive_0009_sync,34,E:\monodepth_project\data\kitti\2011_09_26\2011_09_26_drive_0009_sync\image_02\data\0000000034.png,E:\monodepth_project\data\kitti\2011_09_26\2011_09_26_drive_0009_sync\velodyne_points\data\0000000034.bin,True,True,375,1242,120708,train,E:\monodepth_project\data\kitti\depth_maps\2011_09_26_2011_09_26_drive_0009_sync_34.npy
2011_09_26,2011_09_26_drive_0009_sync,35,E:\monodepth_project\data\kitti\2011_09_26\2011_09_26_drive_0009_sync\image_02\data\0000000035.png,E:\monodepth_project\data\kitti\2011_09_26\2011_09_26_drive_0009_sync\velodyne_points\data\0000000035.bin,True,True,375,1242,120539,train,E:\monodepth_project\data\kitti\depth_maps\2011_09_26_2011_09_26_drive_0009_sync_35.npy
2011_09_26,2011_09_26_drive_0009_sync,36,E:\monodepth_project\data\kitti\2011_09_26\2011_09_26_drive_0009_sync\image_02\data\0000000036.png,E:\monodepth_project\data\kitti\2011_09_26\2011_09_26_drive_0009_sync\velodyne_points\data\0000000036.bin,True,True,375,1242,120428,train,E:\monodepth_project\data\kitti\depth_maps\2011_09_26_2011_09_26_drive_0009_sync_36.npy
2011_09_26,2011_09_26_drive_0009_sync,37,E:\monodepth_project\data\kitti\2011_09_26\2011_09_26_drive_0009_sync\image_02\data\0000000037.png,E:\monodepth_project\data\kitti\2011_09_26\2011_09_26_drive_0009_sync\velodyne_points\data\0000000037.bin,True,True,375,1242,120324,train,E:\monodepth_project\data\kitti\depth_maps\2011_09_26_2011_09_26_drive_0009_sync_37.npy
2011_09_26,2011_09_26_drive_0009_sync,38,E:\monodepth_project\data\kitti\2011_09_26\2011_09_26_drive_0009_sync\image_02\data\0000000038.png,E:\monodepth_project\data\kitti\2011_09_26\2011_09_26_drive_0009_sync\velodyne_points\data\0000000038.bin,True,True,375,1242,119837,train,E:\monodepth_project\data\kitti\depth_maps\2011_09_26_2011_09_26_drive_0009_sync_38.npy
2011_09_26,2011_09_26_drive_0009_sync,39,E:\monodepth_project\data\kitti\2011_09_26\2011_09_26_drive_0009_sync\image_02\data\0000000039.png,E:\monodepth_project\data\kitti\2011_09_26\2011_09_26_drive_0009_sync\velodyne_points\data\0000000039.bin,True,True,375,1242,119053,train,E:\monodepth_project\data\kitti\depth_maps\2011_09_26_2011_09_26_drive_0009_sync_39.npy
2011_09_26,2011_09_26_drive_0009_sync,40,E:\monodepth_project\data\kitti\2011_09_26\2011_09_26_drive_0009_sync\image_02\data\0000000040.png,E:\monodepth_project\data\kitti\2011_09_26\2011_09_26_drive_0009_sync\velodyne_points\data\0000000040.bin,True,True,375,1242,118757,train,E:\monodepth_project\data\kitti\depth_maps\2011_09_26_2011_09_26_drive_0009_sync_40.npy
2011_09_26,2011_09_26_drive_0009_sync,41,E:\monodepth_project\data\kitti\2011_09_26\2011_09_26_drive_0009_sync\image_02\data\0000000041.png,E:\monodepth_project\data\kitti\2011_09_26\2011_09_26_drive_0009_sync\velodyne_points\data\0000000041.bin,True,True,375,1242,118329,train,E:\monodepth_project\data\kitti\depth_maps\2011_09_26_2011_09_26_drive_0009_sync_41.npy
2011_09_26,2011_09_26_drive_0009_sync,42,E:\monodepth_project\data\kitti\2011_09_26\2011_09_26_drive_0009_sync\image_02\data\0000000042.png,E:\monodepth_project\data\kitti\2011_09_26\2011_09_26_drive_0009_sync\velodyne_points\data\0000000042.bin,True,True,375,1242,118026,train,E:\monodepth_project\data\kitti\depth_maps\2011_09_26_2011_09_26_drive_0009_sync_42.npy
2011_09_26,2011_09_26_drive_0009_sync,43,E:\monodepth_project\data\kitti\2011_09_26\2011_09_26_drive_0009_sync\image_02\data\0000000043.png,E:\monodepth_project\data\kitti\2011_09_26\2011_09_26_drive_0009_sync\velodyne_points\data\0000000043.bin,True,True,375,1242,116962,train,E:\monodepth_project\data\kitti\depth_maps\2011_09_26_2011_09_26_drive_0009_sync_43.npy
2011_09_26,2011_09_26_drive_0009_sync,44,E:\monodepth_project\data\kitti\2011_09_26\2011_09_26_drive_0009_sync\image_02\data\0000000044.png,E:\monodepth_project\data\kitti\2011_09_26\2011_09_26_drive_0009_sync\velodyne_points\data\0000000044.bin,True,True,375,1242,114908,train,E:\monodepth_project\data\kitti\depth_maps\2011_09_26_2011_09_26_drive_0009_sync_44.npy
2011_09_26,2011_09_26_drive_0009_sync,45,E:\monodepth_project\data\kitti\2011_09_26\2011_09_26_drive_0009_sync\image_02\data\0000000045.png,E:\monodepth_project\data\kitti\2011_09_26\2011_09_26_drive_0009_sync\velodyne_points\data\0000000045.bin,True,True,375,1242,114100,train,E:\monodepth_project\data\kitti\depth_maps\2011_09_26_2011_09_26_drive_0009_sync_45.npy
2011_09_26,2011_09_26_drive_0009_sync,46,E:\monodepth_project\data\kitti\2011_09_26\2011_09_26_drive_0009_sync\image_02\data\0000000046.png,E:\monodepth_project\data\kitti\2011_09_26\2011_09_26_drive_0009_sync\velodyne_points\data\0000000046.bin,True,True,375,1242,113730,train,E:\monodepth_project\data\kitti\depth_maps\2011_09_26_2011_09_26_drive_0009_sync_46.npy
2011_09_26,2011_09_26_drive_0009_sync,47,E:\monodepth_project\data\kitti\2011_09_26\2011_09_26_drive_0009_sync\image_02\data\0000000047.png,E:\monodepth_project\data\kitti\2011_09_26\2011_09_26_drive_0009_sync\velodyne_points\data\0000000047.bin,True,True,375,1242,112220,train,E:\monodepth_project\data\kitti\depth_maps\2011_09_26_2011_09_26_drive_0009_sync_47.npy
2011_09_26,2011_09_26_drive_0009_sync,48,E:\monodepth_project\data\kitti\2011_09_26\2011_09_26_drive_0009_sync\image_02\data\0000000048.png,E:\monodepth_project\data\kitti\2011_09_26\2011_09_26_drive_0009_sync\velodyne_points\data\0000000048.bin,True,True,375,1242,113918,train,E:\monodepth_project\data\kitti\depth_maps\2011_09_26_2011_09_26_drive_0009_sync_48.npy
2011_09_26,2011_09_26_drive_0009_sync,49,E:\monodepth_project\data\kitti\2011_09_26\2011_09_26_drive_0009_sync\image_02\data\0000000049.png,E:\monodepth_project\data\kitti\2011_09_26\2011_09_26_drive_0009_sync\velodyne_points\data\0000000049.bin,True,True,375,1242,114796,train,E:\monodepth_project\data\kitti\depth_maps\2011_09_26_2011_09_26_drive_0009_sync_49.npy
2011_09_26,2011_09_26_drive_0009_sync,50,E:\monodepth_project\data\kitti\2011_09_26\2011_09_26_drive_0009_sync\image_02\data\0000000050.png,E:\monodepth_project\data\kitti\2011_09_26\2011_09_26_drive_0009_sync\velodyne_points\data\0000000050.bin,True,True,375,1242,115410,train,E:\monodepth_project\data\kitti\depth_maps\2011_09_26_2011_09_26_drive_0009_sync_50.npy
2011_09_26,2011_09_26_drive_0009_sync,51,E:\monodepth_project\data\kitti\2011_09_26\2011_09_26_drive_0009_sync\image_02\data\0000000051.png,E:\monodepth_project\data\kitti\2011_09_26\2011_09_26_drive_0009_sync\velodyne_points\data\0000000051.bin,True,True,375,1242,115027,train,E:\monodepth_project\data\kitti\depth_maps\2011_09_26_2011_09_26_drive_0009_sync_51.npy
2011_09_26,2011_09_26_drive_0009_sync,52,E:\monodepth_project\data\kitti\2011_09_26\2011_09_26_drive_0009_sync\image_02\data\0000000052.png,E:\monodepth_project\data\kitti\2011_09_26\2011_09_26_drive_0009_sync\velodyne_points\data\0000000052.bin,True,True,375,1242,114886,train,E:\monodepth_project\data\kitti\depth_maps\2011_09_26_2011_09_26_drive_0009_sync_52.npy
2011_09_26,2011_09_26_drive_0009_sync,53,E:\monodepth_project\data\kitti\2011_09_26\2011_09_26_drive_0009_sync\image_02\data\0000000053.png,E:\monodepth_project\data\kitti\2011_09_26\2011_09_26_drive_0009_sync\velodyne_points\data\0000000053.bin,True,True,375,1242,114646,train,E:\monodepth_project\data\kitti\depth_maps\2011_09_26_2011_09_26_drive_0009_sync_53.npy
2011_09_26,2011_09_26_drive_0009_sync,54,E:\monodepth_project\data\kitti\2011_09_26\2011_09_26_drive_0009_sync\image_02\data\0000000054.png,E:\monodepth_project\data\kitti\2011_09_26\2011_09_26_drive_0009_sync\velodyne_points\data\0000000054.bin,True,True,375,1242,114356,train,E:\monodepth_project\data\kitti\depth_maps\2011_09_26_2011_09_26_drive_0009_sync_54.npy
2011_09_26,2011_09_26_drive_0009_sync,55,E:\monodepth_project\data\kitti\2011_09_26\2011_09_26_drive_0009_sync\image_02\data\0000000055.png,E:\monodepth_project\data\kitti\2011_09_26\2011_09_26_drive_0009_sync\velodyne_points\data\0000000055.bin,True,True,375,1242,114503,train,E:\monodepth_project\data\kitti\depth_maps\2011_09_26_2011_09_26_drive_0009_sync_55.npy
2011_09_26,2011_09_26_drive_0009_sync,56,E:\monodepth_project\data\kitti\2011_09_26\2011_09_26_drive_0009_sync\image_02\data\0000000056.png,E:\monodepth_project\data\kitti\2011_09_26\2011_09_26_drive_0009_sync\velodyne_points\data\0000000056.bin,True,True,375,1242,114901,train,E:\monodepth_project\data\kitti\depth_maps\2011_09_26_2011_09_26_drive_0009_sync_56.npy
2011_09_26,2011_09_26_drive_0009_sync,57,E:\monodepth_project\data\kitti\2011_09_26\2011_09_26_drive_0009_sync\image_02\data\0000000057.png,E:\monodepth_project\data\kitti\2011_09_26\2011_09_26_drive_0009_sync\velodyne_points\data\0000000057.bin,True,True,375,1242,114575,train,E:\monodepth_project\data\kitti\depth_maps\2011_09_26_2011_09_26_drive_0009_sync_57.npy
2011_09_26,2011_09_26_drive_0009_sync,58,E:\monodepth_project\data\kitti\2011_09_26\2011_09_26_drive_0009_sync\image_02\data\0000000058.png,E:\monodepth_project\data\kitti\2011_09_26\2011_09_26_drive_0009_sync\velodyne_points\data\0000000058.bin,True,True,375,1242,114514,train,E:\monodepth_project\data\kitti\depth_maps\2011_09_26_2011_09_26_drive_0009_sync_58.npy
2011_09_26,2011_09_26_drive_0009_sync,59,E:\monodepth_project\data\kitti\2011_09_26\2011_09_26_drive_0009_sync\image_02\data\0000000059.png,E:\monodepth_project\data\kitti\2011_09_26\2011_09_26_drive_0009_sync\velodyne_points\data\0000000059.bin,True,True,375,1242,114598,train,E:\monodepth_project\data\kitti\depth_maps\2011_09_26_2011_09_26_drive_0009_sync_59.npy
2011_09_26,2011_09_26_drive_0009_sync,60,E:\monodepth_project\data\kitti\2011_09_26\2011_09_26_drive_0009_sync\image_02\data\0000000060.png,E:\monodepth_project\data\kitti\2011_09_26\2011_09_26_drive_0009_sync\velodyne_points\data\0000000060.bin,True,True,375,1242,114627,train,E:\monodepth_project\data\kitti\depth_maps\2011_09_26_2011_09_26_drive_0009_sync_60.npy
2011_09_26,2011_09_26_drive_0009_sync,61,E:\monodepth_project\data\kitti\2011_09_26\2011_09_26_drive_0009_sync\image_02\data\0000000061.png,E:\monodepth_project\data\kitti\2011_09_26\2011_09_26_drive_0009_sync\velodyne_points\data\0000000061.bin,True,True,375,1242,115272,train,E:\monodepth_project\data\kitti\depth_maps\2011_09_26_2011_09_26_drive_0009_sync_61.npy
2011_09_26,2011_09_26_drive_0009_sync,62,E:\monodepth_project\data\kitti\2011_09_26\2011_09_26_drive_0009_sync\image_02\data\0000000062.png,E:\monodepth_project\data\kitti\2011_09_26\2011_09_26_drive_0009_sync\velodyne_points\data\0000000062.bin,True,True,375,1242,115827,train,E:\monodepth_project\data\kitti\depth_maps\2011_09_26_2011_09_26_drive_0009_sync_62.npy
2011_09_26,2011_09_26_drive_0009_sync,63,E:\monodepth_project\data\kitti\2011_09_26\2011_09_26_drive_0009_sync\image_02\data\0000000063.png,E:\monodepth_project\data\kitti\2011_09_26\2011_09_26_drive_0009_sync\velodyne_points\data\0000000063.bin,True,True,375,1242,116186,train,E:\monodepth_project\data\kitti\depth_maps\2011_09_26_2011_09_26_drive_0009_sync_63.npy
2011_09_26,2011_09_26_drive_0009_sync,64,E:\monodepth_project\data\kitti\2011_09_26\2011_09_26_drive_0009_sync\image_02\data\0000000064.png,E:\monodepth_project\data\kitti\2011_09_26\2011_09_26_drive_0009_sync\velodyne_points\data\0000000064.bin,True,True,375,1242,116033,train,E:\monodepth_project\data\kitti\depth_maps\2011_09_26_2011_09_26_drive_0009_sync_64.npy
2011_09_26,2011_09_26_drive_0009_sync,65,E:\monodepth_project\data\kitti\2011_09_26\2011_09_26_drive_0009_sync\image_02\data\0000000065.png,E:\monodepth_project\data\kitti\2011_09_26\2011_09_26_drive_0009_sync\velodyne_points\data\0000000065.bin,True,True,375,1242,116725,train,E:\monodepth_project\data\kitti\depth_maps\2011_09_26_2011_09_26_drive_0009_sync_65.npy
2011_09_26,2011_09_26_drive_0009_sync,66,E:\monodepth_project\data\kitti\2011_09_26\2011_09_26_drive_0009_sync\image_02\data\0000000066.png,E:\monodepth_project\data\kitti\2011_09_26\2011_09_26_drive_0009_sync\velodyne_points\data\0000000066.bin,True,True,375,1242,116695,train,E:\monodepth_project\data\kitti\depth_maps\2011_09_26_2011_09_26_drive_0009_sync_66.npy
2011_09_26,2011_09_26_drive_0009_sync,67,E:\monodepth_project\data\kitti\2011_09_26\2011_09_26_drive_0009_sync\image_02\data\0000000067.png,E:\monodepth_project\data\kitti\2011_09_26\2011_09_26_drive_0009_sync\velodyne_points\data\0000000067.bin,True,True,375,1242,116823,train,E:\monodepth_project\data\kitti\depth_maps\2011_09_26_2011_09_26_drive_0009_sync_67.npy
2011_09_26,2011_09_26_drive_0009_sync,68,E:\monodepth_project\data\kitti\2011_09_26\2011_09_26_drive_0009_sync\image_02\data\0000000068.png,E:\monodepth_project\data\kitti\2011_09_26\2011_09_26_drive_0009_sync\velodyne_points\data\0000000068.bin,True,True,375,1242,116595,train,E:\monodepth_project\data\kitti\depth_maps\2011_09_26_2011_09_26_drive_0009_sync_68.npy
2011_09_26,2011_09_26_drive_0009_sync,69,E:\monodepth_project\data\kitti\2011_09_26\2011_09_26_drive_0009_sync\image_02\data\0000000069.png,E:\monodepth_project\data\kitti\2011_09_26\2011_09_26_drive_0009_sync\velodyne_points\data\0000000069.bin,True,True,375,1242,116134,train,E:\monodepth_project\data\kitti\depth_maps\2011_09_26_2011_09_26_drive_0009_sync_69.npy
2011_09_26,2011_09_26_drive_0009_sync,70,E:\monodepth_project\data\kitti\2011_09_26\2011_09_26_drive_0009_sync\image_02\data\0000000070.png,E:\monodepth_project\data\kitti\2011_09_26\2011_09_26_drive_0009_sync\velodyne_points\data\0000000070.bin,True,True,375,1242,116888,train,E:\monodepth_project\data\kitti\depth_maps\2011_09_26_2011_09_26_drive_0009_sync_70.npy
2011_09_26,2011_09_26_drive_0009_sync,71,E:\monodepth_project\data\kitti\2011_09_26\2011_09_26_drive_0009_sync\image_02\data\0000000071.png,E:\monodepth_project\data\kitti\2011_09_26\2011_09_26_drive_0009_sync\velodyne_points\data\0000000071.bin,True,True,375,1242,117040,train,E:\monodepth_project\data\kitti\depth_maps\2011_09_26_2011_09_26_drive_0009_sync_71.npy
2011_09_26,2011_09_26_drive_0009_sync,72,E:\monodepth_project\data\kitti\2011_09_26\2011_09_26_drive_0009_sync\image_02\data\0000000072.png,E:\monodepth_project\data\kitti\2011_09_26\2011_09_26_drive_0009_sync\velodyne_points\data\0000000072.bin,True,True,375,1242,117095,train,E:\monodepth_project\data\kitti\depth_maps\2011_09_26_2011_09_26_drive_0009_sync_72.npy
2011_09_26,2011_09_26_drive_0009_sync,73,E:\monodepth_project\data\kitti\2011_09_26\2011_09_26_drive_0009_sync\image_02\data\0000000073.png,E:\monodepth_project\data\kitti\2011_09_26\2011_09_26_drive_0009_sync\velodyne_points\data\0000000073.bin,True,True,375,1242,117188,train,E:\monodepth_project\data\kitti\depth_maps\2011_09_26_2011_09_26_drive_0009_sync_73.npy
2011_09_26,2011_09_26_drive_0009_sync,74,E:\monodepth_project\data\kitti\2011_09_26\2011_09_26_drive_0009_sync\image_02\data\0000000074.png,E:\monodepth_project\data\kitti\2011_09_26\2011_09_26_drive_0009_sync\velodyne_points\data\0000000074.bin,True,True,375,1242,116922,train,E:\monodepth_project\data\kitti\depth_maps\2011_09_26_2011_09_26_drive_0009_sync_74.npy
2011_09_26,2011_09_26_drive_0009_sync,75,E:\monodepth_project\data\kitti\2011_09_26\2011_09_26_drive_0009_sync\image_02\data\0000000075.png,E:\monodepth_project\data\kitti\2011_09_26\2011_09_26_drive_0009_sync\velodyne_points\data\0000000075.bin,True,True,375,1242,116951,train,E:\monodepth_project\data\kitti\depth_maps\2011_09_26_2011_09_26_drive_0009_sync_75.npy
2011_09_26,2011_09_26_drive_0009_sync,76,E:\monodepth_project\data\kitti\2011_09_26\2011_09_26_drive_0009_sync\image_02\data\0000000076.png,E:\monodepth_project\data\kitti\2011_09_26\2011_09_26_drive_0009_sync\velodyne_points\data\0000000076.bin,True,True,375,1242,117487,train,E:\monodepth_project\data\kitti\depth_maps\2011_09_26_2011_09_26_drive_0009_sync_76.npy
2011_09_26,2011_09_26_drive_0009_sync,77,E:\monodepth_project\data\kitti\2011_09_26\2011_09_26_drive_0009_sync\image_02\data\0000000077.png,E:\monodepth_project\data\kitti\2011_09_26\2011_09_26_drive_0009_sync\velodyne_points\data\0000000077.bin,True,True,375,1242,117666,train,E:\monodepth_project\data\kitti\depth_maps\2011_09_26_2011_09_26_drive_0009_sync_77.npy
2011_09_26,2011_09_26_drive_0009_sync,78,E:\monodepth_project\data\kitti\2011_09_26\2011_09_26_drive_0009_sync\image_02\data\0000000078.png,E:\monodepth_project\data\kitti\2011_09_26\2011_09_26_drive_0009_sync\velodyne_points\data\0000000078.bin,True,True,375,1242,117630,train,E:\monodepth_project\data\kitti\depth_maps\2011_09_26_2011_09_26_drive_0009_sync_78.npy
2011_09_26,2011_09_26_drive_0009_sync,79,E:\monodepth_project\data\kitti\2011_09_26\2011_09_26_drive_0009_sync\image_02\data\0000000079.png,E:\monodepth_project\data\kitti\2011_09_26\2011_09_26_drive_0009_sync\velodyne_points\data\0000000079.bin,True,True,375,1242,117590,train,E:\monodepth_project\data\kitti\depth_maps\2011_09_26_2011_09_26_drive_0009_sync_79.npy
2011_09_26,2011_09_26_drive_0009_sync,80,E:\monodepth_project\data\kitti\2011_09_26\2011_09_26_drive_0009_sync\image_02\data\0000000080.png,E:\monodepth_project\data\kitti\2011_09_26\2011_09_26_drive_0009_sync\velodyne_points\data\0000000080.bin,True,True,375,1242,117301,train,E:\monodepth_project\data\kitti\depth_maps\2011_09_26_2011_09_26_drive_0009_sync_80.npy
2011_09_26,2011_09_26_drive_0009_sync,81,E:\monodepth_project\data\kitti\2011_09_26\2011_09_26_drive_0009_sync\image_02\data\0000000081.png,E:\monodepth_project\data\kitti\2011_09_26\2011_09_26_drive_0009_sync\velodyne_points\data\0000000081.bin,True,True,375,1242,117312,train,E:\monodepth_project\data\kitti\depth_maps\2011_09_26_2011_09_26_drive_0009_sync_81.npy
2011_09_26,2011_09_26_drive_0009_sync,82,E:\monodepth_project\data\kitti\2011_09_26\2011_09_26_drive_0009_sync\image_02\data\0000000082.png,E:\monodepth_project\data\kitti\2011_09_26\2011_09_26_drive_0009_sync\velodyne_points\data\0000000082.bin,True,True,375,1242,117101,train,E:\monodepth_project\data\kitti\depth_maps\2011_09_26_2011_09_26_drive_0009_sync_82.npy
2011_09_26,2011_09_26_drive_0009_sync,83,E:\monodepth_project\data\kitti\2011_09_26\2011_09_26_drive_0009_sync\image_02\data\0000000083.png,E:\monodepth_project\data\kitti\2011_09_26\2011_09_26_drive_0009_sync\velodyne_points\data\0000000083.bin,True,True,375,1242,116560,train,E:\monodepth_project\data\kitti\depth_maps\2011_09_26_2011_09_26_drive_0009_sync_83.npy
2011_09_26,2011_09_26_drive_0009_sync,84,E:\monodepth_project\data\kitti\2011_09_26\2011_09_26_drive_0009_sync\image_02\data\0000000084.png,E:\monodepth_project\data\kitti\2011_09_26\2011_09_26_drive_0009_sync\velodyne_points\data\0000000084.bin,True,True,375,1242,116418,train,E:\monodepth_project\data\kitti\depth_maps\2011_09_26_2011_09_26_drive_0009_sync_84.npy
2011_09_26,2011_09_26_drive_0009_sync,85,E:\monodepth_project\data\kitti\2011_09_26\2011_09_26_drive_0009_sync\image_02\data\0000000085.png,E:\monodepth_project\data\kitti\2011_09_26\2011_09_26_drive_0009_sync\velodyne_points\data\0000000085.bin,True,True,375,1242,115266,train,E:\monodepth_project\data\kitti\depth_maps\2011_09_26_2011_09_26_drive_0009_sync_85.npy
2011_09_26,2011_09_26_drive_0009_sync,86,E:\monodepth_project\data\kitti\2011_09_26\2011_09_26_drive_0009_sync\image_02\data\0000000086.png,E:\monodepth_project\data\kitti\2011_09_26\2011_09_26_drive_0009_sync\velodyne_points\data\0000000086.bin,True,True,375,1242,113853,train,E:\monodepth_project\data\kitti\depth_maps\2011_09_26_2011_09_26_drive_0009_sync_86.npy
2011_09_26,2011_09_26_drive_0009_sync,87,E:\monodepth_project\data\kitti\2011_09_26\2011_09_26_drive_0009_sync\image_02\data\0000000087.png,E:\monodepth_project\data\kitti\2011_09_26\2011_09_26_drive_0009_sync\velodyne_points\data\0000000087.bin,True,True,375,1242,111993,train,E:\monodepth_project\data\kitti\depth_maps\2011_09_26_2011_09_26_drive_0009_sync_87.npy
2011_09_26,2011_09_26_drive_0009_sync,88,E:\monodepth_project\data\kitti\2011_09_26\2011_09_26_drive_0009_sync\image_02\data\0000000088.png,E:\monodepth_project\data\kitti\2011_09_26\2011_09_26_drive_0009_sync\velodyne_points\data\0000000088.bin,True,True,375,1242,111756,train,E:\monodepth_project\data\kitti\depth_maps\2011_09_26_2011_09_26_drive_0009_sync_88.npy
2011_09_26,2011_09_26_drive_0009_sync,89,E:\monodepth_project\data\kitti\2011_09_26\2011_09_26_drive_0009_sync\image_02\data\0000000089.png,E:\monodepth_project\data\kitti\2011_09_26\2011_09_26_drive_0009_sync\velodyne_points\data\0000000089.bin,True,True,375,1242,112039,train,E:\monodepth_project\data\kitti\depth_maps\2011_09_26_2011_09_26_drive_0009_sync_89.npy
2011_09_26,2011_09_26_drive_0009_sync,90,E:\monodepth_project\data\kitti\2011_09_26\2011_09_26_drive_0009_sync\image_02\data\0000000090.png,E:\monodepth_project\data\kitti\2011_09_26\2011_09_26_drive_0009_sync\velodyne_points\data\0000000090.bin,True,True,375,1242,112494,train,E:\monodepth_project\data\kitti\depth_maps\2011_09_26_2011_09_26_drive_0009_sync_90.npy
2011_09_26,2011_09_26_drive_0009_sync,91,E:\monodepth_project\data\kitti\2011_09_26\2011_09_26_drive_0009_sync\image_02\data\0000000091.png,E:\monodepth_project\data\kitti\2011_09_26\2011_09_26_drive_0009_sync\velodyne_points\data\0000000091.bin,True,True,375,1242,114671,train,E:\monodepth_project\data\kitti\depth_maps\2011_09_26_2011_09_26_drive_0009_sync_91.npy
2011_09_26,2011_09_26_drive_0009_sync,92,E:\monodepth_project\data\kitti\2011_09_26\2011_09_26_drive_0009_sync\image_02\data\0000000092.png,E:\monodepth_project\data\kitti\2011_09_26\2011_09_26_drive_0009_sync\velodyne_points\data\0000000092.bin,True,True,375,1242,115769,train,E:\monodepth_project\data\kitti\depth_maps\2011_09_26_2011_09_26_drive_0009_sync_92.npy
2011_09_26,2011_09_26_drive_0009_sync,93,E:\monodepth_project\data\kitti\2011_09_26\2011_09_26_drive_0009_sync\image_02\data\0000000093.png,E:\monodepth_project\data\kitti\2011_09_26\2011_09_26_drive_0009_sync\velodyne_points\data\0000000093.bin,True,True,375,1242,116359,train,E:\monodepth_project\data\kitti\depth_maps\2011_09_26_2011_09_26_drive_0009_sync_93.npy
2011_09_26,2011_09_26_drive_0009_sync,94,E:\monodepth_project\data\kitti\2011_09_26\2011_09_26_drive_0009_sync\image_02\data\0000000094.png,E:\monodepth_project\data\kitti\2011_09_26\2011_09_26_drive_0009_sync\velodyne_points\data\0000000094.bin,True,True,375,1242,116337,train,E:\monodepth_project\data\kitti\depth_maps\2011_09_26_2011_09_26_drive_0009_sync_94.npy
2011_09_26,2011_09_26_drive_0009_sync,95,E:\monodepth_project\data\kitti\2011_09_26\2011_09_26_drive_0009_sync\image_02\data\0000000095.png,E:\monodepth_project\data\kitti\2011_09_26\2011_09_26_drive_0009_sync\velodyne_points\data\0000000095.bin,True,True,375,1242,116302,train,E:\monodepth_project\data\kitti\depth_maps\2011_09_26_2011_09_26_drive_0009_sync_95.npy
2011_09_26,2011_09_26_drive_0009_sync,96,E:\monodepth_project\data\kitti\2011_09_26\2011_09_26_drive_0009_sync\image_02\data\0000000096.png,E:\monodepth_project\data\kitti\2011_09_26\2011_09_26_drive_0009_sync\velodyne_points\data\0000000096.bin,True,True,375,1242,116419,train,E:\monodepth_project\data\kitti\depth_maps\2011_09_26_2011_09_26_drive_0009_sync_96.npy
2011_09_26,2011_09_26_drive_0009_sync,97,E:\monodepth_project\data\kitti\2011_09_26\2011_09_26_drive_0009_sync\image_02\data\0000000097.png,E:\monodepth_project\data\kitti\2011_09_26\2011_09_26_drive_0009_sync\velodyne_points\data\0000000097.bin,True,True,375,1242,116543,train,E:\monodepth_project\data\kitti\depth_maps\2011_09_26_2011_09_26_drive_0009_sync_97.npy
2011_09_26,2011_09_26_drive_0009_sync,98,E:\monodepth_project\data\kitti\2011_09_26\2011_09_26_drive_0009_sync\image_02\data\0000000098.png,E:\monodepth_project\data\kitti\2011_09_26\2011_09_26_drive_0009_sync\velodyne_points\data\0000000098.bin,True,True,375,1242,116567,train,E:\monodepth_project\data\kitti\depth_maps\2011_09_26_2011_09_26_drive_0009_sync_98.npy
2011_09_26,2011_09_26_drive_0009_sync,99,E:\monodepth_project\data\kitti\2011_09_26\2011_09_26_drive_0009_sync\image_02\data\0000000099.png,E:\monodepth_project\data\kitti\2011_09_26\2011_09_26_drive_0009_sync\velodyne_points\data\0000000099.bin,True,True,375,1242,116437,train,E:\monodepth_project\data\kitti\depth_maps\2011_09_26_2011_09_26_drive_0009_sync_99.npy
2011_09_26,2011_09_26_drive_0009_sync,100,E:\monodepth_project\data\kitti\2011_09_26\2011_09_26_drive_0009_sync\image_02\data\0000000100.png,E:\monodepth_project\data\kitti\2011_09_26\2011_09_26_drive_0009_sync\velodyne_points\data\0000000100.bin,True,True,375,1242,115964,train,E:\monodepth_project\data\kitti\depth_maps\2011_09_26_2011_09_26_drive_0009_sync_100.npy
2011_09_26,2011_09_26_drive_0009_sync,101,E:\monodepth_project\data\kitti\2011_09_26\2011_09_26_drive_0009_sync\image_02\data\0000000101.png,E:\monodepth_project\data\kitti\2011_09_26\2011_09_26_drive_0009_sync\velodyne_points\data\0000000101.bin,True,True,375,1242,115411,train,E:\monodepth_project\data\kitti\depth_maps\2011_09_26_2011_09_26_drive_0009_sync_101.npy
2011_09_26,2011_09_26_drive_0009_sync,102,E:\monodepth_project\data\kitti\2011_09_26\2011_09_26_drive_0009_sync\image_02\data\0000000102.png,E:\monodepth_project\data\kitti\2011_09_26\2011_09_26_drive_0009_sync\velodyne_points\data\0000000102.bin,True,True,375,1242,116068,train,E:\monodepth_project\data\kitti\depth_maps\2011_09_26_2011_09_26_drive_0009_sync_102.npy
2011_09_26,2011_09_26_drive_0009_sync,103,E:\monodepth_project\data\kitti\2011_09_26\2011_09_26_drive_0009_sync\image_02\data\0000000103.png,E:\monodepth_project\data\kitti\2011_09_26\2011_09_26_drive_0009_sync\velodyne_points\data\0000000103.bin,True,True,375,1242,116044,train,E:\monodepth_project\data\kitti\depth_maps\2011_09_26_2011_09_26_drive_0009_sync_103.npy
2011_09_26,2011_09_26_drive_0009_sync,104,E:\monodepth_project\data\kitti\2011_09_26\2011_09_26_drive_0009_sync\image_02\data\0000000104.png,E:\monodepth_project\data\kitti\2011_09_26\2011_09_26_drive_0009_sync\velodyne_points\data\0000000104.bin,True,True,375,1242,115795,train,E:\monodepth_project\data\kitti\depth_maps\2011_09_26_2011_09_26_drive_0009_sync_104.npy
2011_09_26,2011_09_26_drive_0009_sync,105,E:\monodepth_project\data\kitti\2011_09_26\2011_09_26_drive_0009_sync\image_02\data\0000000105.png,E:\monodepth_project\data\kitti\2011_09_26\2011_09_26_drive_0009_sync\velodyne_points\data\0000000105.bin,True,True,375,1242,115180,train,E:\monodepth_project\data\kitti\depth_maps\2011_09_26_2011_09_26_drive_0009_sync_105.npy
2011_09_26,2011_09_26_drive_0009_sync,106,E:\monodepth_project\data\kitti\2011_09_26\2011_09_26_drive_0009_sync\image_02\data\0000000106.png,E:\monodepth_project\data\kitti\2011_09_26\2011_09_26_drive_0009_sync\velodyne_points\data\0000000106.bin,True,True,375,1242,115090,train,E:\monodepth_project\data\kitti\depth_maps\2011_09_26_2011_09_26_drive_0009_sync_106.npy
2011_09_26,2011_09_26_drive_0009_sync,107,E:\monodepth_project\data\kitti\2011_09_26\2011_09_26_drive_0009_sync\image_02\data\0000000107.png,E:\monodepth_project\data\kitti\2011_09_26\2011_09_26_drive_0009_sync\velodyne_points\data\0000000107.bin,True,True,375,1242,115135,train,E:\monodepth_project\data\kitti\depth_maps\2011_09_26_2011_09_26_drive_0009_sync_107.npy
2011_09_26,2011_09_26_drive_0009_sync,108,E:\monodepth_project\data\kitti\2011_09_26\2011_09_26_drive_0009_sync\image_02\data\0000000108.png,E:\monodepth_project\data\kitti\2011_09_26\2011_09_26_drive_0009_sync\velodyne_points\data\0000000108.bin,True,True,375,1242,114844,train,E:\monodepth_project\data\kitti\depth_maps\2011_09_26_2011_09_26_drive_0009_sync_108.npy
2011_09_26,2011_09_26_drive_0009_sync,109,E:\monodepth_project\data\kitti\2011_09_26\2011_09_26_drive_0009_sync\image_02\data\0000000109.png,E:\monodepth_project\data\kitti\2011_09_26\2011_09_26_drive_0009_sync\velodyne_points\data\0000000109.bin,True,True,375,1242,114635,train,E:\monodepth_project\data\kitti\depth_maps\2011_09_26_2011_09_26_drive_0009_sync_109.npy
2011_09_26,2011_09_26_drive_0009_sync,110,E:\monodepth_project\data\kitti\2011_09_26\2011_09_26_drive_0009_sync\image_02\data\0000000110.png,E:\monodepth_project\data\kitti\2011_09_26\2011_09_26_drive_0009_sync\velodyne_points\data\0000000110.bin,True,True,375,1242,114347,train,E:\monodepth_project\data\kitti\depth_maps\2011_09_26_2011_09_26_drive_0009_sync_110.npy
2011_09_26,2011_09_26_drive_0009_sync,111,E:\monodepth_project\data\kitti\2011_09_26\2011_09_26_drive_0009_sync\image_02\data\0000000111.png,E:\monodepth_project\data\kitti\2011_09_26\2011_09_26_drive_0009_sync\velodyne_points\data\0000000111.bin,True,True,375,1242,113728,train,E:\monodepth_project\data\kitti\depth_maps\2011_09_26_2011_09_26_drive_0009_sync_111.npy
2011_09_26,2011_09_26_drive_0009_sync,112,E:\monodepth_project\data\kitti\2011_09_26\2011_09_26_drive_0009_sync\image_02\data\0000000112.png,E:\monodepth_project\data\kitti\2011_09_26\2011_09_26_drive_0009_sync\velodyne_points\data\0000000112.bin,True,True,375,1242,113000,train,E:\monodepth_project\data\kitti\depth_maps\2011_09_26_2011_09_26_drive_0009_sync_112.npy
2011_09_26,2011_09_26_drive_0009_sync,113,E:\monodepth_project\data\kitti\2011_09_26\2011_09_26_drive_0009_sync\image_02\data\0000000113.png,E:\monodepth_project\data\kitti\2011_09_26\2011_09_26_drive_0009_sync\velodyne_points\data\0000000113.bin,True,True,375,1242,112058,train,E:\monodepth_project\data\kitti\depth_maps\2011_09_26_2011_09_26_drive_0009_sync_113.npy
2011_09_26,2011_09_26_drive_0009_sync,114,E:\monodepth_project\data\kitti\2011_09_26\2011_09_26_drive_0009_sync\image_02\data\0000000114.png,E:\monodepth_project\data\kitti\2011_09_26\2011_09_26_drive_0009_sync\velodyne_points\data\0000000114.bin,True,True,375,1242,110050,train,E:\monodepth_project\data\kitti\depth_maps\2011_09_26_2011_09_26_drive_0009_sync_114.npy
2011_09_26,2011_09_26_drive_0009_sync,115,E:\monodepth_project\data\kitti\2011_09_26\2011_09_26_drive_0009_sync\image_02\data\0000000115.png,E:\monodepth_project\data\kitti\2011_09_26\2011_09_26_drive_0009_sync\velodyne_points\data\0000000115.bin,True,True,375,1242,108255,train,E:\monodepth_project\data\kitti\depth_maps\2011_09_26_2011_09_26_drive_0009_sync_115.npy
2011_09_26,2011_09_26_drive_0009_sync,116,E:\monodepth_project\data\kitti\2011_09_26\2011_09_26_drive_0009_sync\image_02\data\0000000116.png,E:\monodepth_project\data\kitti\2011_09_26\2011_09_26_drive_0009_sync\velodyne_points\data\0000000116.bin,True,True,375,1242,106559,train,E:\monodepth_project\data\kitti\depth_maps\2011_09_26_2011_09_26_drive_0009_sync_116.npy
2011_09_26,2011_09_26_drive_0009_sync,117,E:\monodepth_project\data\kitti\2011_09_26\2011_09_26_drive_0009_sync\image_02\data\0000000117.png,E:\monodepth_project\data\kitti\2011_09_26\2011_09_26_drive_0009_sync\velodyne_points\data\0000000117.bin,True,True,375,1242,104587,train,E:\monodepth_project\data\kitti\depth_maps\2011_09_26_2011_09_26_drive_0009_sync_117.npy
2011_09_26,2011_09_26_drive_0009_sync,118,E:\monodepth_project\data\kitti\2011_09_26\2011_09_26_drive_0009_sync\image_02\data\0000000118.png,E:\monodepth_project\data\kitti\2011_09_26\2011_09_26_drive_0009_sync\velodyne_points\data\0000000118.bin,True,True,375,1242,103831,train,E:\monodepth_project\data\kitti\depth_maps\2011_09_26_2011_09_26_drive_0009_sync_118.npy
2011_09_26,2011_09_26_drive_0009_sync,119,E:\monodepth_project\data\kitti\2011_09_26\2011_09_26_drive_0009_sync\image_02\data\0000000119.png,E:\monodepth_project\data\kitti\2011_09_26\2011_09_26_drive_0009_sync\velodyne_points\data\0000000119.bin,True,True,375,1242,103490,train,E:\monodepth_project\data\kitti\depth_maps\2011_09_26_2011_09_26_drive_0009_sync_119.npy
2011_09_26,2011_09_26_drive_0009_sync,120,E:\monodepth_project\data\kitti\2011_09_26\2011_09_26_drive_0009_sync\image_02\data\0000000120.png,E:\monodepth_project\data\kitti\2011_09_26\2011_09_26_drive_0009_sync\velodyne_points\data\0000000120.bin,True,True,375,1242,101873,train,E:\monodepth_project\data\kitti\depth_maps\2011_09_26_2011_09_26_drive_0009_sync_120.npy
2011_09_26,2011_09_26_drive_0009_sync,121,E:\monodepth_project\data\kitti\2011_09_26\2011_09_26_drive_0009_sync\image_02\data\0000000121.png,E:\monodepth_project\data\kitti\2011_09_26\2011_09_26_drive_0009_sync\velodyne_points\data\0000000121.bin,True,True,375,1242,101737,train,E:\monodepth_project\data\kitti\depth_maps\2011_09_26_2011_09_26_drive_0009_sync_121.npy
2011_09_26,2011_09_26_drive_0009_sync,122,E:\monodepth_project\data\kitti\2011_09_26\2011_09_26_drive_0009_sync\image_02\data\0000000122.png,E:\monodepth_project\data\kitti\2011_09_26\2011_09_26_drive_0009_sync\velodyne_points\data\0000000122.bin,True,True,375,1242,102873,train,E:\monodepth_project\data\kitti\depth_maps\2011_09_26_2011_09_26_drive_0009_sync_122.npy
2011_09_26,2011_09_26_drive_0009_sync,123,E:\monodepth_project\data\kitti\2011_09_26\2011_09_26_drive_0009_sync\image_02\data\0000000123.png,E:\monodepth_project\data\kitti\2011_09_26\2011_09_26_drive_0009_sync\velodyne_points\data\0000000123.bin,True,True,375,1242,103670,train,E:\monodepth_project\data\kitti\depth_maps\2011_09_26_2011_09_26_drive_0009_sync_123.npy
2011_09_26,2011_09_26_drive_0009_sync,124,E:\monodepth_project\data\kitti\2011_09_26\2011_09_26_drive_0009_sync\image_02\data\0000000124.png,E:\monodepth_project\data\kitti\2011_09_26\2011_09_26_drive_0009_sync\velodyne_points\data\0000000124.bin,True,True,375,1242,105149,train,E:\monodepth_project\data\kitti\depth_maps\2011_09_26_2011_09_26_drive_0009_sync_124.npy
2011_09_26,2011_09_26_drive_0009_sync,125,E:\monodepth_project\data\kitti\2011_09_26\2011_09_26_drive_0009_sync\image_02\data\0000000125.png,E:\monodepth_project\data\kitti\2011_09_26\2011_09_26_drive_0009_sync\velodyne_points\data\0000000125.bin,True,True,375,1242,106328,train,E:\monodepth_project\data\kitti\depth_maps\2011_09_26_2011_09_26_drive_0009_sync_125.npy
2011_09_26,2011_09_26_drive_0009_sync,126,E:\monodepth_project\data\kitti\2011_09_26\2011_09_26_drive_0009_sync\image_02\data\0000000126.png,E:\monodepth_project\data\kitti\2011_09_26\2011_09_26_drive_0009_sync\velodyne_points\data\0000000126.bin,True,True,375,1242,107987,train,E:\monodepth_project\data\kitti\depth_maps\2011_09_26_2011_09_26_drive_0009_sync_126.npy
2011_09_26,2011_09_26_drive_0009_sync,127,E:\monodepth_project\data\kitti\2011_09_26\2011_09_26_drive_0009_sync\image_02\data\0000000127.png,E:\monodepth_project\data\kitti\2011_09_26\2011_09_26_drive_0009_sync\velodyne_points\data\0000000127.bin,True,True,375,1242,109941,train,E:\monodepth_project\data\kitti\depth_maps\2011_09_26_2011_09_26_drive_0009_sync_127.npy
2011_09_26,2011_09_26_drive_0009_sync,128,E:\monodepth_project\data\kitti\2011_09_26\2011_09_26_drive_0009_sync\image_02\data\0000000128.png,E:\monodepth_project\data\kitti\2011_09_26\2011_09_26_drive_0009_sync\velodyne_points\data\0000000128.bin,True,True,375,1242,110956,train,E:\monodepth_project\data\kitti\depth_maps\2011_09_26_2011_09_26_drive_0009_sync_128.npy
2011_09_26,2011_09_26_drive_0009_sync,129,E:\monodepth_project\data\kitti\2011_09_26\2011_09_26_drive_0009_sync\image_02\data\0000000129.png,E:\monodepth_project\data\kitti\2011_09_26\2011_09_26_drive_0009_sync\velodyne_points\data\0000000129.bin,True,True,375,1242,111897,train,E:\monodepth_project\data\kitti\depth_maps\2011_09_26_2011_09_26_drive_0009_sync_129.npy
2011_09_26,2011_09_26_drive_0009_sync,130,E:\monodepth_project\data\kitti\2011_09_26\2011_09_26_drive_0009_sync\image_02\data\0000000130.png,E:\monodepth_project\data\kitti\2011_09_26\2011_09_26_drive_0009_sync\velodyne_points\data\0000000130.bin,True,True,375,1242,111785,train,E:\monodepth_project\data\kitti\depth_maps\2011_09_26_2011_09_26_drive_0009_sync_130.npy
2011_09_26,2011_09_26_drive_0009_sync,131,E:\monodepth_project\data\kitti\2011_09_26\2011_09_26_drive_0009_sync\image_02\data\0000000131.png,E:\monodepth_project\data\kitti\2011_09_26\2011_09_26_drive_0009_sync\velodyne_points\data\0000000131.bin,True,True,375,1242,111207,train,E:\monodepth_project\data\kitti\depth_maps\2011_09_26_2011_09_26_drive_0009_sync_131.npy
2011_09_26,2011_09_26_drive_0009_sync,132,E:\monodepth_project\data\kitti\2011_09_26\2011_09_26_drive_0009_sync\image_02\data\0000000132.png,E:\monodepth_project\data\kitti\2011_09_26\2011_09_26_drive_0009_sync\velodyne_points\data\0000000132.bin,True,True,375,1242,110899,train,E:\monodepth_project\data\kitti\depth_maps\2011_09_26_2011_09_26_drive_0009_sync_132.npy
2011_09_26,2011_09_26_drive_0009_sync,133,E:\monodepth_project\data\kitti\2011_09_26\2011_09_26_drive_0009_sync\image_02\data\0000000133.png,E:\monodepth_project\data\kitti\2011_09_26\2011_09_26_drive_0009_sync\velodyne_points\data\0000000133.bin,True,True,375,1242,110810,train,E:\monodepth_project\data\kitti\depth_maps\2011_09_26_2011_09_26_drive_0009_sync_133.npy
2011_09_26,2011_09_26_drive_0009_sync,134,E:\monodepth_project\data\kitti\2011_09_26\2011_09_26_drive_0009_sync\image_02\data\0000000134.png,E:\monodepth_project\data\kitti\2011_09_26\2011_09_26_drive_0009_sync\velodyne_points\data\0000000134.bin,True,True,375,1242,110469,train,E:\monodepth_project\data\kitti\depth_maps\2011_09_26_2011_09_26_drive_0009_sync_134.npy
2011_09_26,2011_09_26_drive_0009_sync,135,E:\monodepth_project\data\kitti\2011_09_26\2011_09_26_drive_0009_sync\image_02\data\0000000135.png,E:\monodepth_project\data\kitti\2011_09_26\2011_09_26_drive_0009_sync\velodyne_points\data\0000000135.bin,True,True,375,1242,108786,train,E:\monodepth_project\data\kitti\depth_maps\2011_09_26_2011_09_26_drive_0009_sync_135.npy
2011_09_26,2011_09_26_drive_0009_sync,136,E:\monodepth_project\data\kitti\2011_09_26\2011_09_26_drive_0009_sync\image_02\data\0000000136.png,E:\monodepth_project\data\kitti\2011_09_26\2011_09_26_drive_0009_sync\velodyne_points\data\0000000136.bin,True,True,375,1242,108445,train,E:\monodepth_project\data\kitti\depth_maps\2011_09_26_2011_09_26_drive_0009_sync_136.npy
2011_09_26,2011_09_26_drive_0009_sync,137,E:\monodepth_project\data\kitti\2011_09_26\2011_09_26_drive_0009_sync\image_02\data\0000000137.png,E:\monodepth_project\data\kitti\2011_09_26\2011_09_26_drive_0009_sync\velodyne_points\data\0000000137.bin,True,True,375,1242,108049,train,E:\monodepth_project\data\kitti\depth_maps\2011_09_26_2011_09_26_drive_0009_sync_137.npy
2011_09_26,2011_09_26_drive_0009_sync,138,E:\monodepth_project\data\kitti\2011_09_26\2011_09_26_drive_0009_sync\image_02\data\0000000138.png,E:\monodepth_project\data\kitti\2011_09_26\2011_09_26_drive_0009_sync\velodyne_points\data\0000000138.bin,True,True,375,1242,107719,train,E:\monodepth_project\data\kitti\depth_maps\2011_09_26_2011_09_26_drive_0009_sync_138.npy
2011_09_26,2011_09_26_drive_0009_sync,139,E:\monodepth_project\data\kitti\2011_09_26\2011_09_26_drive_0009_sync\image_02\data\0000000139.png,E:\monodepth_project\data\kitti\2011_09_26\2011_09_26_drive_0009_sync\velodyne_points\data\0000000139.bin,True,True,375,1242,108014,train,E:\monodepth_project\data\kitti\depth_maps\2011_09_26_2011_09_26_drive_0009_sync_139.npy
2011_09_26,2011_09_26_drive_0009_sync,140,E:\monodepth_project\data\kitti\2011_09_26\2011_09_26_drive_0009_sync\image_02\data\0000000140.png,E:\monodepth_project\data\kitti\2011_09_26\2011_09_26_drive_0009_sync\velodyne_points\data\0000000140.bin,True,True,375,1242,108008,train,E:\monodepth_project\data\kitti\depth_maps\2011_09_26_2011_09_26_drive_0009_sync_140.npy
2011_09_26,2011_09_26_drive_0009_sync,141,E:\monodepth_project\data\kitti\2011_09_26\2011_09_26_drive_0009_sync\image_02\data\0000000141.png,E:\monodepth_project\data\kitti\2011_09_26\2011_09_26_drive_0009_sync\velodyne_points\data\0000000141.bin,True,True,375,1242,108674,train,E:\monodepth_project\data\kitti\depth_maps\2011_09_26_2011_09_26_drive_0009_sync_141.npy
2011_09_26,2011_09_26_drive_0009_sync,142,E:\monodepth_project\data\kitti\2011_09_26\2011_09_26_drive_0009_sync\image_02\data\0000000142.png,E:\monodepth_project\data\kitti\2011_09_26\2011_09_26_drive_0009_sync\velodyne_points\data\0000000142.bin,True,True,375,1242,110548,train,E:\monodepth_project\data\kitti\depth_maps\2011_09_26_2011_09_26_drive_0009_sync_142.npy
2011_09_26,2011_09_26_drive_0009_sync,143,E:\monodepth_project\data\kitti\2011_09_26\2011_09_26_drive_0009_sync\image_02\data\0000000143.png,E:\monodepth_project\data\kitti\2011_09_26\2011_09_26_drive_0009_sync\velodyne_points\data\0000000143.bin,True,True,375,1242,112077,train,E:\monodepth_project\data\kitti\depth_maps\2011_09_26_2011_09_26_drive_0009_sync_143.npy
2011_09_26,2011_09_26_drive_0009_sync,144,E:\monodepth_project\data\kitti\2011_09_26\2011_09_26_drive_0009_sync\image_02\data\0000000144.png,E:\monodepth_project\data\kitti\2011_09_26\2011_09_26_drive_0009_sync\velodyne_points\data\0000000144.bin,True,True,375,1242,112808,train,E:\monodepth_project\data\kitti\depth_maps\2011_09_26_2011_09_26_drive_0009_sync_144.npy
2011_09_26,2011_09_26_drive_0009_sync,145,E:\monodepth_project\data\kitti\2011_09_26\2011_09_26_drive_0009_sync\image_02\data\0000000145.png,E:\monodepth_project\data\kitti\2011_09_26\2011_09_26_drive_0009_sync\velodyne_points\data\0000000145.bin,True,True,375,1242,112783,train,E:\monodepth_project\data\kitti\depth_maps\2011_09_26_2011_09_26_drive_0009_sync_145.npy
2011_09_26,2011_09_26_drive_0009_sync,146,E:\monodepth_project\data\kitti\2011_09_26\2011_09_26_drive_0009_sync\image_02\data\0000000146.png,E:\monodepth_project\data\kitti\2011_09_26\2011_09_26_drive_0009_sync\velodyne_points\data\0000000146.bin,True,True,375,1242,112768,train,E:\monodepth_project\data\kitti\depth_maps\2011_09_26_2011_09_26_drive_0009_sync_146.npy
2011_09_26,2011_09_26_drive_0009_sync,147,E:\monodepth_project\data\kitti\2011_09_26\2011_09_26_drive_0009_sync\image_02\data\0000000147.png,E:\monodepth_project\data\kitti\2011_09_26\2011_09_26_drive_0009_sync\velodyne_points\data\0000000147.bin,True,True,375,1242,112067,train,E:\monodepth_project\data\kitti\depth_maps\2011_09_26_2011_09_26_drive_0009_sync_147.npy
2011_09_26,2011_09_26_drive_0009_sync,148,E:\monodepth_project\data\kitti\2011_09_26\2011_09_26_drive_0009_sync\image_02\data\0000000148.png,E:\monodepth_project\data\kitti\2011_09_26\2011_09_26_drive_0009_sync\velodyne_points\data\0000000148.bin,True,True,375,1242,110848,train,E:\monodepth_project\data\kitti\depth_maps\2011_09_26_2011_09_26_drive_0009_sync_148.npy
2011_09_26,2011_09_26_drive_0009_sync,149,E:\monodepth_project\data\kitti\2011_09_26\2011_09_26_drive_0009_sync\image_02\data\0000000149.png,E:\monodepth_project\data\kitti\2011_09_26\2011_09_26_drive_0009_sync\velodyne_points\data\0000000149.bin,True,True,375,1242,110243,train,E:\monodepth_project\data\kitti\depth_maps\2011_09_26_2011_09_26_drive_0009_sync_149.npy
2011_09_26,2011_09_26_drive_0009_sync,150,E:\monodepth_project\data\kitti\2011_09_26\2011_09_26_drive_0009_sync\image_02\data\0000000150.png,E:\monodepth_project\data\kitti\2011_09_26\2011_09_26_drive_0009_sync\velodyne_points\data\0000000150.bin,True,True,375,1242,110887,train,E:\monodepth_project\data\kitti\depth_maps\2011_09_26_2011_09_26_drive_0009_sync_150.npy
2011_09_26,2011_09_26_drive_0009_sync,151,E:\monodepth_project\data\kitti\2011_09_26\2011_09_26_drive_0009_sync\image_02\data\0000000151.png,E:\monodepth_project\data\kitti\2011_09_26\2011_09_26_drive_0009_sync\velodyne_points\data\0000000151.bin,True,True,375,1242,110946,train,E:\monodepth_project\data\kitti\depth_maps\2011_09_26_2011_09_26_drive_0009_sync_151.npy
2011_09_26,2011_09_26_drive_0009_sync,152,E:\monodepth_project\data\kitti\2011_09_26\2011_09_26_drive_0009_sync\image_02\data\0000000152.png,E:\monodepth_project\data\kitti\2011_09_26\2011_09_26_drive_0009_sync\velodyne_points\data\0000000152.bin,True,True,375,1242,111629,train,E:\monodepth_project\data\kitti\depth_maps\2011_09_26_2011_09_26_drive_0009_sync_152.npy
2011_09_26,2011_09_26_drive_0009_sync,153,E:\monodepth_project\data\kitti\2011_09_26\2011_09_26_drive_0009_sync\image_02\data\0000000153.png,E:\monodepth_project\data\kitti\2011_09_26\2011_09_26_drive_0009_sync\velodyne_points\data\0000000153.bin,True,True,375,1242,112063,train,E:\monodepth_project\data\kitti\depth_maps\2011_09_26_2011_09_26_drive_0009_sync_153.npy
2011_09_26,2011_09_26_drive_0009_sync,154,E:\monodepth_project\data\kitti\2011_09_26\2011_09_26_drive_0009_sync\image_02\data\0000000154.png,E:\monodepth_project\data\kitti\2011_09_26\2011_09_26_drive_0009_sync\velodyne_points\data\0000000154.bin,True,True,375,1242,111417,train,E:\monodepth_project\data\kitti\depth_maps\2011_09_26_2011_09_26_drive_0009_sync_154.npy
2011_09_26,2011_09_26_drive_0009_sync,155,E:\monodepth_project\data\kitti\2011_09_26\2011_09_26_drive_0009_sync\image_02\data\0000000155.png,E:\monodepth_project\data\kitti\2011_09_26\2011_09_26_drive_0009_sync\velodyne_points\data\0000000155.bin,True,True,375,1242,110817,train,E:\monodepth_project\data\kitti\depth_maps\2011_09_26_2011_09_26_drive_0009_sync_155.npy
2011_09_26,2011_09_26_drive_0009_sync,156,E:\monodepth_project\data\kitti\2011_09_26\2011_09_26_drive_0009_sync\image_02\data\0000000156.png,E:\monodepth_project\data\kitti\2011_09_26\2011_09_26_drive_0009_sync\velodyne_points\data\0000000156.bin,True,True,375,1242,110722,train,E:\monodepth_project\data\kitti\depth_maps\2011_09_26_2011_09_26_drive_0009_sync_156.npy
2011_09_26,2011_09_26_drive_0009_sync,157,E:\monodepth_project\data\kitti\2011_09_26\2011_09_26_drive_0009_sync\image_02\data\0000000157.png,E:\monodepth_project\data\kitti\2011_09_26\2011_09_26_drive_0009_sync\velodyne_points\data\0000000157.bin,True,True,375,1242,110721,train,E:\monodepth_project\data\kitti\depth_maps\2011_09_26_2011_09_26_drive_0009_sync_157.npy
2011_09_26,2011_09_26_drive_0009_sync,158,E:\monodepth_project\data\kitti\2011_09_26\2011_09_26_drive_0009_sync\image_02\data\0000000158.png,E:\monodepth_project\data\kitti\2011_09_26\2011_09_26_drive_0009_sync\velodyne_points\data\0000000158.bin,True,True,375,1242,111223,train,E:\monodepth_project\data\kitti\depth_maps\2011_09_26_2011_09_26_drive_0009_sync_158.npy
2011_09_26,2011_09_26_drive_0009_sync,159,E:\monodepth_project\data\kitti\2011_09_26\2011_09_26_drive_0009_sync\image_02\data\0000000159.png,E:\monodepth_project\data\kitti\2011_09_26\2011_09_26_drive_0009_sync\velodyne_points\data\0000000159.bin,True,True,375,1242,111281,train,E:\monodepth_project\data\kitti\depth_maps\2011_09_26_2011_09_26_drive_0009_sync_159.npy
2011_09_26,2011_09_26_drive_0009_sync,160,E:\monodepth_project\data\kitti\2011_09_26\2011_09_26_drive_0009_sync\image_02\data\0000000160.png,E:\monodepth_project\data\kitti\2011_09_26\2011_09_26_drive_0009_sync\velodyne_points\data\0000000160.bin,True,True,375,1242,111525,train,E:\monodepth_project\data\kitti\depth_maps\2011_09_26_2011_09_26_drive_0009_sync_160.npy
2011_09_26,2011_09_26_drive_0009_sync,161,E:\monodepth_project\data\kitti\2011_09_26\2011_09_26_drive_0009_sync\image_02\data\0000000161.png,E:\monodepth_project\data\kitti\2011_09_26\2011_09_26_drive_0009_sync\velodyne_points\data\0000000161.bin,True,True,375,1242,112485,train,E:\monodepth_project\data\kitti\depth_maps\2011_09_26_2011_09_26_drive_0009_sync_161.npy
2011_09_26,2011_09_26_drive_0009_sync,162,E:\monodepth_project\data\kitti\2011_09_26\2011_09_26_drive_0009_sync\image_02\data\0000000162.png,E:\monodepth_project\data\kitti\2011_09_26\2011_09_26_drive_0009_sync\velodyne_points\data\0000000162.bin,True,True,375,1242,113083,train,E:\monodepth_project\data\kitti\depth_maps\2011_09_26_2011_09_26_drive_0009_sync_162.npy
2011_09_26,2011_09_26_drive_0009_sync,163,E:\monodepth_project\data\kitti\2011_09_26\2011_09_26_drive_0009_sync\image_02\data\0000000163.png,E:\monodepth_project\data\kitti\2011_09_26\2011_09_26_drive_0009_sync\velodyne_points\data\0000000163.bin,True,True,375,1242,113380,train,E:\monodepth_project\data\kitti\depth_maps\2011_09_26_2011_09_26_drive_0009_sync_163.npy
2011_09_26,2011_09_26_drive_0009_sync,164,E:\monodepth_project\data\kitti\2011_09_26\2011_09_26_drive_0009_sync\image_02\data\0000000164.png,E:\monodepth_project\data\kitti\2011_09_26\2011_09_26_drive_0009_sync\velodyne_points\data\0000000164.bin,True,True,375,1242,113229,train,E:\monodepth_project\data\kitti\depth_maps\2011_09_26_2011_09_26_drive_0009_sync_164.npy
2011_09_26,2011_09_26_drive_0009_sync,165,E:\monodepth_project\data\kitti\2011_09_26\2011_09_26_drive_0009_sync\image_02\data\0000000165.png,E:\monodepth_project\data\kitti\2011_09_26\2011_09_26_drive_0009_sync\velodyne_points\data\0000000165.bin,True,True,375,1242,113998,train,E:\monodepth_project\data\kitti\depth_maps\2011_09_26_2011_09_26_drive_0009_sync_165.npy
2011_09_26,2011_09_26_drive_0009_sync,166,E:\monodepth_project\data\kitti\2011_09_26\2011_09_26_drive_0009_sync\image_02\data\0000000166.png,E:\monodepth_project\data\kitti\2011_09_26\2011_09_26_drive_0009_sync\velodyne_points\data\0000000166.bin,True,True,375,1242,114508,train,E:\monodepth_project\data\kitti\depth_maps\2011_09_26_2011_09_26_drive_0009_sync_166.npy
2011_09_26,2011_09_26_drive_0009_sync,167,E:\monodepth_project\data\kitti\2011_09_26\2011_09_26_drive_0009_sync\image_02\data\0000000167.png,E:\monodepth_project\data\kitti\2011_09_26\2011_09_26_drive_0009_sync\velodyne_points\data\0000000167.bin,True,True,375,1242,114998,train,E:\monodepth_project\data\kitti\depth_maps\2011_09_26_2011_09_26_drive_0009_sync_167.npy
2011_09_26,2011_09_26_drive_0009_sync,168,E:\monodepth_project\data\kitti\2011_09_26\2011_09_26_drive_0009_sync\image_02\data\0000000168.png,E:\monodepth_project\data\kitti\2011_09_26\2011_09_26_drive_0009_sync\velodyne_points\data\0000000168.bin,True,True,375,1242,115463,train,E:\monodepth_project\data\kitti\depth_maps\2011_09_26_2011_09_26_drive_0009_sync_168.npy
2011_09_26,2011_09_26_drive_0009_sync,169,E:\monodepth_project\data\kitti\2011_09_26\2011_09_26_drive_0009_sync\image_02\data\0000000169.png,E:\monodepth_project\data\kitti\2011_09_26\2011_09_26_drive_0009_sync\velodyne_points\data\0000000169.bin,True,True,375,1242,116083,train,E:\monodepth_project\data\kitti\depth_maps\2011_09_26_2011_09_26_drive_0009_sync_169.npy
2011_09_26,2011_09_26_drive_0009_sync,170,E:\monodepth_project\data\kitti\2011_09_26\2011_09_26_drive_0009_sync\image_02\data\0000000170.png,E:\monodepth_project\data\kitti\2011_09_26\2011_09_26_drive_0009_sync\velodyne_points\data\0000000170.bin,True,True,375,1242,116728,train,E:\monodepth_project\data\kitti\depth_maps\2011_09_26_2011_09_26_drive_0009_sync_170.npy
2011_09_26,2011_09_26_drive_0009_sync,171,E:\monodepth_project\data\kitti\2011_09_26\2011_09_26_drive_0009_sync\image_02\data\0000000171.png,E:\monodepth_project\data\kitti\2011_09_26\2011_09_26_drive_0009_sync\velodyne_points\data\0000000171.bin,True,True,375,1242,117126,train,E:\monodepth_project\data\kitti\depth_maps\2011_09_26_2011_09_26_drive_0009_sync_171.npy
2011_09_26,2011_09_26_drive_0009_sync,172,E:\monodepth_project\data\kitti\2011_09_26\2011_09_26_drive_0009_sync\image_02\data\0000000172.png,E:\monodepth_project\data\kitti\2011_09_26\2011_09_26_drive_0009_sync\velodyne_points\data\0000000172.bin,True,True,375,1242,117261,train,E:\monodepth_project\data\kitti\depth_maps\2011_09_26_2011_09_26_drive_0009_sync_172.npy
2011_09_26,2011_09_26_drive_0009_sync,173,E:\monodepth_project\data\kitti\2011_09_26\2011_09_26_drive_0009_sync\image_02\data\0000000173.png,E:\monodepth_project\data\kitti\2011_09_26\2011_09_26_drive_0009_sync\velodyne_points\data\0000000173.bin,True,True,375,1242,117316,train,E:\monodepth_project\data\kitti\depth_maps\2011_09_26_2011_09_26_drive_0009_sync_173.npy
2011_09_26,2011_09_26_drive_0009_sync,174,E:\monodepth_project\data\kitti\2011_09_26\2011_09_26_drive_0009_sync\image_02\data\0000000174.png,E:\monodepth_project\data\kitti\2011_09_26\2011_09_26_drive_0009_sync\velodyne_points\data\0000000174.bin,True,True,375,1242,117498,train,E:\monodepth_project\data\kitti\depth_maps\2011_09_26_2011_09_26_drive_0009_sync_174.npy
2011_09_26,2011_09_26_drive_0009_sync,175,E:\monodepth_project\data\kitti\2011_09_26\2011_09_26_drive_0009_sync\image_02\data\0000000175.png,E:\monodepth_project\data\kitti\2011_09_26\2011_09_26_drive_0009_sync\velodyne_points\data\0000000175.bin,True,True,375,1242,117667,train,E:\monodepth_project\data\kitti\depth_maps\2011_09_26_2011_09_26_drive_0009_sync_175.npy
2011_09_26,2011_09_26_drive_0009_sync,176,E:\monodepth_project\data\kitti\2011_09_26\2011_09_26_drive_0009_sync\image_02\data\0000000176.png,E:\monodepth_project\data\kitti\2011_09_26\2011_09_26_drive_0009_sync\velodyne_points\data\0000000176.bin,True,True,375,1242,118116,train,E:\monodepth_project\data\kitti\depth_maps\2011_09_26_2011_09_26_drive_0009_sync_176.npy
2011_09_26,2011_09_26_drive_0009_sync,177,E:\monodepth_project\data\kitti\2011_09_26\2011_09_26_drive_0009_sync\image_02\data\0000000177.png,E:\monodepth_project\data\kitti\2011_09_26\2011_09_26_drive_0009_sync\velodyne_points\data\0000000181.bin,True,True,375,1242,118451,train,E:\monodepth_project\data\kitti\depth_maps\2011_09_26_2011_09_26_drive_0009_sync_177.npy
2011_09_26,2011_09_26_drive_0009_sync,178,E:\monodepth_project\data\kitti\2011_09_26\2011_09_26_drive_0009_sync\image_02\data\0000000178.png,E:\monodepth_project\data\kitti\2011_09_26\2011_09_26_drive_0009_sync\velodyne_points\data\0000000182.bin,True,True,375,1242,118418,train,E:\monodepth_project\data\kitti\depth_maps\2011_09_26_2011_09_26_drive_0009_sync_178.npy
2011_09_26,2011_09_26_drive_0009_sync,179,E:\monodepth_project\data\kitti\2011_09_26\2011_09_26_drive_0009_sync\image_02\data\0000000179.png,E:\monodepth_project\data\kitti\2011_09_26\2011_09_26_drive_0009_sync\velodyne_points\data\0000000183.bin,True,True,375,1242,118414,train,E:\monodepth_project\data\kitti\depth_maps\2011_09_26_2011_09_26_drive_0009_sync_179.npy
2011_09_26,2011_09_26_drive_0009_sync,180,E:\monodepth_project\data\kitti\2011_09_26\2011_09_26_drive_0009_sync\image_02\data\0000000180.png,E:\monodepth_project\data\kitti\2011_09_26\2011_09_26_drive_0009_sync\velodyne_points\data\0000000184.bin,True,True,375,1242,118439,train,E:\monodepth_project\data\kitti\depth_maps\2011_09_26_2011_09_26_drive_0009_sync_180.npy
2011_09_26,2011_09_26_drive_0009_sync,181,E:\monodepth_project\data\kitti\2011_09_26\2011_09_26_drive_0009_sync\image_02\data\0000000181.png,E:\monodepth_project\data\kitti\2011_09_26\2011_09_26_drive_0009_sync\velodyne_points\data\0000000185.bin,True,True,375,1242,118549,train,E:\monodepth_project\data\kitti\depth_maps\2011_09_26_2011_09_26_drive_0009_sync_181.npy
2011_09_26,2011_09_26_drive_0009_sync,182,E:\monodepth_project\data\kitti\2011_09_26\2011_09_26_drive_0009_sync\image_02\data\0000000182.png,E:\monodepth_project\data\kitti\2011_09_26\2011_09_26_drive_0009_sync\velodyne_points\data\0000000186.bin,True,True,375,1242,118611,train,E:\monodepth_project\data\kitti\depth_maps\2011_09_26_2011_09_26_drive_0009_sync_182.npy
2011_09_26,2011_09_26_drive_0009_sync,183,E:\monodepth_project\data\kitti\2011_09_26\2011_09_26_drive_0009_sync\image_02\data\0000000183.png,E:\monodepth_project\data\kitti\2011_09_26\2011_09_26_drive_0009_sync\velodyne_points\data\0000000187.bin,True,True,375,1242,118489,train,E:\monodepth_project\data\kitti\depth_maps\2011_09_26_2011_09_26_drive_0009_sync_183.npy
2011_09_26,2011_09_26_drive_0009_sync,184,E:\monodepth_project\data\kitti\2011_09_26\2011_09_26_drive_0009_sync\image_02\data\0000000184.png,E:\monodepth_project\data\kitti\2011_09_26\2011_09_26_drive_0009_sync\velodyne_points\data\0000000188.bin,True,True,375,1242,118576,train,E:\monodepth_project\data\kitti\depth_maps\2011_09_26_2011_09_26_drive_0009_sync_184.npy
2011_09_26,2011_09_26_drive_0009_sync,185,E:\monodepth_project\data\kitti\2011_09_26\2011_09_26_drive_0009_sync\image_02\data\0000000185.png,E:\monodepth_project\data\kitti\2011_09_26\2011_09_26_drive_0009_sync\velodyne_points\data\0000000189.bin,True,True,375,1242,118664,train,E:\monodepth_project\data\kitti\depth_maps\2011_09_26_2011_09_26_drive_0009_sync_185.npy
2011_09_26,2011_09_26_drive_0009_sync,186,E:\monodepth_project\data\kitti\2011_09_26\2011_09_26_drive_0009_sync\image_02\data\0000000186.png,E:\monodepth_project\data\kitti\2011_09_26\2011_09_26_drive_0009_sync\velodyne_points\data\0000000190.bin,True,True,375,1242,118713,train,E:\monodepth_project\data\kitti\depth_maps\2011_09_26_2011_09_26_drive_0009_sync_186.npy
2011_09_26,2011_09_26_drive_0009_sync,187,E:\monodepth_project\data\kitti\2011_09_26\2011_09_26_drive_0009_sync\image_02\data\0000000187.png,E:\monodepth_project\data\kitti\2011_09_26\2011_09_26_drive_0009_sync\velodyne_points\data\0000000191.bin,True,True,375,1242,118744,train,E:\monodepth_project\data\kitti\depth_maps\2011_09_26_2011_09_26_drive_0009_sync_187.npy
2011_09_26,2011_09_26_drive_0009_sync,188,E:\monodepth_project\data\kitti\2011_09_26\2011_09_26_drive_0009_sync\image_02\data\0000000188.png,E:\monodepth_project\data\kitti\2011_09_26\2011_09_26_drive_0009_sync\velodyne_points\data\0000000192.bin,True,True,375,1242,118693,train,E:\monodepth_project\data\kitti\depth_maps\2011_09_26_2011_09_26_drive_0009_sync_188.npy
2011_09_26,2011_09_26_drive_0009_sync,189,E:\monodepth_project\data\kitti\2011_09_26\2011_09_26_drive_0009_sync\image_02\data\0000000189.png,E:\monodepth_project\data\kitti\2011_09_26\2011_09_26_drive_0009_sync\velodyne_points\data\0000000193.bin,True,True,375,1242,118738,train,E:\monodepth_project\data\kitti\depth_maps\2011_09_26_2011_09_26_drive_0009_sync_189.npy
2011_09_26,2011_09_26_drive_0009_sync,190,E:\monodepth_project\data\kitti\2011_09_26\2011_09_26_drive_0009_sync\image_02\data\0000000190.png,E:\monodepth_project\data\kitti\2011_09_26\2011_09_26_drive_0009_sync\velodyne_points\data\0000000194.bin,True,True,375,1242,118818,train,E:\monodepth_project\data\kitti\depth_maps\2011_09_26_2011_09_26_drive_0009_sync_190.npy
2011_09_26,2011_09_26_drive_0009_sync,191,E:\monodepth_project\data\kitti\2011_09_26\2011_09_26_drive_0009_sync\image_02\data\0000000191.png,E:\monodepth_project\data\kitti\2011_09_26\2011_09_26_drive_0009_sync\velodyne_points\data\0000000195.bin,True,True,375,1242,118817,train,E:\monodepth_project\data\kitti\depth_maps\2011_09_26_2011_09_26_drive_0009_sync_191.npy
2011_09_26,2011_09_26_drive_0009_sync,192,E:\monodepth_project\data\kitti\2011_09_26\2011_09_26_drive_0009_sync\image_02\data\0000000192.png,E:\monodepth_project\data\kitti\2011_09_26\2011_09_26_drive_0009_sync\velodyne_points\data\0000000196.bin,True,True,375,1242,118815,train,E:\monodepth_project\data\kitti\depth_maps\2011_09_26_2011_09_26_drive_0009_sync_192.npy
2011_09_26,2011_09_26_drive_0009_sync,193,E:\monodepth_project\data\kitti\2011_09_26\2011_09_26_drive_0009_sync\image_02\data\0000000193.png,E:\monodepth_project\data\kitti\2011_09_26\2011_09_26_drive_0009_sync\velodyne_points\data\0000000197.bin,True,True,375,1242,118790,train,E:\monodepth_project\data\kitti\depth_maps\2011_09_26_2011_09_26_drive_0009_sync_193.npy
2011_09_26,2011_09_26_drive_0009_sync,194,E:\monodepth_project\data\kitti\2011_09_26\2011_09_26_drive_0009_sync\image_02\data\0000000194.png,E:\monodepth_project\data\kitti\2011_09_26\2011_09_26_drive_0009_sync\velodyne_points\data\0000000198.bin,True,True,375,1242,118830,train,E:\monodepth_project\data\kitti\depth_maps\2011_09_26_2011_09_26_drive_0009_sync_194.npy
2011_09_26,2011_09_26_drive_0009_sync,195,E:\monodepth_project\data\kitti\2011_09_26\2011_09_26_drive_0009_sync\image_02\data\0000000195.png,E:\monodepth_project\data\kitti\2011_09_26\2011_09_26_drive_0009_sync\velodyne_points\data\0000000199.bin,True,True,375,1242,118958,train,E:\monodepth_project\data\kitti\depth_maps\2011_09_26_2011_09_26_drive_0009_sync_195.npy
2011_09_26,2011_09_26_drive_0009_sync,196,E:\monodepth_project\data\kitti\2011_09_26\2011_09_26_drive_0009_sync\image_02\data\0000000196.png,E:\monodepth_project\data\kitti\2011_09_26\2011_09_26_drive_0009_sync\velodyne_points\data\0000000200.bin,True,True,375,1242,118961,train,E:\monodepth_project\data\kitti\depth_maps\2011_09_26_2011_09_26_drive_0009_sync_196.npy
2011_09_26,2011_09_26_drive_0009_sync,197,E:\monodepth_project\data\kitti\2011_09_26\2011_09_26_drive_0009_sync\image_02\data\0000000197.png,E:\monodepth_project\data\kitti\2011_09_26\2011_09_26_drive_0009_sync\velodyne_points\data\0000000201.bin,True,True,375,1242,118985,train,E:\monodepth_project\data\kitti\depth_maps\2011_09_26_2011_09_26_drive_0009_sync_197.npy
2011_09_26,2011_09_26_drive_0009_sync,198,E:\monodepth_project\data\kitti\2011_09_26\2011_09_26_drive_0009_sync\image_02\data\0000000198.png,E:\monodepth_project\data\kitti\2011_09_26\2011_09_26_drive_0009_sync\velodyne_points\data\0000000202.bin,True,True,375,1242,119001,train,E:\monodepth_project\data\kitti\depth_maps\2011_09_26_2011_09_26_drive_0009_sync_198.npy
2011_09_26,2011_09_26_drive_0009_sync,199,E:\monodepth_project\data\kitti\2011_09_26\2011_09_26_drive_0009_sync\image_02\data\0000000199.png,E:\monodepth_project\data\kitti\2011_09_26\2011_09_26_drive_0009_sync\velodyne_points\data\0000000203.bin,True,True,375,1242,119038,train,E:\monodepth_project\data\kitti\depth_maps\2011_09_26_2011_09_26_drive_0009_sync_199.npy
2011_09_26,2011_09_26_drive_0009_sync,200,E:\monodepth_project\data\kitti\2011_09_26\2011_09_26_drive_0009_sync\image_02\data\0000000200.png,E:\monodepth_project\data\kitti\2011_09_26\2011_09_26_drive_0009_sync\velodyne_points\data\0000000204.bin,True,True,375,1242,118838,train,E:\monodepth_project\data\kitti\depth_maps\2011_09_26_2011_09_26_drive_0009_sync_200.npy
2011_09_26,2011_09_26_drive_0009_sync,201,E:\monodepth_project\data\kitti\2011_09_26\2011_09_26_drive_0009_sync\image_02\data\0000000201.png,E:\monodepth_project\data\kitti\2011_09_26\2011_09_26_drive_0009_sync\velodyne_points\data\0000000205.bin,True,True,375,1242,118848,train,E:\monodepth_project\data\kitti\depth_maps\2011_09_26_2011_09_26_drive_0009_sync_201.npy
2011_09_26,2011_09_26_drive_0009_sync,202,E:\monodepth_project\data\kitti\2011_09_26\2011_09_26_drive_0009_sync\image_02\data\0000000202.png,E:\monodepth_project\data\kitti\2011_09_26\2011_09_26_drive_0009_sync\velodyne_points\data\0000000206.bin,True,True,375,1242,118839,train,E:\monodepth_project\data\kitti\depth_maps\2011_09_26_2011_09_26_drive_0009_sync_202.npy
2011_09_26,2011_09_26_drive_0009_sync,203,E:\monodepth_project\data\kitti\2011_09_26\2011_09_26_drive_0009_sync\image_02\data\0000000203.png,E:\monodepth_project\data\kitti\2011_09_26\2011_09_26_drive_0009_sync\velodyne_points\data\0000000207.bin,True,True,375,1242,118703,train,E:\monodepth_project\data\kitti\depth_maps\2011_09_26_2011_09_26_drive_0009_sync_203.npy
2011_09_26,2011_09_26_drive_0009_sync,204,E:\monodepth_project\data\kitti\2011_09_26\2011_09_26_drive_0009_sync\image_02\data\0000000204.png,E:\monodepth_project\data\kitti\2011_09_26\2011_09_26_drive_0009_sync\velodyne_points\data\0000000208.bin,True,True,375,1242,118790,train,E:\monodepth_project\data\kitti\depth_maps\2011_09_26_2011_09_26_drive_0009_sync_204.npy
2011_09_26,2011_09_26_drive_0009_sync,205,E:\monodepth_project\data\kitti\2011_09_26\2011_09_26_drive_0009_sync\image_02\data\0000000205.png,E:\monodepth_project\data\kitti\2011_09_26\2011_09_26_drive_0009_sync\velodyne_points\data\0000000209.bin,True,True,375,1242,118805,train,E:\monodepth_project\data\kitti\depth_maps\2011_09_26_2011_09_26_drive_0009_sync_205.npy
2011_09_26,2011_09_26_drive_0009_sync,206,E:\monodepth_project\data\kitti\2011_09_26\2011_09_26_drive_0009_sync\image_02\data\0000000206.png,E:\monodepth_project\data\kitti\2011_09_26\2011_09_26_drive_0009_sync\velodyne_points\data\0000000210.bin,True,True,375,1242,118757,train,E:\monodepth_project\data\kitti\depth_maps\2011_09_26_2011_09_26_drive_0009_sync_206.npy
2011_09_26,2011_09_26_drive_0009_sync,207,E:\monodepth_project\data\kitti\2011_09_26\2011_09_26_drive_0009_sync\image_02\data\0000000207.png,E:\monodepth_project\data\kitti\2011_09_26\2011_09_26_drive_0009_sync\velodyne_points\data\0000000211.bin,True,True,375,1242,118733,train,E:\monodepth_project\data\kitti\depth_maps\2011_09_26_2011_09_26_drive_0009_sync_207.npy
2011_09_26,2011_09_26_drive_0009_sync,208,E:\monodepth_project\data\kitti\2011_09_26\2011_09_26_drive_0009_sync\image_02\data\0000000208.png,E:\monodepth_project\data\kitti\2011_09_26\2011_09_26_drive_0009_sync\velodyne_points\data\0000000212.bin,True,True,375,1242,118647,train,E:\monodepth_project\data\kitti\depth_maps\2011_09_26_2011_09_26_drive_0009_sync_208.npy
2011_09_26,2011_09_26_drive_0009_sync,209,E:\monodepth_project\data\kitti\2011_09_26\2011_09_26_drive_0009_sync\image_02\data\0000000209.png,E:\monodepth_project\data\kitti\2011_09_26\2011_09_26_drive_0009_sync\velodyne_points\data\0000000213.bin,True,True,375,1242,118613,train,E:\monodepth_project\data\kitti\depth_maps\2011_09_26_2011_09_26_drive_0009_sync_209.npy
2011_09_26,2011_09_26_drive_0009_sync,210,E:\monodepth_project\data\kitti\2011_09_26\2011_09_26_drive_0009_sync\image_02\data\0000000210.png,E:\monodepth_project\data\kitti\2011_09_26\2011_09_26_drive_0009_sync\velodyne_points\data\0000000214.bin,True,True,375,1242,118578,train,E:\monodepth_project\data\kitti\depth_maps\2011_09_26_2011_09_26_drive_0009_sync_210.npy
2011_09_26,2011_09_26_drive_0009_sync,211,E:\monodepth_project\data\kitti\2011_09_26\2011_09_26_drive_0009_sync\image_02\data\0000000211.png,E:\monodepth_project\data\kitti\2011_09_26\2011_09_26_drive_0009_sync\velodyne_points\data\0000000215.bin,True,True,375,1242,118648,train,E:\monodepth_project\data\kitti\depth_maps\2011_09_26_2011_09_26_drive_0009_sync_211.npy
2011_09_26,2011_09_26_drive_0009_sync,212,E:\monodepth_project\data\kitti\2011_09_26\2011_09_26_drive_0009_sync\image_02\data\0000000212.png,E:\monodepth_project\data\kitti\2011_09_26\2011_09_26_drive_0009_sync\velodyne_points\data\0000000216.bin,True,True,375,1242,118647,train,E:\monodepth_project\data\kitti\depth_maps\2011_09_26_2011_09_26_drive_0009_sync_212.npy
2011_09_26,2011_09_26_drive_0009_sync,213,E:\monodepth_project\data\kitti\2011_09_26\2011_09_26_drive_0009_sync\image_02\data\0000000213.png,E:\monodepth_project\data\kitti\2011_09_26\2011_09_26_drive_0009_sync\velodyne_points\data\0000000217.bin,True,True,375,1242,118666,train,E:\monodepth_project\data\kitti\depth_maps\2011_09_26_2011_09_26_drive_0009_sync_213.npy
2011_09_26,2011_09_26_drive_0009_sync,214,E:\monodepth_project\data\kitti\2011_09_26\2011_09_26_drive_0009_sync\image_02\data\0000000214.png,E:\monodepth_project\data\kitti\2011_09_26\2011_09_26_drive_0009_sync\velodyne_points\data\0000000218.bin,True,True,375,1242,118649,train,E:\monodepth_project\data\kitti\depth_maps\2011_09_26_2011_09_26_drive_0009_sync_214.npy
2011_09_26,2011_09_26_drive_0009_sync,215,E:\monodepth_project\data\kitti\2011_09_26\2011_09_26_drive_0009_sync\image_02\data\0000000215.png,E:\monodepth_project\data\kitti\2011_09_26\2011_09_26_drive_0009_sync\velodyne_points\data\0000000219.bin,True,True,375,1242,118755,train,E:\monodepth_project\data\kitti\depth_maps\2011_09_26_2011_09_26_drive_0009_sync_215.npy
2011_09_26,2011_09_26_drive_0009_sync,216,E:\monodepth_project\data\kitti\2011_09_26\2011_09_26_drive_0009_sync\image_02\data\0000000216.png,E:\monodepth_project\data\kitti\2011_09_26\2011_09_26_drive_0009_sync\velodyne_points\data\0000000220.bin,True,True,375,1242,118719,train,E:\monodepth_project\data\kitti\depth_maps\2011_09_26_2011_09_26_drive_0009_sync_216.npy
2011_09_26,2011_09_26_drive_0009_sync,217,E:\monodepth_project\data\kitti\2011_09_26\2011_09_26_drive_0009_sync\image_02\data\0000000217.png,E:\monodepth_project\data\kitti\2011_09_26\2011_09_26_drive_0009_sync\velodyne_points\data\0000000221.bin,True,True,375,1242,118733,train,E:\monodepth_project\data\kitti\depth_maps\2011_09_26_2011_09_26_drive_0009_sync_217.npy
2011_09_26,2011_09_26_drive_0009_sync,218,E:\monodepth_project\data\kitti\2011_09_26\2011_09_26_drive_0009_sync\image_02\data\0000000218.png,E:\monodepth_project\data\kitti\2011_09_26\2011_09_26_drive_0009_sync\velodyne_points\data\0000000222.bin,True,True,375,1242,118560,train,E:\monodepth_project\data\kitti\depth_maps\2011_09_26_2011_09_26_drive_0009_sync_218.npy
2011_09_26,2011_09_26_drive_0009_sync,219,E:\monodepth_project\data\kitti\2011_09_26\2011_09_26_drive_0009_sync\image_02\data\0000000219.png,E:\monodepth_project\data\kitti\2011_09_26\2011_09_26_drive_0009_sync\velodyne_points\data\0000000223.bin,True,True,375,1242,118405,train,E:\monodepth_project\data\kitti\depth_maps\2011_09_26_2011_09_26_drive_0009_sync_219.npy
2011_09_26,2011_09_26_drive_0009_sync,220,E:\monodepth_project\data\kitti\2011_09_26\2011_09_26_drive_0009_sync\image_02\data\0000000220.png,E:\monodepth_project\data\kitti\2011_09_26\2011_09_26_drive_0009_sync\velodyne_points\data\0000000224.bin,True,True,375,1242,117972,train,E:\monodepth_project\data\kitti\depth_maps\2011_09_26_2011_09_26_drive_0009_sync_220.npy
2011_09_26,2011_09_26_drive_0009_sync,221,E:\monodepth_project\data\kitti\2011_09_26\2011_09_26_drive_0009_sync\image_02\data\0000000221.png,E:\monodepth_project\data\kitti\2011_09_26\2011_09_26_drive_0009_sync\velodyne_points\data\0000000225.bin,True,True,375,1242,117654,train,E:\monodepth_project\data\kitti\depth_maps\2011_09_26_2011_09_26_drive_0009_sync_221.npy
2011_09_26,2011_09_26_drive_0009_sync,222,E:\monodepth_project\data\kitti\2011_09_26\2011_09_26_drive_0009_sync\image_02\data\0000000222.png,E:\monodepth_project\data\kitti\2011_09_26\2011_09_26_drive_0009_sync\velodyne_points\data\0000000226.bin,True,True,375,1242,117487,train,E:\monodepth_project\data\kitti\depth_maps\2011_09_26_2011_09_26_drive_0009_sync_222.npy
2011_09_26,2011_09_26_drive_0009_sync,223,E:\monodepth_project\data\kitti\2011_09_26\2011_09_26_drive_0009_sync\image_02\data\0000000223.png,E:\monodepth_project\data\kitti\2011_09_26\2011_09_26_drive_0009_sync\velodyne_points\data\0000000227.bin,True,True,375,1242,117086,train,E:\monodepth_project\data\kitti\depth_maps\2011_09_26_2011_09_26_drive_0009_sync_223.npy
2011_09_26,2011_09_26_drive_0009_sync,224,E:\monodepth_project\data\kitti\2011_09_26\2011_09_26_drive_0009_sync\image_02\data\0000000224.png,E:\monodepth_project\data\kitti\2011_09_26\2011_09_26_drive_0009_sync\velodyne_points\data\0000000228.bin,True,True,375,1242,116735,train,E:\monodepth_project\data\kitti\depth_maps\2011_09_26_2011_09_26_drive_0009_sync_224.npy
2011_09_26,2011_09_26_drive_0009_sync,225,E:\monodepth_project\data\kitti\2011_09_26\2011_09_26_drive_0009_sync\image_02\data\0000000225.png,E:\monodepth_project\data\kitti\2011_09_26\2011_09_26_drive_0009_sync\velodyne_points\data\0000000229.bin,True,True,375,1242,116324,train,E:\monodepth_project\data\kitti\depth_maps\2011_09_26_2011_09_26_drive_0009_sync_225.npy
2011_09_26,2011_09_26_drive_0009_sync,226,E:\monodepth_project\data\kitti\2011_09_26\2011_09_26_drive_0009_sync\image_02\data\0000000226.png,E:\monodepth_project\data\kitti\2011_09_26\2011_09_26_drive_0009_sync\velodyne_points\data\0000000230.bin,True,True,375,1242,115796,train,E:\monodepth_project\data\kitti\depth_maps\2011_09_26_2011_09_26_drive_0009_sync_226.npy
2011_09_26,2011_09_26_drive_0009_sync,227,E:\monodepth_project\data\kitti\2011_09_26\2011_09_26_drive_0009_sync\image_02\data\0000000227.png,E:\monodepth_project\data\kitti\2011_09_26\2011_09_26_drive_0009_sync\velodyne_points\data\0000000231.bin,True,True,375,1242,115259,train,E:\monodepth_project\data\kitti\depth_maps\2011_09_26_2011_09_26_drive_0009_sync_227.npy
2011_09_26,2011_09_26_drive_0009_sync,228,E:\monodepth_project\data\kitti\2011_09_26\2011_09_26_drive_0009_sync\image_02\data\0000000228.png,E:\monodepth_project\data\kitti\2011_09_26\2011_09_26_drive_0009_sync\velodyne_points\data\0000000232.bin,True,True,375,1242,114728,train,E:\monodepth_project\data\kitti\depth_maps\2011_09_26_2011_09_26_drive_0009_sync_228.npy
2011_09_26,2011_09_26_drive_0009_sync,229,E:\monodepth_project\data\kitti\2011_09_26\2011_09_26_drive_0009_sync\image_02\data\0000000229.png,E:\monodepth_project\data\kitti\2011_09_26\2011_09_26_drive_0009_sync\velodyne_points\data\0000000233.bin,True,True,375,1242,113600,train,E:\monodepth_project\data\kitti\depth_maps\2011_09_26_2011_09_26_drive_0009_sync_229.npy
2011_09_26,2011_09_26_drive_0009_sync,230,E:\monodepth_project\data\kitti\2011_09_26\2011_09_26_drive_0009_sync\image_02\data\0000000230.png,E:\monodepth_project\data\kitti\2011_09_26\2011_09_26_drive_0009_sync\velodyne_points\data\0000000234.bin,True,True,375,1242,112150,train,E:\monodepth_project\data\kitti\depth_maps\2011_09_26_2011_09_26_drive_0009_sync_230.npy
2011_09_26,2011_09_26_drive_0009_sync,231,E:\monodepth_project\data\kitti\2011_09_26\2011_09_26_drive_0009_sync\image_02\data\0000000231.png,E:\monodepth_project\data\kitti\2011_09_26\2011_09_26_drive_0009_sync\velodyne_points\data\0000000235.bin,True,True,375,1242,111449,train,E:\monodepth_project\data\kitti\depth_maps\2011_09_26_2011_09_26_drive_0009_sync_231.npy
2011_09_26,2011_09_26_drive_0009_sync,232,E:\monodepth_project\data\kitti\2011_09_26\2011_09_26_drive_0009_sync\image_02\data\0000000232.png,E:\monodepth_project\data\kitti\2011_09_26\2011_09_26_drive_0009_sync\velodyne_points\data\0000000236.bin,True,True,375,1242,110362,train,E:\monodepth_project\data\kitti\depth_maps\2011_09_26_2011_09_26_drive_0009_sync_232.npy
2011_09_26,2011_09_26_drive_0009_sync,233,E:\monodepth_project\data\kitti\2011_09_26\2011_09_26_drive_0009_sync\image_02\data\0000000233.png,E:\monodepth_project\data\kitti\2011_09_26\2011_09_26_drive_0009_sync\velodyne_points\data\0000000237.bin,True,True,375,1242,109823,train,E:\monodepth_project\data\kitti\depth_maps\2011_09_26_2011_09_26_drive_0009_sync_233.npy
2011_09_26,2011_09_26_drive_0009_sync,234,E:\monodepth_project\data\kitti\2011_09_26\2011_09_26_drive_0009_sync\image_02\data\0000000234.png,E:\monodepth_project\data\kitti\2011_09_26\2011_09_26_drive_0009_sync\velodyne_points\data\0000000238.bin,True,True,375,1242,109688,train,E:\monodepth_project\data\kitti\depth_maps\2011_09_26_2011_09_26_drive_0009_sync_234.npy
2011_09_26,2011_09_26_drive_0009_sync,235,E:\monodepth_project\data\kitti\2011_09_26\2011_09_26_drive_0009_sync\image_02\data\0000000235.png,E:\monodepth_project\data\kitti\2011_09_26\2011_09_26_drive_0009_sync\velodyne_points\data\0000000239.bin,True,True,375,1242,110929,train,E:\monodepth_project\data\kitti\depth_maps\2011_09_26_2011_09_26_drive_0009_sync_235.npy
2011_09_26,2011_09_26_drive_0009_sync,236,E:\monodepth_project\data\kitti\2011_09_26\2011_09_26_drive_0009_sync\image_02\data\0000000236.png,E:\monodepth_project\data\kitti\2011_09_26\2011_09_26_drive_0009_sync\velodyne_points\data\0000000240.bin,True,True,375,1242,111882,train,E:\monodepth_project\data\kitti\depth_maps\2011_09_26_2011_09_26_drive_0009_sync_236.npy
2011_09_26,2011_09_26_drive_0009_sync,237,E:\monodepth_project\data\kitti\2011_09_26\2011_09_26_drive_0009_sync\image_02\data\0000000237.png,E:\monodepth_project\data\kitti\2011_09_26\2011_09_26_drive_0009_sync\velodyne_points\data\0000000241.bin,True,True,375,1242,112768,train,E:\monodepth_project\data\kitti\depth_maps\2011_09_26_2011_09_26_drive_0009_sync_237.npy
2011_09_26,2011_09_26_drive_0009_sync,238,E:\monodepth_project\data\kitti\2011_09_26\2011_09_26_drive_0009_sync\image_02\data\0000000238.png,E:\monodepth_project\data\kitti\2011_09_26\2011_09_26_drive_0009_sync\velodyne_points\data\0000000242.bin,True,True,375,1242,113238,train,E:\monodepth_project\data\kitti\depth_maps\2011_09_26_2011_09_26_drive_0009_sync_238.npy
2011_09_26,2011_09_26_drive_0009_sync,239,E:\monodepth_project\data\kitti\2011_09_26\2011_09_26_drive_0009_sync\image_02\data\0000000239.png,E:\monodepth_project\data\kitti\2011_09_26\2011_09_26_drive_0009_sync\velodyne_points\data\0000000243.bin,True,True,375,1242,113626,train,E:\monodepth_project\data\kitti\depth_maps\2011_09_26_2011_09_26_drive_0009_sync_239.npy
2011_09_26,2011_09_26_drive_0009_sync,240,E:\monodepth_project\data\kitti\2011_09_26\2011_09_26_drive_0009_sync\image_02\data\0000000240.png,E:\monodepth_project\data\kitti\2011_09_26\2011_09_26_drive_0009_sync\velodyne_points\data\0000000244.bin,True,True,375,1242,114173,train,E:\monodepth_project\data\kitti\depth_maps\2011_09_26_2011_09_26_drive_0009_sync_240.npy
2011_09_26,2011_09_26_drive_0009_sync,241,E:\monodepth_project\data\kitti\2011_09_26\2011_09_26_drive_0009_sync\image_02\data\0000000241.png,E:\monodepth_project\data\kitti\2011_09_26\2011_09_26_drive_0009_sync\velodyne_points\data\0000000245.bin,True,True,375,1242,114840,train,E:\monodepth_project\data\kitti\depth_maps\2011_09_26_2011_09_26_drive_0009_sync_241.npy
2011_09_26,2011_09_26_drive_0009_sync,242,E:\monodepth_project\data\kitti\2011_09_26\2011_09_26_drive_0009_sync\image_02\data\0000000242.png,E:\monodepth_project\data\kitti\2011_09_26\2011_09_26_drive_0009_sync\velodyne_points\data\0000000246.bin,True,True,375,1242,115937,train,E:\monodepth_project\data\kitti\depth_maps\2011_09_26_2011_09_26_drive_0009_sync_242.npy
2011_09_26,2011_09_26_drive_0009_sync,243,E:\monodepth_project\data\kitti\2011_09_26\2011_09_26_drive_0009_sync\image_02\data\0000000243.png,E:\monodepth_project\data\kitti\2011_09_26\2011_09_26_drive_0009_sync\velodyne_points\data\0000000247.bin,True,True,375,1242,116394,train,E:\monodepth_project\data\kitti\depth_maps\2011_09_26_2011_09_26_drive_0009_sync_243.npy
2011_09_26,2011_09_26_drive_0009_sync,244,E:\monodepth_project\data\kitti\2011_09_26\2011_09_26_drive_0009_sync\image_02\data\0000000244.png,E:\monodepth_project\data\kitti\2011_09_26\2011_09_26_drive_0009_sync\velodyne_points\data\0000000248.bin,True,True,375,1242,116508,train,E:\monodepth_project\data\kitti\depth_maps\2011_09_26_2011_09_26_drive_0009_sync_244.npy
2011_09_26,2011_09_26_drive_0009_sync,245,E:\monodepth_project\data\kitti\2011_09_26\2011_09_26_drive_0009_sync\image_02\data\0000000245.png,E:\monodepth_project\data\kitti\2011_09_26\2011_09_26_drive_0009_sync\velodyne_points\data\0000000249.bin,True,True,375,1242,116777,train,E:\monodepth_project\data\kitti\depth_maps\2011_09_26_2011_09_26_drive_0009_sync_245.npy
2011_09_26,2011_09_26_drive_0009_sync,246,E:\monodepth_project\data\kitti\2011_09_26\2011_09_26_drive_0009_sync\image_02\data\0000000246.png,E:\monodepth_project\data\kitti\2011_09_26\2011_09_26_drive_0009_sync\velodyne_points\data\0000000250.bin,True,True,375,1242,116663,train,E:\monodepth_project\data\kitti\depth_maps\2011_09_26_2011_09_26_drive_0009_sync_246.npy
2011_09_26,2011_09_26_drive_0009_sync,247,E:\monodepth_project\data\kitti\2011_09_26\2011_09_26_drive_0009_sync\image_02\data\0000000247.png,E:\monodepth_project\data\kitti\2011_09_26\2011_09_26_drive_0009_sync\velodyne_points\data\0000000251.bin,True,True,375,1242,116884,train,E:\monodepth_project\data\kitti\depth_maps\2011_09_26_2011_09_26_drive_0009_sync_247.npy
2011_09_26,2011_09_26_drive_0009_sync,248,E:\monodepth_project\data\kitti\2011_09_26\2011_09_26_drive_0009_sync\image_02\data\0000000248.png,E:\monodepth_project\data\kitti\2011_09_26\2011_09_26_drive_0009_sync\velodyne_points\data\0000000252.bin,True,True,375,1242,116847,train,E:\monodepth_project\data\kitti\depth_maps\2011_09_26_2011_09_26_drive_0009_sync_248.npy
2011_09_26,2011_09_26_drive_0009_sync,249,E:\monodepth_project\data\kitti\2011_09_26\2011_09_26_drive_0009_sync\image_02\data\0000000249.png,E:\monodepth_project\data\kitti\2011_09_26\2011_09_26_drive_0009_sync\velodyne_points\data\0000000253.bin,True,True,375,1242,116848,train,E:\monodepth_project\data\kitti\depth_maps\2011_09_26_2011_09_26_drive_0009_sync_249.npy
2011_09_26,2011_09_26_drive_0009_sync,250,E:\monodepth_project\data\kitti\2011_09_26\2011_09_26_drive_0009_sync\image_02\data\0000000250.png,E:\monodepth_project\data\kitti\2011_09_26\2011_09_26_drive_0009_sync\velodyne_points\data\0000000254.bin,True,True,375,1242,117037,train,E:\monodepth_project\data\kitti\depth_maps\2011_09_26_2011_09_26_drive_0009_sync_250.npy
2011_09_26,2011_09_26_drive_0009_sync,251,E:\monodepth_project\data\kitti\2011_09_26\2011_09_26_drive_0009_sync\image_02\data\0000000251.png,E:\monodepth_project\data\kitti\2011_09_26\2011_09_26_drive_0009_sync\velodyne_points\data\0000000255.bin,True,True,375,1242,117180,train,E:\monodepth_project\data\kitti\depth_maps\2011_09_26_2011_09_26_drive_0009_sync_251.npy
2011_09_26,2011_09_26_drive_0009_sync,252,E:\monodepth_project\data\kitti\2011_09_26\2011_09_26_drive_0009_sync\image_02\data\0000000252.png,E:\monodepth_project\data\kitti\2011_09_26\2011_09_26_drive_0009_sync\velodyne_points\data\0000000256.bin,True,True,375,1242,117193,train,E:\monodepth_project\data\kitti\depth_maps\2011_09_26_2011_09_26_drive_0009_sync_252.npy
2011_09_26,2011_09_26_drive_0009_sync,253,E:\monodepth_project\data\kitti\2011_09_26\2011_09_26_drive_0009_sync\image_02\data\0000000253.png,E:\monodepth_project\data\kitti\2011_09_26\2011_09_26_drive_0009_sync\velodyne_points\data\0000000257.bin,True,True,375,1242,117126,train,E:\monodepth_project\data\kitti\depth_maps\2011_09_26_2011_09_26_drive_0009_sync_253.npy
2011_09_26,2011_09_26_drive_0009_sync,254,E:\monodepth_project\data\kitti\2011_09_26\2011_09_26_drive_0009_sync\image_02\data\0000000254.png,E:\monodepth_project\data\kitti\2011_09_26\2011_09_26_drive_0009_sync\velodyne_points\data\0000000258.bin,True,True,375,1242,117098,train,E:\monodepth_project\data\kitti\depth_maps\2011_09_26_2011_09_26_drive_0009_sync_254.npy
2011_09_26,2011_09_26_drive_0009_sync,255,E:\monodepth_project\data\kitti\2011_09_26\2011_09_26_drive_0009_sync\image_02\data\0000000255.png,E:\monodepth_project\data\kitti\2011_09_26\2011_09_26_drive_0009_sync\velodyne_points\data\0000000259.bin,True,True,375,1242,117286,train,E:\monodepth_project\data\kitti\depth_maps\2011_09_26_2011_09_26_drive_0009_sync_255.npy
2011_09_26,2011_09_26_drive_0009_sync,256,E:\monodepth_project\data\kitti\2011_09_26\2011_09_26_drive_0009_sync\image_02\data\0000000256.png,E:\monodepth_project\data\kitti\2011_09_26\2011_09_26_drive_0009_sync\velodyne_points\data\0000000260.bin,True,True,375,1242,116997,train,E:\monodepth_project\data\kitti\depth_maps\2011_09_26_2011_09_26_drive_0009_sync_256.npy
2011_09_26,2011_09_26_drive_0009_sync,257,E:\monodepth_project\data\kitti\2011_09_26\2011_09_26_drive_0009_sync\image_02\data\0000000257.png,E:\monodepth_project\data\kitti\2011_09_26\2011_09_26_drive_0009_sync\velodyne_points\data\0000000261.bin,True,True,375,1242,116789,train,E:\monodepth_project\data\kitti\depth_maps\2011_09_26_2011_09_26_drive_0009_sync_257.npy
2011_09_26,2011_09_26_drive_0009_sync,258,E:\monodepth_project\data\kitti\2011_09_26\2011_09_26_drive_0009_sync\image_02\data\0000000258.png,E:\monodepth_project\data\kitti\2011_09_26\2011_09_26_drive_0009_sync\velodyne_points\data\0000000262.bin,True,True,375,1242,116328,train,E:\monodepth_project\data\kitti\depth_maps\2011_09_26_2011_09_26_drive_0009_sync_258.npy
2011_09_26,2011_09_26_drive_0009_sync,259,E:\monodepth_project\data\kitti\2011_09_26\2011_09_26_drive_0009_sync\image_02\data\0000000259.png,E:\monodepth_project\data\kitti\2011_09_26\2011_09_26_drive_0009_sync\velodyne_points\data\0000000263.bin,True,True,375,1242,115869,train,E:\monodepth_project\data\kitti\depth_maps\2011_09_26_2011_09_26_drive_0009_sync_259.npy
2011_09_26,2011_09_26_drive_0009_sync,260,E:\monodepth_project\data\kitti\2011_09_26\2011_09_26_drive_0009_sync\image_02\data\0000000260.png,E:\monodepth_project\data\kitti\2011_09_26\2011_09_26_drive_0009_sync\velodyne_points\data\0000000264.bin,True,True,375,1242,115530,train,E:\monodepth_project\data\kitti\depth_maps\2011_09_26_2011_09_26_drive_0009_sync_260.npy
2011_09_26,2011_09_26_drive_0009_sync,261,E:\monodepth_project\data\kitti\2011_09_26\2011_09_26_drive_0009_sync\image_02\data\0000000261.png,E:\monodepth_project\data\kitti\2011_09_26\2011_09_26_drive_0009_sync\velodyne_points\data\0000000265.bin,True,True,375,1242,115392,train,E:\monodepth_project\data\kitti\depth_maps\2011_09_26_2011_09_26_drive_0009_sync_261.npy
2011_09_26,2011_09_26_drive_0009_sync,262,E:\monodepth_project\data\kitti\2011_09_26\2011_09_26_drive_0009_sync\image_02\data\0000000262.png,E:\monodepth_project\data\kitti\2011_09_26\2011_09_26_drive_0009_sync\velodyne_points\data\0000000266.bin,True,True,375,1242,115401,train,E:\monodepth_project\data\kitti\depth_maps\2011_09_26_2011_09_26_drive_0009_sync_262.npy
2011_09_26,2011_09_26_drive_0009_sync,263,E:\monodepth_project\data\kitti\2011_09_26\2011_09_26_drive_0009_sync\image_02\data\0000000263.png,E:\monodepth_project\data\kitti\2011_09_26\2011_09_26_drive_0009_sync\velodyne_points\data\0000000267.bin,True,True,375,1242,115465,train,E:\monodepth_project\data\kitti\depth_maps\2011_09_26_2011_09_26_drive_0009_sync_263.npy
2011_09_26,2011_09_26_drive_0009_sync,264,E:\monodepth_project\data\kitti\2011_09_26\2011_09_26_drive_0009_sync\image_02\data\0000000264.png,E:\monodepth_project\data\kitti\2011_09_26\2011_09_26_drive_0009_sync\velodyne_points\data\0000000268.bin,True,True,375,1242,115265,train,E:\monodepth_project\data\kitti\depth_maps\2011_09_26_2011_09_26_drive_0009_sync_264.npy
2011_09_26,2011_09_26_drive_0009_sync,265,E:\monodepth_project\data\kitti\2011_09_26\2011_09_26_drive_0009_sync\image_02\data\0000000265.png,E:\monodepth_project\data\kitti\2011_09_26\2011_09_26_drive_0009_sync\velodyne_points\data\0000000269.bin,True,True,375,1242,115247,train,E:\monodepth_project\data\kitti\depth_maps\2011_09_26_2011_09_26_drive_0009_sync_265.npy
2011_09_26,2011_09_26_drive_0009_sync,266,E:\monodepth_project\data\kitti\2011_09_26\2011_09_26_drive_0009_sync\image_02\data\0000000266.png,E:\monodepth_project\data\kitti\2011_09_26\2011_09_26_drive_0009_sync\velodyne_points\data\0000000270.bin,True,True,375,1242,115391,train,E:\monodepth_project\data\kitti\depth_maps\2011_09_26_2011_09_26_drive_0009_sync_266.npy
2011_09_26,2011_09_26_drive_0009_sync,267,E:\monodepth_project\data\kitti\2011_09_26\2011_09_26_drive_0009_sync\image_02\data\0000000267.png,E:\monodepth_project\data\kitti\2011_09_26\2011_09_26_drive_0009_sync\velodyne_points\data\0000000271.bin,True,True,375,1242,115708,train,E:\monodepth_project\data\kitti\depth_maps\2011_09_26_2011_09_26_drive_0009_sync_267.npy
2011_09_26,2011_09_26_drive_0009_sync,268,E:\monodepth_project\data\kitti\2011_09_26\2011_09_26_drive_0009_sync\image_02\data\0000000268.png,E:\monodepth_project\data\kitti\2011_09_26\2011_09_26_drive_0009_sync\velodyne_points\data\0000000272.bin,True,True,375,1242,116369,train,E:\monodepth_project\data\kitti\depth_maps\2011_09_26_2011_09_26_drive_0009_sync_268.npy
2011_09_26,2011_09_26_drive_0009_sync,269,E:\monodepth_project\data\kitti\2011_09_26\2011_09_26_drive_0009_sync\image_02\data\0000000269.png,E:\monodepth_project\data\kitti\2011_09_26\2011_09_26_drive_0009_sync\velodyne_points\data\0000000273.bin,True,True,375,1242,116699,train,E:\monodepth_project\data\kitti\depth_maps\2011_09_26_2011_09_26_drive_0009_sync_269.npy
2011_09_26,2011_09_26_drive_0009_sync,270,E:\monodepth_project\data\kitti\2011_09_26\2011_09_26_drive_0009_sync\image_02\data\0000000270.png,E:\monodepth_project\data\kitti\2011_09_26\2011_09_26_drive_0009_sync\velodyne_points\data\0000000274.bin,True,True,375,1242,116873,train,E:\monodepth_project\data\kitti\depth_maps\2011_09_26_2011_09_26_drive_0009_sync_270.npy
2011_09_26,2011_09_26_drive_0009_sync,271,E:\monodepth_project\data\kitti\2011_09_26\2011_09_26_drive_0009_sync\image_02\data\0000000271.png,E:\monodepth_project\data\kitti\2011_09_26\2011_09_26_drive_0009_sync\velodyne_points\data\0000000275.bin,True,True,375,1242,117075,train,E:\monodepth_project\data\kitti\depth_maps\2011_09_26_2011_09_26_drive_0009_sync_271.npy
2011_09_26,2011_09_26_drive_0009_sync,272,E:\monodepth_project\data\kitti\2011_09_26\2011_09_26_drive_0009_sync\image_02\data\0000000272.png,E:\monodepth_project\data\kitti\2011_09_26\2011_09_26_drive_0009_sync\velodyne_points\data\0000000276.bin,True,True,375,1242,116972,train,E:\monodepth_project\data\kitti\depth_maps\2011_09_26_2011_09_26_drive_0009_sync_272.npy
2011_09_26,2011_09_26_drive_0009_sync,273,E:\monodepth_project\data\kitti\2011_09_26\2011_09_26_drive_0009_sync\image_02\data\0000000273.png,E:\monodepth_project\data\kitti\2011_09_26\2011_09_26_drive_0009_sync\velodyne_points\data\0000000277.bin,True,True,375,1242,117001,train,E:\monodepth_project\data\kitti\depth_maps\2011_09_26_2011_09_26_drive_0009_sync_273.npy
2011_09_26,2011_09_26_drive_0009_sync,274,E:\monodepth_project\data\kitti\2011_09_26\2011_09_26_drive_0009_sync\image_02\data\0000000274.png,E:\monodepth_project\data\kitti\2011_09_26\2011_09_26_drive_0009_sync\velodyne_points\data\0000000278.bin,True,True,375,1242,116915,train,E:\monodepth_project\data\kitti\depth_maps\2011_09_26_2011_09_26_drive_0009_sync_274.npy
2011_09_26,2011_09_26_drive_0009_sync,275,E:\monodepth_project\data\kitti\2011_09_26\2011_09_26_drive_0009_sync\image_02\data\0000000275.png,E:\monodepth_project\data\kitti\2011_09_26\2011_09_26_drive_0009_sync\velodyne_points\data\0000000279.bin,True,True,375,1242,116960,train,E:\monodepth_project\data\kitti\depth_maps\2011_09_26_2011_09_26_drive_0009_sync_275.npy
2011_09_26,2011_09_26_drive_0009_sync,276,E:\monodepth_project\data\kitti\2011_09_26\2011_09_26_drive_0009_sync\image_02\data\0000000276.png,E:\monodepth_project\data\kitti\2011_09_26\2011_09_26_drive_0009_sync\velodyne_points\data\0000000280.bin,True,True,375,1242,117016,train,E:\monodepth_project\data\kitti\depth_maps\2011_09_26_2011_09_26_drive_0009_sync_276.npy
2011_09_26,2011_09_26_drive_0009_sync,277,E:\monodepth_project\data\kitti\2011_09_26\2011_09_26_drive_0009_sync\image_02\data\0000000277.png,E:\monodepth_project\data\kitti\2011_09_26\2011_09_26_drive_0009_sync\velodyne_points\data\0000000281.bin,True,True,375,1242,116999,train,E:\monodepth_project\data\kitti\depth_maps\2011_09_26_2011_09_26_drive_0009_sync_277.npy
2011_09_26,2011_09_26_drive_0009_sync,278,E:\monodepth_project\data\kitti\2011_09_26\2011_09_26_drive_0009_sync\image_02\data\0000000278.png,E:\monodepth_project\data\kitti\2011_09_26\2011_09_26_drive_0009_sync\velodyne_points\data\0000000282.bin,True,True,375,1242,116808,train,E:\monodepth_project\data\kitti\depth_maps\2011_09_26_2011_09_26_drive_0009_sync_278.npy
2011_09_26,2011_09_26_drive_0009_sync,279,E:\monodepth_project\data\kitti\2011_09_26\2011_09_26_drive_0009_sync\image_02\data\0000000279.png,E:\monodepth_project\data\kitti\2011_09_26\2011_09_26_drive_0009_sync\velodyne_points\data\0000000283.bin,True,True,375,1242,116518,train,E:\monodepth_project\data\kitti\depth_maps\2011_09_26_2011_09_26_drive_0009_sync_279.npy
2011_09_26,2011_09_26_drive_0009_sync,280,E:\monodepth_project\data\kitti\2011_09_26\2011_09_26_drive_0009_sync\image_02\data\0000000280.png,E:\monodepth_project\data\kitti\2011_09_26\2011_09_26_drive_0009_sync\velodyne_points\data\0000000284.bin,True,True,375,1242,116755,train,E:\monodepth_project\data\kitti\depth_maps\2011_09_26_2011_09_26_drive_0009_sync_280.npy
2011_09_26,2011_09_26_drive_0009_sync,281,E:\monodepth_project\data\kitti\2011_09_26\2011_09_26_drive_0009_sync\image_02\data\0000000281.png,E:\monodepth_project\data\kitti\2011_09_26\2011_09_26_drive_0009_sync\velodyne_points\data\0000000285.bin,True,True,375,1242,116764,train,E:\monodepth_project\data\kitti\depth_maps\2011_09_26_2011_09_26_drive_0009_sync_281.npy
2011_09_26,2011_09_26_drive_0009_sync,282,E:\monodepth_project\data\kitti\2011_09_26\2011_09_26_drive_0009_sync\image_02\data\0000000282.png,E:\monodepth_project\data\kitti\2011_09_26\2011_09_26_drive_0009_sync\velodyne_points\data\0000000286.bin,True,True,375,1242,117119,train,E:\monodepth_project\data\kitti\depth_maps\2011_09_26_2011_09_26_drive_0009_sync_282.npy
2011_09_26,2011_09_26_drive_0009_sync,283,E:\monodepth_project\data\kitti\2011_09_26\2011_09_26_drive_0009_sync\image_02\data\0000000283.png,E:\monodepth_project\data\kitti\2011_09_26\2011_09_26_drive_0009_sync\velodyne_points\data\0000000287.bin,True,True,375,1242,116861,train,E:\monodepth_project\data\kitti\depth_maps\2011_09_26_2011_09_26_drive_0009_sync_283.npy
2011_09_26,2011_09_26_drive_0009_sync,284,E:\monodepth_project\data\kitti\2011_09_26\2011_09_26_drive_0009_sync\image_02\data\0000000284.png,E:\monodepth_project\data\kitti\2011_09_26\2011_09_26_drive_0009_sync\velodyne_points\data\0000000288.bin,True,True,375,1242,116670,train,E:\monodepth_project\data\kitti\depth_maps\2011_09_26_2011_09_26_drive_0009_sync_284.npy
2011_09_26,2011_09_26_drive_0009_sync,285,E:\monodepth_project\data\kitti\2011_09_26\2011_09_26_drive_0009_sync\image_02\data\0000000285.png,E:\monodepth_project\data\kitti\2011_09_26\2011_09_26_drive_0009_sync\velodyne_points\data\0000000289.bin,True,True,375,1242,116390,train,E:\monodepth_project\data\kitti\depth_maps\2011_09_26_2011_09_26_drive_0009_sync_285.npy
2011_09_26,2011_09_26_drive_0009_sync,286,E:\monodepth_project\data\kitti\2011_09_26\2011_09_26_drive_0009_sync\image_02\data\0000000286.png,E:\monodepth_project\data\kitti\2011_09_26\2011_09_26_drive_0009_sync\velodyne_points\data\0000000290.bin,True,True,375,1242,116558,train,E:\monodepth_project\data\kitti\depth_maps\2011_09_26_2011_09_26_drive_0009_sync_286.npy
2011_09_26,2011_09_26_drive_0009_sync,287,E:\monodepth_project\data\kitti\2011_09_26\2011_09_26_drive_0009_sync\image_02\data\0000000287.png,E:\monodepth_project\data\kitti\2011_09_26\2011_09_26_drive_0009_sync\velodyne_points\data\0000000291.bin,True,True,375,1242,116342,train,E:\monodepth_project\data\kitti\depth_maps\2011_09_26_2011_09_26_drive_0009_sync_287.npy
2011_09_26,2011_09_26_drive_0009_sync,288,E:\monodepth_project\data\kitti\2011_09_26\2011_09_26_drive_0009_sync\image_02\data\0000000288.png,E:\monodepth_project\data\kitti\2011_09_26\2011_09_26_drive_0009_sync\velodyne_points\data\0000000292.bin,True,True,375,1242,116111,train,E:\monodepth_project\data\kitti\depth_maps\2011_09_26_2011_09_26_drive_0009_sync_288.npy
2011_09_26,2011_09_26_drive_0009_sync,289,E:\monodepth_project\data\kitti\2011_09_26\2011_09_26_drive_0009_sync\image_02\data\0000000289.png,E:\monodepth_project\data\kitti\2011_09_26\2011_09_26_drive_0009_sync\velodyne_points\data\0000000293.bin,True,True,375,1242,115640,train,E:\monodepth_project\data\kitti\depth_maps\2011_09_26_2011_09_26_drive_0009_sync_289.npy
2011_09_26,2011_09_26_drive_0009_sync,290,E:\monodepth_project\data\kitti\2011_09_26\2011_09_26_drive_0009_sync\image_02\data\0000000290.png,E:\monodepth_project\data\kitti\2011_09_26\2011_09_26_drive_0009_sync\velodyne_points\data\0000000294.bin,True,True,375,1242,115240,train,E:\monodepth_project\data\kitti\depth_maps\2011_09_26_2011_09_26_drive_0009_sync_290.npy
2011_09_26,2011_09_26_drive_0009_sync,291,E:\monodepth_project\data\kitti\2011_09_26\2011_09_26_drive_0009_sync\image_02\data\0000000291.png,E:\monodepth_project\data\kitti\2011_09_26\2011_09_26_drive_0009_sync\velodyne_points\data\0000000295.bin,True,True,375,1242,114197,train,E:\monodepth_project\data\kitti\depth_maps\2011_09_26_2011_09_26_drive_0009_sync_291.npy
2011_09_26,2011_09_26_drive_0009_sync,292,E:\monodepth_project\data\kitti\2011_09_26\2011_09_26_drive_0009_sync\image_02\data\0000000292.png,E:\monodepth_project\data\kitti\2011_09_26\2011_09_26_drive_0009_sync\velodyne_points\data\0000000296.bin,True,True,375,1242,113541,train,E:\monodepth_project\data\kitti\depth_maps\2011_09_26_2011_09_26_drive_0009_sync_292.npy
2011_09_26,2011_09_26_drive_0009_sync,293,E:\monodepth_project\data\kitti\2011_09_26\2011_09_26_drive_0009_sync\image_02\data\0000000293.png,E:\monodepth_project\data\kitti\2011_09_26\2011_09_26_drive_0009_sync\velodyne_points\data\0000000297.bin,True,True,375,1242,113384,train,E:\monodepth_project\data\kitti\depth_maps\2011_09_26_2011_09_26_drive_0009_sync_293.npy
2011_09_26,2011_09_26_drive_0009_sync,294,E:\monodepth_project\data\kitti\2011_09_26\2011_09_26_drive_0009_sync\image_02\data\0000000294.png,E:\monodepth_project\data\kitti\2011_09_26\2011_09_26_drive_0009_sync\velodyne_points\data\0000000298.bin,True,True,375,1242,113557,train,E:\monodepth_project\data\kitti\depth_maps\2011_09_26_2011_09_26_drive_0009_sync_294.npy
2011_09_26,2011_09_26_drive_0009_sync,295,E:\monodepth_project\data\kitti\2011_09_26\2011_09_26_drive_0009_sync\image_02\data\0000000295.png,E:\monodepth_project\data\kitti\2011_09_26\2011_09_26_drive_0009_sync\velodyne_points\data\0000000299.bin,True,True,375,1242,113533,train,E:\monodepth_project\data\kitti\depth_maps\2011_09_26_2011_09_26_drive_0009_sync_295.npy
2011_09_26,2011_09_26_drive_0009_sync,296,E:\monodepth_project\data\kitti\2011_09_26\2011_09_26_drive_0009_sync\image_02\data\0000000296.png,E:\monodepth_project\data\kitti\2011_09_26\2011_09_26_drive_0009_sync\velodyne_points\data\0000000300.bin,True,True,375,1242,113306,train,E:\monodepth_project\data\kitti\depth_maps\2011_09_26_2011_09_26_drive_0009_sync_296.npy
2011_09_26,2011_09_26_drive_0009_sync,297,E:\monodepth_project\data\kitti\2011_09_26\2011_09_26_drive_0009_sync\image_02\data\0000000297.png,E:\monodepth_project\data\kitti\2011_09_26\2011_09_26_drive_0009_sync\velodyne_points\data\0000000301.bin,True,True,375,1242,113107,train,E:\monodepth_project\data\kitti\depth_maps\2011_09_26_2011_09_26_drive_0009_sync_297.npy
2011_09_26,2011_09_26_drive_0009_sync,298,E:\monodepth_project\data\kitti\2011_09_26\2011_09_26_drive_0009_sync\image_02\data\0000000298.png,E:\monodepth_project\data\kitti\2011_09_26\2011_09_26_drive_0009_sync\velodyne_points\data\0000000302.bin,True,True,375,1242,113158,train,E:\monodepth_project\data\kitti\depth_maps\2011_09_26_2011_09_26_drive_0009_sync_298.npy
2011_09_26,2011_09_26_drive_0009_sync,299,E:\monodepth_project\data\kitti\2011_09_26\2011_09_26_drive_0009_sync\image_02\data\0000000299.png,E:\monodepth_project\data\kitti\2011_09_26\2011_09_26_drive_0009_sync\velodyne_points\data\0000000303.bin,True,True,375,1242,113330,train,E:\monodepth_project\data\kitti\depth_maps\2011_09_26_2011_09_26_drive_0009_sync_299.npy
2011_09_26,2011_09_26_drive_0009_sync,300,E:\monodepth_project\data\kitti\2011_09_26\2011_09_26_drive_0009_sync\image_02\data\0000000300.png,E:\monodepth_project\data\kitti\2011_09_26\2011_09_26_drive_0009_sync\velodyne_points\data\0000000304.bin,True,True,375,1242,113456,train,E:\monodepth_project\data\kitti\depth_maps\2011_09_26_2011_09_26_drive_0009_sync_300.npy
2011_09_26,2011_09_26_drive_0009_sync,301,E:\monodepth_project\data\kitti\2011_09_26\2011_09_26_drive_0009_sync\image_02\data\0000000301.png,E:\monodepth_project\data\kitti\2011_09_26\2011_09_26_drive_0009_sync\velodyne_points\data\0000000305.bin,True,True,375,1242,113574,train,E:\monodepth_project\data\kitti\depth_maps\2011_09_26_2011_09_26_drive_0009_sync_301.npy
2011_09_26,2011_09_26_drive_0009_sync,302,E:\monodepth_project\data\kitti\2011_09_26\2011_09_26_drive_0009_sync\image_02\data\0000000302.png,E:\monodepth_project\data\kitti\2011_09_26\2011_09_26_drive_0009_sync\velodyne_points\data\0000000306.bin,True,True,375,1242,113169,train,E:\monodepth_project\data\kitti\depth_maps\2011_09_26_2011_09_26_drive_0009_sync_302.npy
2011_09_26,2011_09_26_drive_0009_sync,303,E:\monodepth_project\data\kitti\2011_09_26\2011_09_26_drive_0009_sync\image_02\data\0000000303.png,E:\monodepth_project\data\kitti\2011_09_26\2011_09_26_drive_0009_sync\velodyne_points\data\0000000307.bin,True,True,375,1242,112711,train,E:\monodepth_project\data\kitti\depth_maps\2011_09_26_2011_09_26_drive_0009_sync_303.npy
2011_09_26,2011_09_26_drive_0009_sync,304,E:\monodepth_project\data\kitti\2011_09_26\2011_09_26_drive_0009_sync\image_02\data\0000000304.png,E:\monodepth_project\data\kitti\2011_09_26\2011_09_26_drive_0009_sync\velodyne_points\data\0000000308.bin,True,True,375,1242,111980,train,E:\monodepth_project\data\kitti\depth_maps\2011_09_26_2011_09_26_drive_0009_sync_304.npy
2011_09_26,2011_09_26_drive_0009_sync,305,E:\monodepth_project\data\kitti\2011_09_26\2011_09_26_drive_0009_sync\image_02\data\0000000305.png,E:\monodepth_project\data\kitti\2011_09_26\2011_09_26_drive_0009_sync\velodyne_points\data\0000000309.bin,True,True,375,1242,111981,train,E:\monodepth_project\data\kitti\depth_maps\2011_09_26_2011_09_26_drive_0009_sync_305.npy
2011_09_26,2011_09_26_drive_0009_sync,306,E:\monodepth_project\data\kitti\2011_09_26\2011_09_26_drive_0009_sync\image_02\data\0000000306.png,E:\monodepth_project\data\kitti\2011_09_26\2011_09_26_drive_0009_sync\velodyne_points\data\0000000310.bin,True,True,375,1242,111906,train,E:\monodepth_project\data\kitti\depth_maps\2011_09_26_2011_09_26_drive_0009_sync_306.npy
2011_09_26,2011_09_26_drive_0009_sync,307,E:\monodepth_project\data\kitti\2011_09_26\2011_09_26_drive_0009_sync\image_02\data\0000000307.png,E:\monodepth_project\data\kitti\2011_09_26\2011_09_26_drive_0009_sync\velodyne_points\data\0000000311.bin,True,True,375,1242,111372,train,E:\monodepth_project\data\kitti\depth_maps\2011_09_26_2011_09_26_drive_0009_sync_307.npy
2011_09_26,2011_09_26_drive_0009_sync,308,E:\monodepth_project\data\kitti\2011_09_26\2011_09_26_drive_0009_sync\image_02\data\0000000308.png,E:\monodepth_project\data\kitti\2011_09_26\2011_09_26_drive_0009_sync\velodyne_points\data\0000000312.bin,True,True,375,1242,109425,train,E:\monodepth_project\data\kitti\depth_maps\2011_09_26_2011_09_26_drive_0009_sync_308.npy
2011_09_26,2011_09_26_drive_0009_sync,309,E:\monodepth_project\data\kitti\2011_09_26\2011_09_26_drive_0009_sync\image_02\data\0000000309.png,E:\monodepth_project\data\kitti\2011_09_26\2011_09_26_drive_0009_sync\velodyne_points\data\0000000313.bin,True,True,375,1242,108505,train,E:\monodepth_project\data\kitti\depth_maps\2011_09_26_2011_09_26_drive_0009_sync_309.npy
2011_09_26,2011_09_26_drive_0009_sync,310,E:\monodepth_project\data\kitti\2011_09_26\2011_09_26_drive_0009_sync\image_02\data\0000000310.png,E:\monodepth_project\data\kitti\2011_09_26\2011_09_26_drive_0009_sync\velodyne_points\data\0000000314.bin,True,True,375,1242,107968,train,E:\monodepth_project\data\kitti\depth_maps\2011_09_26_2011_09_26_drive_0009_sync_310.npy
2011_09_26,2011_09_26_drive_0009_sync,311,E:\monodepth_project\data\kitti\2011_09_26\2011_09_26_drive_0009_sync\image_02\data\0000000311.png,E:\monodepth_project\data\kitti\2011_09_26\2011_09_26_drive_0009_sync\velodyne_points\data\0000000315.bin,True,True,375,1242,107890,train,E:\monodepth_project\data\kitti\depth_maps\2011_09_26_2011_09_26_drive_0009_sync_311.npy
2011_09_26,2011_09_26_drive_0009_sync,312,E:\monodepth_project\data\kitti\2011_09_26\2011_09_26_drive_0009_sync\image_02\data\0000000312.png,E:\monodepth_project\data\kitti\2011_09_26\2011_09_26_drive_0009_sync\velodyne_points\data\0000000316.bin,True,True,375,1242,106785,train,E:\monodepth_project\data\kitti\depth_maps\2011_09_26_2011_09_26_drive_0009_sync_312.npy
2011_09_26,2011_09_26_drive_0009_sync,313,E:\monodepth_project\data\kitti\2011_09_26\2011_09_26_drive_0009_sync\image_02\data\0000000313.png,E:\monodepth_project\data\kitti\2011_09_26\2011_09_26_drive_0009_sync\velodyne_points\data\0000000317.bin,True,True,375,1242,105188,train,E:\monodepth_project\data\kitti\depth_maps\2011_09_26_2011_09_26_drive_0009_sync_313.npy
2011_09_26,2011_09_26_drive_0009_sync,314,E:\monodepth_project\data\kitti\2011_09_26\2011_09_26_drive_0009_sync\image_02\data\0000000314.png,E:\monodepth_project\data\kitti\2011_09_26\2011_09_26_drive_0009_sync\velodyne_points\data\0000000318.bin,True,True,375,1242,104437,train,E:\monodepth_project\data\kitti\depth_maps\2011_09_26_2011_09_26_drive_0009_sync_314.npy
2011_09_26,2011_09_26_drive_0009_sync,315,E:\monodepth_project\data\kitti\2011_09_26\2011_09_26_drive_0009_sync\image_02\data\0000000315.png,E:\monodepth_project\data\kitti\2011_09_26\2011_09_26_drive_0009_sync\velodyne_points\data\0000000319.bin,True,True,375,1242,103893,train,E:\monodepth_project\data\kitti\depth_maps\2011_09_26_2011_09_26_drive_0009_sync_315.npy
2011_09_26,2011_09_26_drive_0009_sync,316,E:\monodepth_project\data\kitti\2011_09_26\2011_09_26_drive_0009_sync\image_02\data\0000000316.png,E:\monodepth_project\data\kitti\2011_09_26\2011_09_26_drive_0009_sync\velodyne_points\data\0000000320.bin,True,True,375,1242,103916,train,E:\monodepth_project\data\kitti\depth_maps\2011_09_26_2011_09_26_drive_0009_sync_316.npy
2011_09_26,2011_09_26_drive_0009_sync,317,E:\monodepth_project\data\kitti\2011_09_26\2011_09_26_drive_0009_sync\image_02\data\0000000317.png,E:\monodepth_project\data\kitti\2011_09_26\2011_09_26_drive_0009_sync\velodyne_points\data\0000000321.bin,True,True,375,1242,103106,train,E:\monodepth_project\data\kitti\depth_maps\2011_09_26_2011_09_26_drive_0009_sync_317.npy
2011_09_26,2011_09_26_drive_0009_sync,318,E:\monodepth_project\data\kitti\2011_09_26\2011_09_26_drive_0009_sync\image_02\data\0000000318.png,E:\monodepth_project\data\kitti\2011_09_26\2011_09_26_drive_0009_sync\velodyne_points\data\0000000322.bin,True,True,375,1242,100653,train,E:\monodepth_project\data\kitti\depth_maps\2011_09_26_2011_09_26_drive_0009_sync_318.npy
2011_09_26,2011_09_26_drive_0009_sync,321,E:\monodepth_project\data\kitti\2011_09_26\2011_09_26_drive_0009_sync\image_02\data\0000000321.png,E:\monodepth_project\data\kitti\2011_09_26\2011_09_26_drive_0009_sync\velodyne_points\data\0000000325.bin,True,True,375,1242,100477,train,E:\monodepth_project\data\kitti\depth_maps\2011_09_26_2011_09_26_drive_0009_sync_321.npy
2011_09_26,2011_09_26_drive_0009_sync,322,E:\monodepth_project\data\kitti\2011_09_26\2011_09_26_drive_0009_sync\image_02\data\0000000322.png,E:\monodepth_project\data\kitti\2011_09_26\2011_09_26_drive_0009_sync\velodyne_points\data\0000000326.bin,True,True,375,1242,100758,train,E:\monodepth_project\data\kitti\depth_maps\2011_09_26_2011_09_26_drive_0009_sync_322.npy
2011_09_26,2011_09_26_drive_0009_sync,323,E:\monodepth_project\data\kitti\2011_09_26\2011_09_26_drive_0009_sync\image_02\data\0000000323.png,E:\monodepth_project\data\kitti\2011_09_26\2011_09_26_drive_0009_sync\velodyne_points\data\0000000327.bin,True,True,375,1242,100236,train,E:\monodepth_project\data\kitti\depth_maps\2011_09_26_2011_09_26_drive_0009_sync_323.npy
2011_09_26,2011_09_26_drive_0009_sync,325,E:\monodepth_project\data\kitti\2011_09_26\2011_09_26_drive_0009_sync\image_02\data\0000000325.png,E:\monodepth_project\data\kitti\2011_09_26\2011_09_26_drive_0009_sync\velodyne_points\data\0000000329.bin,True,True,375,1242,101011,train,E:\monodepth_project\data\kitti\depth_maps\2011_09_26_2011_09_26_drive_0009_sync_325.npy
2011_09_26,2011_09_26_drive_0009_sync,326,E:\monodepth_project\data\kitti\2011_09_26\2011_09_26_drive_0009_sync\image_02\data\0000000326.png,E:\monodepth_project\data\kitti\2011_09_26\2011_09_26_drive_0009_sync\velodyne_points\data\0000000330.bin,True,True,375,1242,102734,train,E:\monodepth_project\data\kitti\depth_maps\2011_09_26_2011_09_26_drive_0009_sync_326.npy
2011_09_26,2011_09_26_drive_0009_sync,327,E:\monodepth_project\data\kitti\2011_09_26\2011_09_26_drive_0009_sync\image_02\data\0000000327.png,E:\monodepth_project\data\kitti\2011_09_26\2011_09_26_drive_0009_sync\velodyne_points\data\0000000331.bin,True,True,375,1242,104343,train,E:\monodepth_project\data\kitti\depth_maps\2011_09_26_2011_09_26_drive_0009_sync_327.npy
2011_09_26,2011_09_26_drive_0009_sync,328,E:\monodepth_project\data\kitti\2011_09_26\2011_09_26_drive_0009_sync\image_02\data\0000000328.png,E:\monodepth_project\data\kitti\2011_09_26\2011_09_26_drive_0009_sync\velodyne_points\data\0000000332.bin,True,True,375,1242,105882,train,E:\monodepth_project\data\kitti\depth_maps\2011_09_26_2011_09_26_drive_0009_sync_328.npy
2011_09_26,2011_09_26_drive_0009_sync,329,E:\monodepth_project\data\kitti\2011_09_26\2011_09_26_drive_0009_sync\image_02\data\0000000329.png,E:\monodepth_project\data\kitti\2011_09_26\2011_09_26_drive_0009_sync\velodyne_points\data\0000000333.bin,True,True,375,1242,106854,train,E:\monodepth_project\data\kitti\depth_maps\2011_09_26_2011_09_26_drive_0009_sync_329.npy
2011_09_26,2011_09_26_drive_0009_sync,330,E:\monodepth_project\data\kitti\2011_09_26\2011_09_26_drive_0009_sync\image_02\data\0000000330.png,E:\monodepth_project\data\kitti\2011_09_26\2011_09_26_drive_0009_sync\velodyne_points\data\0000000334.bin,True,True,375,1242,107739,train,E:\monodepth_project\data\kitti\depth_maps\2011_09_26_2011_09_26_drive_0009_sync_330.npy
2011_09_26,2011_09_26_drive_0009_sync,331,E:\monodepth_project\data\kitti\2011_09_26\2011_09_26_drive_0009_sync\image_02\data\0000000331.png,E:\monodepth_project\data\kitti\2011_09_26\2011_09_26_drive_0009_sync\velodyne_points\data\0000000335.bin,True,True,375,1242,108808,train,E:\monodepth_project\data\kitti\depth_maps\2011_09_26_2011_09_26_drive_0009_sync_331.npy
2011_09_26,2011_09_26_drive_0009_sync,332,E:\monodepth_project\data\kitti\2011_09_26\2011_09_26_drive_0009_sync\image_02\data\0000000332.png,E:\monodepth_project\data\kitti\2011_09_26\2011_09_26_drive_0009_sync\velodyne_points\data\0000000336.bin,True,True,375,1242,110222,train,E:\monodepth_project\data\kitti\depth_maps\2011_09_26_2011_09_26_drive_0009_sync_332.npy
2011_09_26,2011_09_26_drive_0009_sync,333,E:\monodepth_project\data\kitti\2011_09_26\2011_09_26_drive_0009_sync\image_02\data\0000000333.png,E:\monodepth_project\data\kitti\2011_09_26\2011_09_26_drive_0009_sync\velodyne_points\data\0000000337.bin,True,True,375,1242,111228,train,E:\monodepth_project\data\kitti\depth_maps\2011_09_26_2011_09_26_drive_0009_sync_333.npy
2011_09_26,2011_09_26_drive_0009_sync,334,E:\monodepth_project\data\kitti\2011_09_26\2011_09_26_drive_0009_sync\image_02\data\0000000334.png,E:\monodepth_project\data\kitti\2011_09_26\2011_09_26_drive_0009_sync\velodyne_points\data\0000000338.bin,True,True,375,1242,111935,train,E:\monodepth_project\data\kitti\depth_maps\2011_09_26_2011_09_26_drive_0009_sync_334.npy
2011_09_26,2011_09_26_drive_0009_sync,335,E:\monodepth_project\data\kitti\2011_09_26\2011_09_26_drive_0009_sync\image_02\data\0000000335.png,E:\monodepth_project\data\kitti\2011_09_26\2011_09_26_drive_0009_sync\velodyne_points\data\0000000339.bin,True,True,375,1242,112176,train,E:\monodepth_project\data\kitti\depth_maps\2011_09_26_2011_09_26_drive_0009_sync_335.npy
2011_09_26,2011_09_26_drive_0009_sync,336,E:\monodepth_project\data\kitti\2011_09_26\2011_09_26_drive_0009_sync\image_02\data\0000000336.png,E:\monodepth_project\data\kitti\2011_09_26\2011_09_26_drive_0009_sync\velodyne_points\data\0000000340.bin,True,True,375,1242,112230,train,E:\monodepth_project\data\kitti\depth_maps\2011_09_26_2011_09_26_drive_0009_sync_336.npy
2011_09_26,2011_09_26_drive_0009_sync,337,E:\monodepth_project\data\kitti\2011_09_26\2011_09_26_drive_0009_sync\image_02\data\0000000337.png,E:\monodepth_project\data\kitti\2011_09_26\2011_09_26_drive_0009_sync\velodyne_points\data\0000000341.bin,True,True,375,1242,112028,train,E:\monodepth_project\data\kitti\depth_maps\2011_09_26_2011_09_26_drive_0009_sync_337.npy
2011_09_26,2011_09_26_drive_0009_sync,338,E:\monodepth_project\data\kitti\2011_09_26\2011_09_26_drive_0009_sync\image_02\data\0000000338.png,E:\monodepth_project\data\kitti\2011_09_26\2011_09_26_drive_0009_sync\velodyne_points\data\0000000342.bin,True,True,375,1242,112368,train,E:\monodepth_project\data\kitti\depth_maps\2011_09_26_2011_09_26_drive_0009_sync_338.npy
2011_09_26,2011_09_26_drive_0009_sync,339,E:\monodepth_project\data\kitti\2011_09_26\2011_09_26_drive_0009_sync\image_02\data\0000000339.png,E:\monodepth_project\data\kitti\2011_09_26\2011_09_26_drive_0009_sync\velodyne_points\data\0000000343.bin,True,True,375,1242,111850,train,E:\monodepth_project\data\kitti\depth_maps\2011_09_26_2011_09_26_drive_0009_sync_339.npy
2011_09_26,2011_09_26_drive_0009_sync,340,E:\monodepth_project\data\kitti\2011_09_26\2011_09_26_drive_0009_sync\image_02\data\0000000340.png,E:\monodepth_project\data\kitti\2011_09_26\2011_09_26_drive_0009_sync\velodyne_points\data\0000000344.bin,True,True,375,1242,111779,train,E:\monodepth_project\data\kitti\depth_maps\2011_09_26_2011_09_26_drive_0009_sync_340.npy
2011_09_26,2011_09_26_drive_0009_sync,341,E:\monodepth_project\data\kitti\2011_09_26\2011_09_26_drive_0009_sync\image_02\data\0000000341.png,E:\monodepth_project\data\kitti\2011_09_26\2011_09_26_drive_0009_sync\velodyne_points\data\0000000345.bin,True,True,375,1242,111876,train,E:\monodepth_project\data\kitti\depth_maps\2011_09_26_2011_09_26_drive_0009_sync_341.npy
2011_09_26,2011_09_26_drive_0009_sync,342,E:\monodepth_project\data\kitti\2011_09_26\2011_09_26_drive_0009_sync\image_02\data\0000000342.png,E:\monodepth_project\data\kitti\2011_09_26\2011_09_26_drive_0009_sync\velodyne_points\data\0000000346.bin,True,True,375,1242,112509,train,E:\monodepth_project\data\kitti\depth_maps\2011_09_26_2011_09_26_drive_0009_sync_342.npy
2011_09_26,2011_09_26_drive_0009_sync,343,E:\monodepth_project\data\kitti\2011_09_26\2011_09_26_drive_0009_sync\image_02\data\0000000343.png,E:\monodepth_project\data\kitti\2011_09_26\2011_09_26_drive_0009_sync\velodyne_points\data\0000000347.bin,True,True,375,1242,112900,train,E:\monodepth_project\data\kitti\depth_maps\2011_09_26_2011_09_26_drive_0009_sync_343.npy
2011_09_26,2011_09_26_drive_0009_sync,344,E:\monodepth_project\data\kitti\2011_09_26\2011_09_26_drive_0009_sync\image_02\data\0000000344.png,E:\monodepth_project\data\kitti\2011_09_26\2011_09_26_drive_0009_sync\velodyne_points\data\0000000348.bin,True,True,375,1242,114389,train,E:\monodepth_project\data\kitti\depth_maps\2011_09_26_2011_09_26_drive_0009_sync_344.npy
2011_09_26,2011_09_26_drive_0009_sync,345,E:\monodepth_project\data\kitti\2011_09_26\2011_09_26_drive_0009_sync\image_02\data\0000000345.png,E:\monodepth_project\data\kitti\2011_09_26\2011_09_26_drive_0009_sync\velodyne_points\data\0000000349.bin,True,True,375,1242,115940,train,E:\monodepth_project\data\kitti\depth_maps\2011_09_26_2011_09_26_drive_0009_sync_345.npy
2011_09_26,2011_09_26_drive_0009_sync,346,E:\monodepth_project\data\kitti\2011_09_26\2011_09_26_drive_0009_sync\image_02\data\0000000346.png,E:\monodepth_project\data\kitti\2011_09_26\2011_09_26_drive_0009_sync\velodyne_points\data\0000000350.bin,True,True,375,1242,116569,train,E:\monodepth_project\data\kitti\depth_maps\2011_09_26_2011_09_26_drive_0009_sync_346.npy
2011_09_26,2011_09_26_drive_0009_sync,347,E:\monodepth_project\data\kitti\2011_09_26\2011_09_26_drive_0009_sync\image_02\data\0000000347.png,E:\monodepth_project\data\kitti\2011_09_26\2011_09_26_drive_0009_sync\velodyne_points\data\0000000351.bin,True,True,375,1242,116914,train,E:\monodepth_project\data\kitti\depth_maps\2011_09_26_2011_09_26_drive_0009_sync_347.npy
2011_09_26,2011_09_26_drive_0009_sync,348,E:\monodepth_project\data\kitti\2011_09_26\2011_09_26_drive_0009_sync\image_02\data\0000000348.png,E:\monodepth_project\data\kitti\2011_09_26\2011_09_26_drive_0009_sync\velodyne_points\data\0000000352.bin,True,True,375,1242,117652,train,E:\monodepth_project\data\kitti\depth_maps\2011_09_26_2011_09_26_drive_0009_sync_348.npy
2011_09_26,2011_09_26_drive_0009_sync,349,E:\monodepth_project\data\kitti\2011_09_26\2011_09_26_drive_0009_sync\image_02\data\0000000349.png,E:\monodepth_project\data\kitti\2011_09_26\2011_09_26_drive_0009_sync\velodyne_points\data\0000000353.bin,True,True,375,1242,118634,train,E:\monodepth_project\data\kitti\depth_maps\2011_09_26_2011_09_26_drive_0009_sync_349.npy
2011_09_26,2011_09_26_drive_0009_sync,350,E:\monodepth_project\data\kitti\2011_09_26\2011_09_26_drive_0009_sync\image_02\data\0000000350.png,E:\monodepth_project\data\kitti\2011_09_26\2011_09_26_drive_0009_sync\velodyne_points\data\0000000354.bin,True,True,375,1242,119006,train,E:\monodepth_project\data\kitti\depth_maps\2011_09_26_2011_09_26_drive_0009_sync_350.npy
2011_09_26,2011_09_26_drive_0009_sync,351,E:\monodepth_project\data\kitti\2011_09_26\2011_09_26_drive_0009_sync\image_02\data\0000000351.png,E:\monodepth_project\data\kitti\2011_09_26\2011_09_26_drive_0009_sync\velodyne_points\data\0000000355.bin,True,True,375,1242,119674,train,E:\monodepth_project\data\kitti\depth_maps\2011_09_26_2011_09_26_drive_0009_sync_351.npy
2011_09_26,2011_09_26_drive_0009_sync,352,E:\monodepth_project\data\kitti\2011_09_26\2011_09_26_drive_0009_sync\image_02\data\0000000352.png,E:\monodepth_project\data\kitti\2011_09_26\2011_09_26_drive_0009_sync\velodyne_points\data\0000000356.bin,True,True,375,1242,119835,train,E:\monodepth_project\data\kitti\depth_maps\2011_09_26_2011_09_26_drive_0009_sync_352.npy
2011_09_26,2011_09_26_drive_0009_sync,353,E:\monodepth_project\data\kitti\2011_09_26\2011_09_26_drive_0009_sync\image_02\data\0000000353.png,E:\monodepth_project\data\kitti\2011_09_26\2011_09_26_drive_0009_sync\velodyne_points\data\0000000357.bin,True,True,375,1242,120344,train,E:\monodepth_project\data\kitti\depth_maps\2011_09_26_2011_09_26_drive_0009_sync_353.npy
2011_09_26,2011_09_26_drive_0009_sync,354,E:\monodepth_project\data\kitti\2011_09_26\2011_09_26_drive_0009_sync\image_02\data\0000000354.png,E:\monodepth_project\data\kitti\2011_09_26\2011_09_26_drive_0009_sync\velodyne_points\data\0000000358.bin,True,True,375,1242,120744,train,E:\monodepth_project\data\kitti\depth_maps\2011_09_26_2011_09_26_drive_0009_sync_354.npy
2011_09_26,2011_09_26_drive_0009_sync,355,E:\monodepth_project\data\kitti\2011_09_26\2011_09_26_drive_0009_sync\image_02\data\0000000355.png,E:\monodepth_project\data\kitti\2011_09_26\2011_09_26_drive_0009_sync\velodyne_points\data\0000000359.bin,True,True,375,1242,120954,train,E:\monodepth_project\data\kitti\depth_maps\2011_09_26_2011_09_26_drive_0009_sync_355.npy
2011_09_26,2011_09_26_drive_0009_sync,356,E:\monodepth_project\data\kitti\2011_09_26\2011_09_26_drive_0009_sync\image_02\data\0000000356.png,E:\monodepth_project\data\kitti\2011_09_26\2011_09_26_drive_0009_sync\velodyne_points\data\0000000360.bin,True,True,375,1242,121288,train,E:\monodepth_project\data\kitti\depth_maps\2011_09_26_2011_09_26_drive_0009_sync_356.npy
2011_09_26,2011_09_26_drive_0009_sync,357,E:\monodepth_project\data\kitti\2011_09_26\2011_09_26_drive_0009_sync\image_02\data\0000000357.png,E:\monodepth_project\data\kitti\2011_09_26\2011_09_26_drive_0009_sync\velodyne_points\data\0000000361.bin,True,True,375,1242,121319,train,E:\monodepth_project\data\kitti\depth_maps\2011_09_26_2011_09_26_drive_0009_sync_357.npy
2011_09_26,2011_09_26_drive_0009_sync,358,E:\monodepth_project\data\kitti\2011_09_26\2011_09_26_drive_0009_sync\image_02\data\0000000358.png,E:\monodepth_project\data\kitti\2011_09_26\2011_09_26_drive_0009_sync\velodyne_points\data\0000000362.bin,True,True,375,1242,121491,train,E:\monodepth_project\data\kitti\depth_maps\2011_09_26_2011_09_26_drive_0009_sync_358.npy
2011_09_26,2011_09_26_drive_0009_sync,359,E:\monodepth_project\data\kitti\2011_09_26\2011_09_26_drive_0009_sync\image_02\data\0000000359.png,E:\monodepth_project\data\kitti\2011_09_26\2011_09_26_drive_0009_sync\velodyne_points\data\0000000363.bin,True,True,375,1242,121681,train,E:\monodepth_project\data\kitti\depth_maps\2011_09_26_2011_09_26_drive_0009_sync_359.npy
2011_09_26,2011_09_26_drive_0009_sync,360,E:\monodepth_project\data\kitti\2011_09_26\2011_09_26_drive_0009_sync\image_02\data\0000000360.png,E:\monodepth_project\data\kitti\2011_09_26\2011_09_26_drive_0009_sync\velodyne_points\data\0000000364.bin,True,True,375,1242,121784,train,E:\monodepth_project\data\kitti\depth_maps\2011_09_26_2011_09_26_drive_0009_sync_360.npy
2011_09_26,2011_09_26_drive_0009_sync,361,E:\monodepth_project\data\kitti\2011_09_26\2011_09_26_drive_0009_sync\image_02\data\0000000361.png,E:\monodepth_project\data\kitti\2011_09_26\2011_09_26_drive_0009_sync\velodyne_points\data\0000000365.bin,True,True,375,1242,121761,train,E:\monodepth_project\data\kitti\depth_maps\2011_09_26_2011_09_26_drive_0009_sync_361.npy
2011_09_26,2011_09_26_drive_0009_sync,362,E:\monodepth_project\data\kitti\2011_09_26\2011_09_26_drive_0009_sync\image_02\data\0000000362.png,E:\monodepth_project\data\kitti\2011_09_26\2011_09_26_drive_0009_sync\velodyne_points\data\0000000366.bin,True,True,375,1242,121550,train,E:\monodepth_project\data\kitti\depth_maps\2011_09_26_2011_09_26_drive_0009_sync_362.npy
2011_09_26,2011_09_26_drive_0009_sync,363,E:\monodepth_project\data\kitti\2011_09_26\2011_09_26_drive_0009_sync\image_02\data\0000000363.png,E:\monodepth_project\data\kitti\2011_09_26\2011_09_26_drive_0009_sync\velodyne_points\data\0000000367.bin,True,True,375,1242,121936,train,E:\monodepth_project\data\kitti\depth_maps\2011_09_26_2011_09_26_drive_0009_sync_363.npy
2011_09_26,2011_09_26_drive_0009_sync,364,E:\monodepth_project\data\kitti\2011_09_26\2011_09_26_drive_0009_sync\image_02\data\0000000364.png,E:\monodepth_project\data\kitti\2011_09_26\2011_09_26_drive_0009_sync\velodyne_points\data\0000000368.bin,True,True,375,1242,121928,train,E:\monodepth_project\data\kitti\depth_maps\2011_09_26_2011_09_26_drive_0009_sync_364.npy
2011_09_26,2011_09_26_drive_0009_sync,365,E:\monodepth_project\data\kitti\2011_09_26\2011_09_26_drive_0009_sync\image_02\data\0000000365.png,E:\monodepth_project\data\kitti\2011_09_26\2011_09_26_drive_0009_sync\velodyne_points\data\0000000369.bin,True,True,375,1242,122026,train,E:\monodepth_project\data\kitti\depth_maps\2011_09_26_2011_09_26_drive_0009_sync_365.npy
2011_09_26,2011_09_26_drive_0009_sync,366,E:\monodepth_project\data\kitti\2011_09_26\2011_09_26_drive_0009_sync\image_02\data\0000000366.png,E:\monodepth_project\data\kitti\2011_09_26\2011_09_26_drive_0009_sync\velodyne_points\data\0000000370.bin,True,True,375,1242,122200,train,E:\monodepth_project\data\kitti\depth_maps\2011_09_26_2011_09_26_drive_0009_sync_366.npy
2011_09_26,2011_09_26_drive_0009_sync,367,E:\monodepth_project\data\kitti\2011_09_26\2011_09_26_drive_0009_sync\image_02\data\0000000367.png,E:\monodepth_project\data\kitti\2011_09_26\2011_09_26_drive_0009_sync\velodyne_points\data\0000000371.bin,True,True,375,1242,122181,train,E:\monodepth_project\data\kitti\depth_maps\2011_09_26_2011_09_26_drive_0009_sync_367.npy
2011_09_26,2011_09_26_drive_0009_sync,368,E:\monodepth_project\data\kitti\2011_09_26\2011_09_26_drive_0009_sync\image_02\data\0000000368.png,E:\monodepth_project\data\kitti\2011_09_26\2011_09_26_drive_0009_sync\velodyne_points\data\0000000372.bin,True,True,375,1242,121838,train,E:\monodepth_project\data\kitti\depth_maps\2011_09_26_2011_09_26_drive_0009_sync_368.npy
2011_09_26,2011_09_26_drive_0009_sync,369,E:\monodepth_project\data\kitti\2011_09_26\2011_09_26_drive_0009_sync\image_02\data\0000000369.png,E:\monodepth_project\data\kitti\2011_09_26\2011_09_26_drive_0009_sync\velodyne_points\data\0000000373.bin,True,True,375,1242,121045,train,E:\monodepth_project\data\kitti\depth_maps\2011_09_26_2011_09_26_drive_0009_sync_369.npy
2011_09_26,2011_09_26_drive_0009_sync,370,E:\monodepth_project\data\kitti\2011_09_26\2011_09_26_drive_0009_sync\image_02\data\0000000370.png,E:\monodepth_project\data\kitti\2011_09_26\2011_09_26_drive_0009_sync\velodyne_points\data\0000000374.bin,True,True,375,1242,120457,train,E:\monodepth_project\data\kitti\depth_maps\2011_09_26_2011_09_26_drive_0009_sync_370.npy
2011_09_26,2011_09_26_drive_0009_sync,371,E:\monodepth_project\data\kitti\2011_09_26\2011_09_26_drive_0009_sync\image_02\data\0000000371.png,E:\monodepth_project\data\kitti\2011_09_26\2011_09_26_drive_0009_sync\velodyne_points\data\0000000375.bin,True,True,375,1242,120167,train,E:\monodepth_project\data\kitti\depth_maps\2011_09_26_2011_09_26_drive_0009_sync_371.npy
2011_09_26,2011_09_26_drive_0009_sync,372,E:\monodepth_project\data\kitti\2011_09_26\2011_09_26_drive_0009_sync\image_02\data\0000000372.png,E:\monodepth_project\data\kitti\2011_09_26\2011_09_26_drive_0009_sync\velodyne_points\data\0000000376.bin,True,True,375,1242,120183,train,E:\monodepth_project\data\kitti\depth_maps\2011_09_26_2011_09_26_drive_0009_sync_372.npy
2011_09_26,2011_09_26_drive_0009_sync,373,E:\monodepth_project\data\kitti\2011_09_26\2011_09_26_drive_0009_sync\image_02\data\0000000373.png,E:\monodepth_project\data\kitti\2011_09_26\2011_09_26_drive_0009_sync\velodyne_points\data\0000000377.bin,True,True,375,1242,120280,train,E:\monodepth_project\data\kitti\depth_maps\2011_09_26_2011_09_26_drive_0009_sync_373.npy
2011_09_26,2011_09_26_drive_0009_sync,374,E:\monodepth_project\data\kitti\2011_09_26\2011_09_26_drive_0009_sync\image_02\data\0000000374.png,E:\monodepth_project\data\kitti\2011_09_26\2011_09_26_drive_0009_sync\velodyne_points\data\0000000378.bin,True,True,375,1242,120522,train,E:\monodepth_project\data\kitti\depth_maps\2011_09_26_2011_09_26_drive_0009_sync_374.npy
2011_09_26,2011_09_26_drive_0009_sync,375,E:\monodepth_project\data\kitti\2011_09_26\2011_09_26_drive_0009_sync\image_02\data\0000000375.png,E:\monodepth_project\data\kitti\2011_09_26\2011_09_26_drive_0009_sync\velodyne_points\data\0000000379.bin,True,True,375,1242,121553,train,E:\monodepth_project\data\kitti\depth_maps\2011_09_26_2011_09_26_drive_0009_sync_375.npy
2011_09_26,2011_09_26_drive_0009_sync,376,E:\monodepth_project\data\kitti\2011_09_26\2011_09_26_drive_0009_sync\image_02\data\0000000376.png,E:\monodepth_project\data\kitti\2011_09_26\2011_09_26_drive_0009_sync\velodyne_points\data\0000000380.bin,True,True,375,1242,122621,train,E:\monodepth_project\data\kitti\depth_maps\2011_09_26_2011_09_26_drive_0009_sync_376.npy
2011_09_26,2011_09_26_drive_0009_sync,377,E:\monodepth_project\data\kitti\2011_09_26\2011_09_26_drive_0009_sync\image_02\data\0000000377.png,E:\monodepth_project\data\kitti\2011_09_26\2011_09_26_drive_0009_sync\velodyne_points\data\0000000381.bin,True,True,375,1242,123060,train,E:\monodepth_project\data\kitti\depth_maps\2011_09_26_2011_09_26_drive_0009_sync_377.npy
2011_09_26,2011_09_26_drive_0009_sync,378,E:\monodepth_project\data\kitti\2011_09_26\2011_09_26_drive_0009_sync\image_02\data\0000000378.png,E:\monodepth_project\data\kitti\2011_09_26\2011_09_26_drive_0009_sync\velodyne_points\data\0000000382.bin,True,True,375,1242,123139,train,E:\monodepth_project\data\kitti\depth_maps\2011_09_26_2011_09_26_drive_0009_sync_378.npy
2011_09_26,2011_09_26_drive_0009_sync,379,E:\monodepth_project\data\kitti\2011_09_26\2011_09_26_drive_0009_sync\image_02\data\0000000379.png,E:\monodepth_project\data\kitti\2011_09_26\2011_09_26_drive_0009_sync\velodyne_points\data\0000000383.bin,True,True,375,1242,123393,train,E:\monodepth_project\data\kitti\depth_maps\2011_09_26_2011_09_26_drive_0009_sync_379.npy
2011_09_26,2011_09_26_drive_0009_sync,380,E:\monodepth_project\data\kitti\2011_09_26\2011_09_26_drive_0009_sync\image_02\data\0000000380.png,E:\monodepth_project\data\kitti\2011_09_26\2011_09_26_drive_0009_sync\velodyne_points\data\0000000384.bin,True,True,375,1242,123451,train,E:\monodepth_project\data\kitti\depth_maps\2011_09_26_2011_09_26_drive_0009_sync_380.npy
2011_09_26,2011_09_26_drive_0009_sync,381,E:\monodepth_project\data\kitti\2011_09_26\2011_09_26_drive_0009_sync\image_02\data\0000000381.png,E:\monodepth_project\data\kitti\2011_09_26\2011_09_26_drive_0009_sync\velodyne_points\data\0000000385.bin,True,True,375,1242,123473,train,E:\monodepth_project\data\kitti\depth_maps\2011_09_26_2011_09_26_drive_0009_sync_381.npy
2011_09_26,2011_09_26_drive_0009_sync,382,E:\monodepth_project\data\kitti\2011_09_26\2011_09_26_drive_0009_sync\image_02\data\0000000382.png,E:\monodepth_project\data\kitti\2011_09_26\2011_09_26_drive_0009_sync\velodyne_points\data\0000000386.bin,True,True,375,1242,123511,train,E:\monodepth_project\data\kitti\depth_maps\2011_09_26_2011_09_26_drive_0009_sync_382.npy
2011_09_26,2011_09_26_drive_0009_sync,383,E:\monodepth_project\data\kitti\2011_09_26\2011_09_26_drive_0009_sync\image_02\data\0000000383.png,E:\monodepth_project\data\kitti\2011_09_26\2011_09_26_drive_0009_sync\velodyne_points\data\0000000387.bin,True,True,375,1242,123651,train,E:\monodepth_project\data\kitti\depth_maps\2011_09_26_2011_09_26_drive_0009_sync_383.npy
2011_09_26,2011_09_26_drive_0009_sync,384,E:\monodepth_project\data\kitti\2011_09_26\2011_09_26_drive_0009_sync\image_02\data\0000000384.png,E:\monodepth_project\data\kitti\2011_09_26\2011_09_26_drive_0009_sync\velodyne_points\data\0000000388.bin,True,True,375,1242,123407,train,E:\monodepth_project\data\kitti\depth_maps\2011_09_26_2011_09_26_drive_0009_sync_384.npy
2011_09_26,2011_09_26_drive_0009_sync,385,E:\monodepth_project\data\kitti\2011_09_26\2011_09_26_drive_0009_sync\image_02\data\0000000385.png,E:\monodepth_project\data\kitti\2011_09_26\2011_09_26_drive_0009_sync\velodyne_points\data\0000000389.bin,True,True,375,1242,123640,train,E:\monodepth_project\data\kitti\depth_maps\2011_09_26_2011_09_26_drive_0009_sync_385.npy
2011_09_26,2011_09_26_drive_0009_sync,386,E:\monodepth_project\data\kitti\2011_09_26\2011_09_26_drive_0009_sync\image_02\data\0000000386.png,E:\monodepth_project\data\kitti\2011_09_26\2011_09_26_drive_0009_sync\velodyne_points\data\0000000390.bin,True,True,375,1242,123773,train,E:\monodepth_project\data\kitti\depth_maps\2011_09_26_2011_09_26_drive_0009_sync_386.npy
2011_09_26,2011_09_26_drive_0009_sync,387,E:\monodepth_project\data\kitti\2011_09_26\2011_09_26_drive_0009_sync\image_02\data\0000000387.png,E:\monodepth_project\data\kitti\2011_09_26\2011_09_26_drive_0009_sync\velodyne_points\data\0000000391.bin,True,True,375,1242,123672,train,E:\monodepth_project\data\kitti\depth_maps\2011_09_26_2011_09_26_drive_0009_sync_387.npy
2011_09_26,2011_09_26_drive_0009_sync,388,E:\monodepth_project\data\kitti\2011_09_26\2011_09_26_drive_0009_sync\image_02\data\0000000388.png,E:\monodepth_project\data\kitti\2011_09_26\2011_09_26_drive_0009_sync\velodyne_points\data\0000000392.bin,True,True,375,1242,123739,train,E:\monodepth_project\data\kitti\depth_maps\2011_09_26_2011_09_26_drive_0009_sync_388.npy
2011_09_26,2011_09_26_drive_0009_sync,389,E:\monodepth_project\data\kitti\2011_09_26\2011_09_26_drive_0009_sync\image_02\data\0000000389.png,E:\monodepth_project\data\kitti\2011_09_26\2011_09_26_drive_0009_sync\velodyne_points\data\0000000393.bin,True,True,375,1242,123760,train,E:\monodepth_project\data\kitti\depth_maps\2011_09_26_2011_09_26_drive_0009_sync_389.npy
2011_09_26,2011_09_26_drive_0009_sync,390,E:\monodepth_project\data\kitti\2011_09_26\2011_09_26_drive_0009_sync\image_02\data\0000000390.png,E:\monodepth_project\data\kitti\2011_09_26\2011_09_26_drive_0009_sync\velodyne_points\data\0000000394.bin,True,True,375,1242,123870,train,E:\monodepth_project\data\kitti\depth_maps\2011_09_26_2011_09_26_drive_0009_sync_390.npy
2011_09_26,2011_09_26_drive_0009_sync,391,E:\monodepth_project\data\kitti\2011_09_26\2011_09_26_drive_0009_sync\image_02\data\0000000391.png,E:\monodepth_project\data\kitti\2011_09_26\2011_09_26_drive_0009_sync\velodyne_points\data\0000000395.bin,True,True,375,1242,123824,train,E:\monodepth_project\data\kitti\depth_maps\2011_09_26_2011_09_26_drive_0009_sync_391.npy
2011_09_26,2011_09_26_drive_0009_sync,392,E:\monodepth_project\data\kitti\2011_09_26\2011_09_26_drive_0009_sync\image_02\data\0000000392.png,E:\monodepth_project\data\kitti\2011_09_26\2011_09_26_drive_0009_sync\velodyne_points\data\0000000396.bin,True,True,375,1242,123894,train,E:\monodepth_project\data\kitti\depth_maps\2011_09_26_2011_09_26_drive_0009_sync_392.npy
2011_09_26,2011_09_26_drive_0009_sync,393,E:\monodepth_project\data\kitti\2011_09_26\2011_09_26_drive_0009_sync\image_02\data\0000000393.png,E:\monodepth_project\data\kitti\2011_09_26\2011_09_26_drive_0009_sync\velodyne_points\data\0000000397.bin,True,True,375,1242,123906,train,E:\monodepth_project\data\kitti\depth_maps\2011_09_26_2011_09_26_drive_0009_sync_393.npy
2011_09_26,2011_09_26_drive_0009_sync,394,E:\monodepth_project\data\kitti\2011_09_26\2011_09_26_drive_0009_sync\image_02\data\0000000394.png,E:\monodepth_project\data\kitti\2011_09_26\2011_09_26_drive_0009_sync\velodyne_points\data\0000000398.bin,True,True,375,1242,123955,train,E:\monodepth_project\data\kitti\depth_maps\2011_09_26_2011_09_26_drive_0009_sync_394.npy
2011_09_26,2011_09_26_drive_0009_sync,395,E:\monodepth_project\data\kitti\2011_09_26\2011_09_26_drive_0009_sync\image_02\data\0000000395.png,E:\monodepth_project\data\kitti\2011_09_26\2011_09_26_drive_0009_sync\velodyne_points\data\0000000399.bin,True,True,375,1242,123916,train,E:\monodepth_project\data\kitti\depth_maps\2011_09_26_2011_09_26_drive_0009_sync_395.npy
2011_09_26,2011_09_26_drive_0009_sync,396,E:\monodepth_project\data\kitti\2011_09_26\2011_09_26_drive_0009_sync\image_02\data\0000000396.png,E:\monodepth_project\data\kitti\2011_09_26\2011_09_26_drive_0009_sync\velodyne_points\data\0000000400.bin,True,True,375,1242,123990,train,E:\monodepth_project\data\kitti\depth_maps\2011_09_26_2011_09_26_drive_0009_sync_396.npy
2011_09_26,2011_09_26_drive_0009_sync,397,E:\monodepth_project\data\kitti\2011_09_26\2011_09_26_drive_0009_sync\image_02\data\0000000397.png,E:\monodepth_project\data\kitti\2011_09_26\2011_09_26_drive_0009_sync\velodyne_points\data\0000000401.bin,True,True,375,1242,123755,train,E:\monodepth_project\data\kitti\depth_maps\2011_09_26_2011_09_26_drive_0009_sync_397.npy
2011_09_26,2011_09_26_drive_0009_sync,398,E:\monodepth_project\data\kitti\2011_09_26\2011_09_26_drive_0009_sync\image_02\data\0000000398.png,E:\monodepth_project\data\kitti\2011_09_26\2011_09_26_drive_0009_sync\velodyne_points\data\0000000402.bin,True,True,375,1242,123629,train,E:\monodepth_project\data\kitti\depth_maps\2011_09_26_2011_09_26_drive_0009_sync_398.npy
2011_09_26,2011_09_26_drive_0009_sync,399,E:\monodepth_project\data\kitti\2011_09_26\2011_09_26_drive_0009_sync\image_02\data\0000000399.png,E:\monodepth_project\data\kitti\2011_09_26\2011_09_26_drive_0009_sync\velodyne_points\data\0000000403.bin,True,True,375,1242,123571,train,E:\monodepth_project\data\kitti\depth_maps\2011_09_26_2011_09_26_drive_0009_sync_399.npy
2011_09_26,2011_09_26_drive_0009_sync,400,E:\monodepth_project\data\kitti\2011_09_26\2011_09_26_drive_0009_sync\image_02\data\0000000400.png,E:\monodepth_project\data\kitti\2011_09_26\2011_09_26_drive_0009_sync\velodyne_points\data\0000000404.bin,True,True,375,1242,123369,train,E:\monodepth_project\data\kitti\depth_maps\2011_09_26_2011_09_26_drive_0009_sync_400.npy
2011_09_26,2011_09_26_drive_0009_sync,401,E:\monodepth_project\data\kitti\2011_09_26\2011_09_26_drive_0009_sync\image_02\data\0000000401.png,E:\monodepth_project\data\kitti\2011_09_26\2011_09_26_drive_0009_sync\velodyne_points\data\0000000405.bin,True,True,375,1242,123295,train,E:\monodepth_project\data\kitti\depth_maps\2011_09_26_2011_09_26_drive_0009_sync_401.npy
2011_09_26,2011_09_26_drive_0009_sync,402,E:\monodepth_project\data\kitti\2011_09_26\2011_09_26_drive_0009_sync\image_02\data\0000000402.png,E:\monodepth_project\data\kitti\2011_09_26\2011_09_26_drive_0009_sync\velodyne_points\data\0000000406.bin,True,True,375,1242,123232,train,E:\monodepth_project\data\kitti\depth_maps\2011_09_26_2011_09_26_drive_0009_sync_402.npy
2011_09_26,2011_09_26_drive_0009_sync,403,E:\monodepth_project\data\kitti\2011_09_26\2011_09_26_drive_0009_sync\image_02\data\0000000403.png,E:\monodepth_project\data\kitti\2011_09_26\2011_09_26_drive_0009_sync\velodyne_points\data\0000000407.bin,True,True,375,1242,123151,train,E:\monodepth_project\data\kitti\depth_maps\2011_09_26_2011_09_26_drive_0009_sync_403.npy
2011_09_26,2011_09_26_drive_0009_sync,404,E:\monodepth_project\data\kitti\2011_09_26\2011_09_26_drive_0009_sync\image_02\data\0000000404.png,E:\monodepth_project\data\kitti\2011_09_26\2011_09_26_drive_0009_sync\velodyne_points\data\0000000408.bin,True,True,375,1242,122930,train,E:\monodepth_project\data\kitti\depth_maps\2011_09_26_2011_09_26_drive_0009_sync_404.npy
2011_09_26,2011_09_26_drive_0009_sync,405,E:\monodepth_project\data\kitti\2011_09_26\2011_09_26_drive_0009_sync\image_02\data\0000000405.png,E:\monodepth_project\data\kitti\2011_09_26\2011_09_26_drive_0009_sync\velodyne_points\data\0000000409.bin,True,True,375,1242,122608,train,E:\monodepth_project\data\kitti\depth_maps\2011_09_26_2011_09_26_drive_0009_sync_405.npy
2011_09_26,2011_09_26_drive_0009_sync,406,E:\monodepth_project\data\kitti\2011_09_26\2011_09_26_drive_0009_sync\image_02\data\0000000406.png,E:\monodepth_project\data\kitti\2011_09_26\2011_09_26_drive_0009_sync\velodyne_points\data\0000000410.bin,True,True,375,1242,122378,train,E:\monodepth_project\data\kitti\depth_maps\2011_09_26_2011_09_26_drive_0009_sync_406.npy
2011_09_26,2011_09_26_drive_0009_sync,407,E:\monodepth_project\data\kitti\2011_09_26\2011_09_26_drive_0009_sync\image_02\data\0000000407.png,E:\monodepth_project\data\kitti\2011_09_26\2011_09_26_drive_0009_sync\velodyne_points\data\0000000411.bin,True,True,375,1242,122072,train,E:\monodepth_project\data\kitti\depth_maps\2011_09_26_2011_09_26_drive_0009_sync_407.npy
2011_09_26,2011_09_26_drive_0009_sync,408,E:\monodepth_project\data\kitti\2011_09_26\2011_09_26_drive_0009_sync\image_02\data\0000000408.png,E:\monodepth_project\data\kitti\2011_09_26\2011_09_26_drive_0009_sync\velodyne_points\data\0000000412.bin,True,True,375,1242,121594,train,E:\monodepth_project\data\kitti\depth_maps\2011_09_26_2011_09_26_drive_0009_sync_408.npy
2011_09_26,2011_09_26_drive_0009_sync,409,E:\monodepth_project\data\kitti\2011_09_26\2011_09_26_drive_0009_sync\image_02\data\0000000409.png,E:\monodepth_project\data\kitti\2011_09_26\2011_09_26_drive_0009_sync\velodyne_points\data\0000000413.bin,True,True,375,1242,121226,train,E:\monodepth_project\data\kitti\depth_maps\2011_09_26_2011_09_26_drive_0009_sync_409.npy
2011_09_26,2011_09_26_drive_0009_sync,410,E:\monodepth_project\data\kitti\2011_09_26\2011_09_26_drive_0009_sync\image_02\data\0000000410.png,E:\monodepth_project\data\kitti\2011_09_26\2011_09_26_drive_0009_sync\velodyne_points\data\0000000414.bin,True,True,375,1242,120683,train,E:\monodepth_project\data\kitti\depth_maps\2011_09_26_2011_09_26_drive_0009_sync_410.npy
2011_09_26,2011_09_26_drive_0009_sync,411,E:\monodepth_project\data\kitti\2011_09_26\2011_09_26_drive_0009_sync\image_02\data\0000000411.png,E:\monodepth_project\data\kitti\2011_09_26\2011_09_26_drive_0009_sync\velodyne_points\data\0000000415.bin,True,True,375,1242,120697,train,E:\monodepth_project\data\kitti\depth_maps\2011_09_26_2011_09_26_drive_0009_sync_411.npy
2011_09_26,2011_09_26_drive_0009_sync,412,E:\monodepth_project\data\kitti\2011_09_26\2011_09_26_drive_0009_sync\image_02\data\0000000412.png,E:\monodepth_project\data\kitti\2011_09_26\2011_09_26_drive_0009_sync\velodyne_points\data\0000000416.bin,True,True,375,1242,120687,train,E:\monodepth_project\data\kitti\depth_maps\2011_09_26_2011_09_26_drive_0009_sync_412.npy
2011_09_26,2011_09_26_drive_0009_sync,413,E:\monodepth_project\data\kitti\2011_09_26\2011_09_26_drive_0009_sync\image_02\data\0000000413.png,E:\monodepth_project\data\kitti\2011_09_26\2011_09_26_drive_0009_sync\velodyne_points\data\0000000417.bin,True,True,375,1242,120568,train,E:\monodepth_project\data\kitti\depth_maps\2011_09_26_2011_09_26_drive_0009_sync_413.npy
2011_09_26,2011_09_26_drive_0009_sync,414,E:\monodepth_project\data\kitti\2011_09_26\2011_09_26_drive_0009_sync\image_02\data\0000000414.png,E:\monodepth_project\data\kitti\2011_09_26\2011_09_26_drive_0009_sync\velodyne_points\data\0000000418.bin,True,True,375,1242,120529,train,E:\monodepth_project\data\kitti\depth_maps\2011_09_26_2011_09_26_drive_0009_sync_414.npy
2011_09_26,2011_09_26_drive_0009_sync,415,E:\monodepth_project\data\kitti\2011_09_26\2011_09_26_drive_0009_sync\image_02\data\0000000415.png,E:\monodepth_project\data\kitti\2011_09_26\2011_09_26_drive_0009_sync\velodyne_points\data\0000000419.bin,True,True,375,1242,120606,train,E:\monodepth_project\data\kitti\depth_maps\2011_09_26_2011_09_26_drive_0009_sync_415.npy
2011_09_26,2011_09_26_drive_0009_sync,416,E:\monodepth_project\data\kitti\2011_09_26\2011_09_26_drive_0009_sync\image_02\data\0000000416.png,E:\monodepth_project\data\kitti\2011_09_26\2011_09_26_drive_0009_sync\velodyne_points\data\0000000420.bin,True,True,375,1242,120670,train,E:\monodepth_project\data\kitti\depth_maps\2011_09_26_2011_09_26_drive_0009_sync_416.npy
2011_09_26,2011_09_26_drive_0009_sync,417,E:\monodepth_project\data\kitti\2011_09_26\2011_09_26_drive_0009_sync\image_02\data\0000000417.png,E:\monodepth_project\data\kitti\2011_09_26\2011_09_26_drive_0009_sync\velodyne_points\data\0000000421.bin,True,True,375,1242,120966,train,E:\monodepth_project\data\kitti\depth_maps\2011_09_26_2011_09_26_drive_0009_sync_417.npy
2011_09_26,2011_09_26_drive_0009_sync,418,E:\monodepth_project\data\kitti\2011_09_26\2011_09_26_drive_0009_sync\image_02\data\0000000418.png,E:\monodepth_project\data\kitti\2011_09_26\2011_09_26_drive_0009_sync\velodyne_points\data\0000000422.bin,True,True,375,1242,121006,train,E:\monodepth_project\data\kitti\depth_maps\2011_09_26_2011_09_26_drive_0009_sync_418.npy
2011_09_26,2011_09_26_drive_0009_sync,419,E:\monodepth_project\data\kitti\2011_09_26\2011_09_26_drive_0009_sync\image_02\data\0000000419.png,E:\monodepth_project\data\kitti\2011_09_26\2011_09_26_drive_0009_sync\velodyne_points\data\0000000423.bin,True,True,375,1242,121270,train,E:\monodepth_project\data\kitti\depth_maps\2011_09_26_2011_09_26_drive_0009_sync_419.npy
2011_09_26,2011_09_26_drive_0009_sync,420,E:\monodepth_project\data\kitti\2011_09_26\2011_09_26_drive_0009_sync\image_02\data\0000000420.png,E:\monodepth_project\data\kitti\2011_09_26\2011_09_26_drive_0009_sync\velodyne_points\data\0000000424.bin,True,True,375,1242,121576,train,E:\monodepth_project\data\kitti\depth_maps\2011_09_26_2011_09_26_drive_0009_sync_420.npy
2011_09_26,2011_09_26_drive_0009_sync,421,E:\monodepth_project\data\kitti\2011_09_26\2011_09_26_drive_0009_sync\image_02\data\0000000421.png,E:\monodepth_project\data\kitti\2011_09_26\2011_09_26_drive_0009_sync\velodyne_points\data\0000000425.bin,True,True,375,1242,121478,train,E:\monodepth_project\data\kitti\depth_maps\2011_09_26_2011_09_26_drive_0009_sync_421.npy
2011_09_26,2011_09_26_drive_0009_sync,422,E:\monodepth_project\data\kitti\2011_09_26\2011_09_26_drive_0009_sync\image_02\data\0000000422.png,E:\monodepth_project\data\kitti\2011_09_26\2011_09_26_drive_0009_sync\velodyne_points\data\0000000426.bin,True,True,375,1242,121711,train,E:\monodepth_project\data\kitti\depth_maps\2011_09_26_2011_09_26_drive_0009_sync_422.npy
2011_09_26,2011_09_26_drive_0009_sync,423,E:\monodepth_project\data\kitti\2011_09_26\2011_09_26_drive_0009_sync\image_02\data\0000000423.png,E:\monodepth_project\data\kitti\2011_09_26\2011_09_26_drive_0009_sync\velodyne_points\data\0000000427.bin,True,True,375,1242,121758,train,E:\monodepth_project\data\kitti\depth_maps\2011_09_26_2011_09_26_drive_0009_sync_423.npy
2011_09_26,2011_09_26_drive_0009_sync,424,E:\monodepth_project\data\kitti\2011_09_26\2011_09_26_drive_0009_sync\image_02\data\0000000424.png,E:\monodepth_project\data\kitti\2011_09_26\2011_09_26_drive_0009_sync\velodyne_points\data\0000000428.bin,True,True,375,1242,122029,train,E:\monodepth_project\data\kitti\depth_maps\2011_09_26_2011_09_26_drive_0009_sync_424.npy
2011_09_26,2011_09_26_drive_0009_sync,425,E:\monodepth_project\data\kitti\2011_09_26\2011_09_26_drive_0009_sync\image_02\data\0000000425.png,E:\monodepth_project\data\kitti\2011_09_26\2011_09_26_drive_0009_sync\velodyne_points\data\0000000429.bin,True,True,375,1242,122091,train,E:\monodepth_project\data\kitti\depth_maps\2011_09_26_2011_09_26_drive_0009_sync_425.npy
2011_09_26,2011_09_26_drive_0009_sync,426,E:\monodepth_project\data\kitti\2011_09_26\2011_09_26_drive_0009_sync\image_02\data\0000000426.png,E:\monodepth_project\data\kitti\2011_09_26\2011_09_26_drive_0009_sync\velodyne_points\data\0000000430.bin,True,True,375,1242,122191,train,E:\monodepth_project\data\kitti\depth_maps\2011_09_26_2011_09_26_drive_0009_sync_426.npy
2011_09_26,2011_09_26_drive_0009_sync,427,E:\monodepth_project\data\kitti\2011_09_26\2011_09_26_drive_0009_sync\image_02\data\0000000427.png,E:\monodepth_project\data\kitti\2011_09_26\2011_09_26_drive_0009_sync\velodyne_points\data\0000000431.bin,True,True,375,1242,122200,train,E:\monodepth_project\data\kitti\depth_maps\2011_09_26_2011_09_26_drive_0009_sync_427.npy
2011_09_26,2011_09_26_drive_0009_sync,428,E:\monodepth_project\data\kitti\2011_09_26\2011_09_26_drive_0009_sync\image_02\data\0000000428.png,E:\monodepth_project\data\kitti\2011_09_26\2011_09_26_drive_0009_sync\velodyne_points\data\0000000432.bin,True,True,375,1242,122407,train,E:\monodepth_project\data\kitti\depth_maps\2011_09_26_2011_09_26_drive_0009_sync_428.npy
2011_09_26,2011_09_26_drive_0009_sync,429,E:\monodepth_project\data\kitti\2011_09_26\2011_09_26_drive_0009_sync\image_02\data\0000000429.png,E:\monodepth_project\data\kitti\2011_09_26\2011_09_26_drive_0009_sync\velodyne_points\data\0000000433.bin,True,True,375,1242,122432,train,E:\monodepth_project\data\kitti\depth_maps\2011_09_26_2011_09_26_drive_0009_sync_429.npy
2011_09_26,2011_09_26_drive_0009_sync,430,E:\monodepth_project\data\kitti\2011_09_26\2011_09_26_drive_0009_sync\image_02\data\0000000430.png,E:\monodepth_project\data\kitti\2011_09_26\2011_09_26_drive_0009_sync\velodyne_points\data\0000000434.bin,True,True,375,1242,122593,train,E:\monodepth_project\data\kitti\depth_maps\2011_09_26_2011_09_26_drive_0009_sync_430.npy
2011_09_26,2011_09_26_drive_0009_sync,431,E:\monodepth_project\data\kitti\2011_09_26\2011_09_26_drive_0009_sync\image_02\data\0000000431.png,E:\monodepth_project\data\kitti\2011_09_26\2011_09_26_drive_0009_sync\velodyne_points\data\0000000435.bin,True,True,375,1242,122688,train,E:\monodepth_project\data\kitti\depth_maps\2011_09_26_2011_09_26_drive_0009_sync_431.npy
2011_09_26,2011_09_26_drive_0009_sync,432,E:\monodepth_project\data\kitti\2011_09_26\2011_09_26_drive_0009_sync\image_02\data\0000000432.png,E:\monodepth_project\data\kitti\2011_09_26\2011_09_26_drive_0009_sync\velodyne_points\data\0000000436.bin,True,True,375,1242,122864,train,E:\monodepth_project\data\kitti\depth_maps\2011_09_26_2011_09_26_drive_0009_sync_432.npy
2011_09_26,2011_09_26_drive_0009_sync,433,E:\monodepth_project\data\kitti\2011_09_26\2011_09_26_drive_0009_sync\image_02\data\0000000433.png,E:\monodepth_project\data\kitti\2011_09_26\2011_09_26_drive_0009_sync\velodyne_points\data\0000000437.bin,True,True,375,1242,123010,train,E:\monodepth_project\data\kitti\depth_maps\2011_09_26_2011_09_26_drive_0009_sync_433.npy
2011_09_26,2011_09_26_drive_0009_sync,434,E:\monodepth_project\data\kitti\2011_09_26\2011_09_26_drive_0009_sync\image_02\data\0000000434.png,E:\monodepth_project\data\kitti\2011_09_26\2011_09_26_drive_0009_sync\velodyne_points\data\0000000438.bin,True,True,375,1242,123198,train,E:\monodepth_project\data\kitti\depth_maps\2011_09_26_2011_09_26_drive_0009_sync_434.npy
2011_09_26,2011_09_26_drive_0009_sync,435,E:\monodepth_project\data\kitti\2011_09_26\2011_09_26_drive_0009_sync\image_02\data\0000000435.png,E:\monodepth_project\data\kitti\2011_09_26\2011_09_26_drive_0009_sync\velodyne_points\data\0000000439.bin,True,True,375,1242,123180,train,E:\monodepth_project\data\kitti\depth_maps\2011_09_26_2011_09_26_drive_0009_sync_435.npy
2011_09_26,2011_09_26_drive_0009_sync,436,E:\monodepth_project\data\kitti\2011_09_26\2011_09_26_drive_0009_sync\image_02\data\0000000436.png,E:\monodepth_project\data\kitti\2011_09_26\2011_09_26_drive_0009_sync\velodyne_points\data\0000000440.bin,True,True,375,1242,123353,train,E:\monodepth_project\data\kitti\depth_maps\2011_09_26_2011_09_26_drive_0009_sync_436.npy
2011_09_26,2011_09_26_drive_0009_sync,437,E:\monodepth_project\data\kitti\2011_09_26\2011_09_26_drive_0009_sync\image_02\data\0000000437.png,E:\monodepth_project\data\kitti\2011_09_26\2011_09_26_drive_0009_sync\velodyne_points\data\0000000441.bin,True,True,375,1242,123577,train,E:\monodepth_project\data\kitti\depth_maps\2011_09_26_2011_09_26_drive_0009_sync_437.npy
2011_09_26,2011_09_26_drive_0009_sync,438,E:\monodepth_project\data\kitti\2011_09_26\2011_09_26_drive_0009_sync\image_02\data\0000000438.png,E:\monodepth_project\data\kitti\2011_09_26\2011_09_26_drive_0009_sync\velodyne_points\data\0000000442.bin,True,True,375,1242,123710,train,E:\monodepth_project\data\kitti\depth_maps\2011_09_26_2011_09_26_drive_0009_sync_438.npy
2011_09_26,2011_09_26_drive_0009_sync,439,E:\monodepth_project\data\kitti\2011_09_26\2011_09_26_drive_0009_sync\image_02\data\0000000439.png,E:\monodepth_project\data\kitti\2011_09_26\2011_09_26_drive_0009_sync\velodyne_points\data\0000000443.bin,True,True,375,1242,123967,train,E:\monodepth_project\data\kitti\depth_maps\2011_09_26_2011_09_26_drive_0009_sync_439.npy
2011_09_26,2011_09_26_drive_0009_sync,440,E:\monodepth_project\data\kitti\2011_09_26\2011_09_26_drive_0009_sync\image_02\data\0000000440.png,E:\monodepth_project\data\kitti\2011_09_26\2011_09_26_drive_0009_sync\velodyne_points\data\0000000444.bin,True,True,375,1242,124100,train,E:\monodepth_project\data\kitti\depth_maps\2011_09_26_2011_09_26_drive_0009_sync_440.npy
2011_09_26,2011_09_26_drive_0009_sync,441,E:\monodepth_project\data\kitti\2011_09_26\2011_09_26_drive_0009_sync\image_02\data\0000000441.png,E:\monodepth_project\data\kitti\2011_09_26\2011_09_26_drive_0009_sync\velodyne_points\data\0000000445.bin,True,True,375,1242,124177,train,E:\monodepth_project\data\kitti\depth_maps\2011_09_26_2011_09_26_drive_0009_sync_441.npy
2011_09_26,2011_09_26_drive_0009_sync,442,E:\monodepth_project\data\kitti\2011_09_26\2011_09_26_drive_0009_sync\image_02\data\0000000442.png,E:\monodepth_project\data\kitti\2011_09_26\2011_09_26_drive_0009_sync\velodyne_points\data\0000000446.bin,True,True,375,1242,124177,train,E:\monodepth_project\data\kitti\depth_maps\2011_09_26_2011_09_26_drive_0009_sync_442.npy
2011_09_26,2011_09_26_drive_0011_sync,0,E:\monodepth_project\data\kitti\2011_09_26\2011_09_26_drive_0011_sync\image_02\data\0000000000.png,E:\monodepth_project\data\kitti\2011_09_26\2011_09_26_drive_0011_sync\velodyne_points\data\0000000000.bin,True,True,375,1242,121438,test,E:\monodepth_project\data\kitti\depth_maps\2011_09_26_2011_09_26_drive_0011_sync_0.npy
2011_09_26,2011_09_26_drive_0011_sync,1,E:\monodepth_project\data\kitti\2011_09_26\2011_09_26_drive_0011_sync\image_02\data\0000000001.png,E:\monodepth_project\data\kitti\2011_09_26\2011_09_26_drive_0011_sync\velodyne_points\data\0000000001.bin,True,True,375,1242,121447,test,E:\monodepth_project\data\kitti\depth_maps\2011_09_26_2011_09_26_drive_0011_sync_1.npy
2011_09_26,2011_09_26_drive_0011_sync,2,E:\monodepth_project\data\kitti\2011_09_26\2011_09_26_drive_0011_sync\image_02\data\0000000002.png,E:\monodepth_project\data\kitti\2011_09_26\2011_09_26_drive_0011_sync\velodyne_points\data\0000000002.bin,True,True,375,1242,121460,test,E:\monodepth_project\data\kitti\depth_maps\2011_09_26_2011_09_26_drive_0011_sync_2.npy
2011_09_26,2011_09_26_drive_0011_sync,3,E:\monodepth_project\data\kitti\2011_09_26\2011_09_26_drive_0011_sync\image_02\data\0000000003.png,E:\monodepth_project\data\kitti\2011_09_26\2011_09_26_drive_0011_sync\velodyne_points\data\0000000003.bin,True,True,375,1242,121523,test,E:\monodepth_project\data\kitti\depth_maps\2011_09_26_2011_09_26_drive_0011_sync_3.npy
2011_09_26,2011_09_26_drive_0011_sync,4,E:\monodepth_project\data\kitti\2011_09_26\2011_09_26_drive_0011_sync\image_02\data\0000000004.png,E:\monodepth_project\data\kitti\2011_09_26\2011_09_26_drive_0011_sync\velodyne_points\data\0000000004.bin,True,True,375,1242,121487,test,E:\monodepth_project\data\kitti\depth_maps\2011_09_26_2011_09_26_drive_0011_sync_4.npy
2011_09_26,2011_09_26_drive_0011_sync,5,E:\monodepth_project\data\kitti\2011_09_26\2011_09_26_drive_0011_sync\image_02\data\0000000005.png,E:\monodepth_project\data\kitti\2011_09_26\2011_09_26_drive_0011_sync\velodyne_points\data\0000000005.bin,True,True,375,1242,121512,test,E:\monodepth_project\data\kitti\depth_maps\2011_09_26_2011_09_26_drive_0011_sync_5.npy
2011_09_26,2011_09_26_drive_0011_sync,6,E:\monodepth_project\data\kitti\2011_09_26\2011_09_26_drive_0011_sync\image_02\data\0000000006.png,E:\monodepth_project\data\kitti\2011_09_26\2011_09_26_drive_0011_sync\velodyne_points\data\0000000006.bin,True,True,375,1242,121547,test,E:\monodepth_project\data\kitti\depth_maps\2011_09_26_2011_09_26_drive_0011_sync_6.npy
2011_09_26,2011_09_26_drive_0011_sync,7,E:\monodepth_project\data\kitti\2011_09_26\2011_09_26_drive_0011_sync\image_02\data\0000000007.png,E:\monodepth_project\data\kitti\2011_09_26\2011_09_26_drive_0011_sync\velodyne_points\data\0000000007.bin,True,True,375,1242,121644,test,E:\monodepth_project\data\kitti\depth_maps\2011_09_26_2011_09_26_drive_0011_sync_7.npy
2011_09_26,2011_09_26_drive_0011_sync,8,E:\monodepth_project\data\kitti\2011_09_26\2011_09_26_drive_0011_sync\image_02\data\0000000008.png,E:\monodepth_project\data\kitti\2011_09_26\2011_09_26_drive_0011_sync\velodyne_points\data\0000000008.bin,True,True,375,1242,121564,test,E:\monodepth_project\data\kitti\depth_maps\2011_09_26_2011_09_26_drive_0011_sync_8.npy
2011_09_26,2011_09_26_drive_0011_sync,9,E:\monodepth_project\data\kitti\2011_09_26\2011_09_26_drive_0011_sync\image_02\data\0000000009.png,E:\monodepth_project\data\kitti\2011_09_26\2011_09_26_drive_0011_sync\velodyne_points\data\0000000009.bin,True,True,375,1242,121486,test,E:\monodepth_project\data\kitti\depth_maps\2011_09_26_2011_09_26_drive_0011_sync_9.npy
2011_09_26,2011_09_26_drive_0011_sync,10,E:\monodepth_project\data\kitti\2011_09_26\2011_09_26_drive_0011_sync\image_02\data\0000000010.png,E:\monodepth_project\data\kitti\2011_09_26\2011_09_26_drive_0011_sync\velodyne_points\data\0000000010.bin,True,True,375,1242,121298,test,E:\monodepth_project\data\kitti\depth_maps\2011_09_26_2011_09_26_drive_0011_sync_10.npy
2011_09_26,2011_09_26_drive_0011_sync,11,E:\monodepth_project\data\kitti\2011_09_26\2011_09_26_drive_0011_sync\image_02\data\0000000011.png,E:\monodepth_project\data\kitti\2011_09_26\2011_09_26_drive_0011_sync\velodyne_points\data\0000000011.bin,True,True,375,1242,121288,test,E:\monodepth_project\data\kitti\depth_maps\2011_09_26_2011_09_26_drive_0011_sync_11.npy
2011_09_26,2011_09_26_drive_0011_sync,12,E:\monodepth_project\data\kitti\2011_09_26\2011_09_26_drive_0011_sync\image_02\data\0000000012.png,E:\monodepth_project\data\kitti\2011_09_26\2011_09_26_drive_0011_sync\velodyne_points\data\0000000012.bin,True,True,375,1242,121155,test,E:\monodepth_project\data\kitti\depth_maps\2011_09_26_2011_09_26_drive_0011_sync_12.npy
2011_09_26,2011_09_26_drive_0011_sync,13,E:\monodepth_project\data\kitti\2011_09_26\2011_09_26_drive_0011_sync\image_02\data\0000000013.png,E:\monodepth_project\data\kitti\2011_09_26\2011_09_26_drive_0011_sync\velodyne_points\data\0000000013.bin,True,True,375,1242,121180,test,E:\monodepth_project\data\kitti\depth_maps\2011_09_26_2011_09_26_drive_0011_sync_13.npy
2011_09_26,2011_09_26_drive_0011_sync,14,E:\monodepth_project\data\kitti\2011_09_26\2011_09_26_drive_0011_sync\image_02\data\0000000014.png,E:\monodepth_project\data\kitti\2011_09_26\2011_09_26_drive_0011_sync\velodyne_points\data\0000000014.bin,True,True,375,1242,120786,test,E:\monodepth_project\data\kitti\depth_maps\2011_09_26_2011_09_26_drive_0011_sync_14.npy
2011_09_26,2011_09_26_drive_0011_sync,15,E:\monodepth_project\data\kitti\2011_09_26\2011_09_26_drive_0011_sync\image_02\data\0000000015.png,E:\monodepth_project\data\kitti\2011_09_26\2011_09_26_drive_0011_sync\velodyne_points\data\0000000015.bin,True,True,375,1242,120844,test,E:\monodepth_project\data\kitti\depth_maps\2011_09_26_2011_09_26_drive_0011_sync_15.npy
2011_09_26,2011_09_26_drive_0011_sync,16,E:\monodepth_project\data\kitti\2011_09_26\2011_09_26_drive_0011_sync\image_02\data\0000000016.png,E:\monodepth_project\data\kitti\2011_09_26\2011_09_26_drive_0011_sync\velodyne_points\data\0000000016.bin,True,True,375,1242,120499,test,E:\monodepth_project\data\kitti\depth_maps\2011_09_26_2011_09_26_drive_0011_sync_16.npy
2011_09_26,2011_09_26_drive_0011_sync,17,E:\monodepth_project\data\kitti\2011_09_26\2011_09_26_drive_0011_sync\image_02\data\0000000017.png,E:\monodepth_project\data\kitti\2011_09_26\2011_09_26_drive_0011_sync\velodyne_points\data\0000000017.bin,True,True,375,1242,120326,test,E:\monodepth_project\data\kitti\depth_maps\2011_09_26_2011_09_26_drive_0011_sync_17.npy
2011_09_26,2011_09_26_drive_0011_sync,18,E:\monodepth_project\data\kitti\2011_09_26\2011_09_26_drive_0011_sync\image_02\data\0000000018.png,E:\monodepth_project\data\kitti\2011_09_26\2011_09_26_drive_0011_sync\velodyne_points\data\0000000018.bin,True,True,375,1242,120586,test,E:\monodepth_project\data\kitti\depth_maps\2011_09_26_2011_09_26_drive_0011_sync_18.npy
2011_09_26,2011_09_26_drive_0011_sync,19,E:\monodepth_project\data\kitti\2011_09_26\2011_09_26_drive_0011_sync\image_02\data\0000000019.png,E:\monodepth_project\data\kitti\2011_09_26\2011_09_26_drive_0011_sync\velodyne_points\data\0000000019.bin,True,True,375,1242,120425,test,E:\monodepth_project\data\kitti\depth_maps\2011_09_26_2011_09_26_drive_0011_sync_19.npy
2011_09_26,2011_09_26_drive_0011_sync,20,E:\monodepth_project\data\kitti\2011_09_26\2011_09_26_drive_0011_sync\image_02\data\0000000020.png,E:\monodepth_project\data\kitti\2011_09_26\2011_09_26_drive_0011_sync\velodyne_points\data\0000000020.bin,True,True,375,1242,120357,test,E:\monodepth_project\data\kitti\depth_maps\2011_09_26_2011_09_26_drive_0011_sync_20.npy
2011_09_26,2011_09_26_drive_0011_sync,21,E:\monodepth_project\data\kitti\2011_09_26\2011_09_26_drive_0011_sync\image_02\data\0000000021.png,E:\monodepth_project\data\kitti\2011_09_26\2011_09_26_drive_0011_sync\velodyne_points\data\0000000021.bin,True,True,375,1242,120238,test,E:\monodepth_project\data\kitti\depth_maps\2011_09_26_2011_09_26_drive_0011_sync_21.npy
2011_09_26,2011_09_26_drive_0011_sync,22,E:\monodepth_project\data\kitti\2011_09_26\2011_09_26_drive_0011_sync\image_02\data\0000000022.png,E:\monodepth_project\data\kitti\2011_09_26\2011_09_26_drive_0011_sync\velodyne_points\data\0000000022.bin,True,True,375,1242,119884,test,E:\monodepth_project\data\kitti\depth_maps\2011_09_26_2011_09_26_drive_0011_sync_22.npy
2011_09_26,2011_09_26_drive_0011_sync,23,E:\monodepth_project\data\kitti\2011_09_26\2011_09_26_drive_0011_sync\image_02\data\0000000023.png,E:\monodepth_project\data\kitti\2011_09_26\2011_09_26_drive_0011_sync\velodyne_points\data\0000000023.bin,True,True,375,1242,120038,test,E:\monodepth_project\data\kitti\depth_maps\2011_09_26_2011_09_26_drive_0011_sync_23.npy
2011_09_26,2011_09_26_drive_0011_sync,24,E:\monodepth_project\data\kitti\2011_09_26\2011_09_26_drive_0011_sync\image_02\data\0000000024.png,E:\monodepth_project\data\kitti\2011_09_26\2011_09_26_drive_0011_sync\velodyne_points\data\0000000024.bin,True,True,375,1242,119830,test,E:\monodepth_project\data\kitti\depth_maps\2011_09_26_2011_09_26_drive_0011_sync_24.npy
2011_09_26,2011_09_26_drive_0011_sync,25,E:\monodepth_project\data\kitti\2011_09_26\2011_09_26_drive_0011_sync\image_02\data\0000000025.png,E:\monodepth_project\data\kitti\2011_09_26\2011_09_26_drive_0011_sync\velodyne_points\data\0000000025.bin,True,True,375,1242,119748,test,E:\monodepth_project\data\kitti\depth_maps\2011_09_26_2011_09_26_drive_0011_sync_25.npy
2011_09_26,2011_09_26_drive_0011_sync,26,E:\monodepth_project\data\kitti\2011_09_26\2011_09_26_drive_0011_sync\image_02\data\0000000026.png,E:\monodepth_project\data\kitti\2011_09_26\2011_09_26_drive_0011_sync\velodyne_points\data\0000000026.bin,True,True,375,1242,119453,test,E:\monodepth_project\data\kitti\depth_maps\2011_09_26_2011_09_26_drive_0011_sync_26.npy
2011_09_26,2011_09_26_drive_0011_sync,27,E:\monodepth_project\data\kitti\2011_09_26\2011_09_26_drive_0011_sync\image_02\data\0000000027.png,E:\monodepth_project\data\kitti\2011_09_26\2011_09_26_drive_0011_sync\velodyne_points\data\0000000027.bin,True,True,375,1242,119439,test,E:\monodepth_project\data\kitti\depth_maps\2011_09_26_2011_09_26_drive_0011_sync_27.npy
2011_09_26,2011_09_26_drive_0011_sync,28,E:\monodepth_project\data\kitti\2011_09_26\2011_09_26_drive_0011_sync\image_02\data\0000000028.png,E:\monodepth_project\data\kitti\2011_09_26\2011_09_26_drive_0011_sync\velodyne_points\data\0000000028.bin,True,True,375,1242,119547,test,E:\monodepth_project\data\kitti\depth_maps\2011_09_26_2011_09_26_drive_0011_sync_28.npy
2011_09_26,2011_09_26_drive_0011_sync,29,E:\monodepth_project\data\kitti\2011_09_26\2011_09_26_drive_0011_sync\image_02\data\0000000029.png,E:\monodepth_project\data\kitti\2011_09_26\2011_09_26_drive_0011_sync\velodyne_points\data\0000000029.bin,True,True,375,1242,119906,test,E:\monodepth_project\data\kitti\depth_maps\2011_09_26_2011_09_26_drive_0011_sync_29.npy
2011_09_26,2011_09_26_drive_0011_sync,30,E:\monodepth_project\data\kitti\2011_09_26\2011_09_26_drive_0011_sync\image_02\data\0000000030.png,E:\monodepth_project\data\kitti\2011_09_26\2011_09_26_drive_0011_sync\velodyne_points\data\0000000030.bin,True,True,375,1242,119559,test,E:\monodepth_project\data\kitti\depth_maps\2011_09_26_2011_09_26_drive_0011_sync_30.npy
2011_09_26,2011_09_26_drive_0011_sync,31,E:\monodepth_project\data\kitti\2011_09_26\2011_09_26_drive_0011_sync\image_02\data\0000000031.png,E:\monodepth_project\data\kitti\2011_09_26\2011_09_26_drive_0011_sync\velodyne_points\data\0000000031.bin,True,True,375,1242,119304,test,E:\monodepth_project\data\kitti\depth_maps\2011_09_26_2011_09_26_drive_0011_sync_31.npy
2011_09_26,2011_09_26_drive_0011_sync,32,E:\monodepth_project\data\kitti\2011_09_26\2011_09_26_drive_0011_sync\image_02\data\0000000032.png,E:\monodepth_project\data\kitti\2011_09_26\2011_09_26_drive_0011_sync\velodyne_points\data\0000000032.bin,True,True,375,1242,119141,test,E:\monodepth_project\data\kitti\depth_maps\2011_09_26_2011_09_26_drive_0011_sync_32.npy
2011_09_26,2011_09_26_drive_0011_sync,33,E:\monodepth_project\data\kitti\2011_09_26\2011_09_26_drive_0011_sync\image_02\data\0000000033.png,E:\monodepth_project\data\kitti\2011_09_26\2011_09_26_drive_0011_sync\velodyne_points\data\0000000033.bin,True,True,375,1242,118961,test,E:\monodepth_project\data\kitti\depth_maps\2011_09_26_2011_09_26_drive_0011_sync_33.npy
2011_09_26,2011_09_26_drive_0011_sync,34,E:\monodepth_project\data\kitti\2011_09_26\2011_09_26_drive_0011_sync\image_02\data\0000000034.png,E:\monodepth_project\data\kitti\2011_09_26\2011_09_26_drive_0011_sync\velodyne_points\data\0000000034.bin,True,True,375,1242,118848,test,E:\monodepth_project\data\kitti\depth_maps\2011_09_26_2011_09_26_drive_0011_sync_34.npy
2011_09_26,2011_09_26_drive_0011_sync,35,E:\monodepth_project\data\kitti\2011_09_26\2011_09_26_drive_0011_sync\image_02\data\0000000035.png,E:\monodepth_project\data\kitti\2011_09_26\2011_09_26_drive_0011_sync\velodyne_points\data\0000000035.bin,True,True,375,1242,118619,test,E:\monodepth_project\data\kitti\depth_maps\2011_09_26_2011_09_26_drive_0011_sync_35.npy
2011_09_26,2011_09_26_drive_0011_sync,36,E:\monodepth_project\data\kitti\2011_09_26\2011_09_26_drive_0011_sync\image_02\data\0000000036.png,E:\monodepth_project\data\kitti\2011_09_26\2011_09_26_drive_0011_sync\velodyne_points\data\0000000036.bin,True,True,375,1242,118683,test,E:\monodepth_project\data\kitti\depth_maps\2011_09_26_2011_09_26_drive_0011_sync_36.npy
2011_09_26,2011_09_26_drive_0011_sync,37,E:\monodepth_project\data\kitti\2011_09_26\2011_09_26_drive_0011_sync\image_02\data\0000000037.png,E:\monodepth_project\data\kitti\2011_09_26\2011_09_26_drive_0011_sync\velodyne_points\data\0000000037.bin,True,True,375,1242,118678,test,E:\monodepth_project\data\kitti\depth_maps\2011_09_26_2011_09_26_drive_0011_sync_37.npy
2011_09_26,2011_09_26_drive_0011_sync,38,E:\monodepth_project\data\kitti\2011_09_26\2011_09_26_drive_0011_sync\image_02\data\0000000038.png,E:\monodepth_project\data\kitti\2011_09_26\2011_09_26_drive_0011_sync\velodyne_points\data\0000000038.bin,True,True,375,1242,118679,test,E:\monodepth_project\data\kitti\depth_maps\2011_09_26_2011_09_26_drive_0011_sync_38.npy
2011_09_26,2011_09_26_drive_0011_sync,39,E:\monodepth_project\data\kitti\2011_09_26\2011_09_26_drive_0011_sync\image_02\data\0000000039.png,E:\monodepth_project\data\kitti\2011_09_26\2011_09_26_drive_0011_sync\velodyne_points\data\0000000039.bin,True,True,375,1242,118328,test,E:\monodepth_project\data\kitti\depth_maps\2011_09_26_2011_09_26_drive_0011_sync_39.npy
2011_09_26,2011_09_26_drive_0011_sync,40,E:\monodepth_project\data\kitti\2011_09_26\2011_09_26_drive_0011_sync\image_02\data\0000000040.png,E:\monodepth_project\data\kitti\2011_09_26\2011_09_26_drive_0011_sync\velodyne_points\data\0000000040.bin,True,True,375,1242,118287,test,E:\monodepth_project\data\kitti\depth_maps\2011_09_26_2011_09_26_drive_0011_sync_40.npy
2011_09_26,2011_09_26_drive_0011_sync,41,E:\monodepth_project\data\kitti\2011_09_26\2011_09_26_drive_0011_sync\image_02\data\0000000041.png,E:\monodepth_project\data\kitti\2011_09_26\2011_09_26_drive_0011_sync\velodyne_points\data\0000000041.bin,True,True,375,1242,118464,test,E:\monodepth_project\data\kitti\depth_maps\2011_09_26_2011_09_26_drive_0011_sync_41.npy
2011_09_26,2011_09_26_drive_0011_sync,42,E:\monodepth_project\data\kitti\2011_09_26\2011_09_26_drive_0011_sync\image_02\data\0000000042.png,E:\monodepth_project\data\kitti\2011_09_26\2011_09_26_drive_0011_sync\velodyne_points\data\0000000042.bin,True,True,375,1242,118236,test,E:\monodepth_project\data\kitti\depth_maps\2011_09_26_2011_09_26_drive_0011_sync_42.npy
2011_09_26,2011_09_26_drive_0011_sync,43,E:\monodepth_project\data\kitti\2011_09_26\2011_09_26_drive_0011_sync\image_02\data\0000000043.png,E:\monodepth_project\data\kitti\2011_09_26\2011_09_26_drive_0011_sync\velodyne_points\data\0000000043.bin,True,True,375,1242,118207,test,E:\monodepth_project\data\kitti\depth_maps\2011_09_26_2011_09_26_drive_0011_sync_43.npy
2011_09_26,2011_09_26_drive_0011_sync,44,E:\monodepth_project\data\kitti\2011_09_26\2011_09_26_drive_0011_sync\image_02\data\0000000044.png,E:\monodepth_project\data\kitti\2011_09_26\2011_09_26_drive_0011_sync\velodyne_points\data\0000000044.bin,True,True,375,1242,118216,test,E:\monodepth_project\data\kitti\depth_maps\2011_09_26_2011_09_26_drive_0011_sync_44.npy
2011_09_26,2011_09_26_drive_0011_sync,45,E:\monodepth_project\data\kitti\2011_09_26\2011_09_26_drive_0011_sync\image_02\data\0000000045.png,E:\monodepth_project\data\kitti\2011_09_26\2011_09_26_drive_0011_sync\velodyne_points\data\0000000045.bin,True,True,375,1242,118203,test,E:\monodepth_project\data\kitti\depth_maps\2011_09_26_2011_09_26_drive_0011_sync_45.npy
2011_09_26,2011_09_26_drive_0011_sync,46,E:\monodepth_project\data\kitti\2011_09_26\2011_09_26_drive_0011_sync\image_02\data\0000000046.png,E:\monodepth_project\data\kitti\2011_09_26\2011_09_26_drive_0011_sync\velodyne_points\data\0000000046.bin,True,True,375,1242,118043,test,E:\monodepth_project\data\kitti\depth_maps\2011_09_26_2011_09_26_drive_0011_sync_46.npy
2011_09_26,2011_09_26_drive_0011_sync,47,E:\monodepth_project\data\kitti\2011_09_26\2011_09_26_drive_0011_sync\image_02\data\0000000047.png,E:\monodepth_project\data\kitti\2011_09_26\2011_09_26_drive_0011_sync\velodyne_points\data\0000000047.bin,True,True,375,1242,118039,test,E:\monodepth_project\data\kitti\depth_maps\2011_09_26_2011_09_26_drive_0011_sync_47.npy
2011_09_26,2011_09_26_drive_0011_sync,48,E:\monodepth_project\data\kitti\2011_09_26\2011_09_26_drive_0011_sync\image_02\data\0000000048.png,E:\monodepth_project\data\kitti\2011_09_26\2011_09_26_drive_0011_sync\velodyne_points\data\0000000048.bin,True,True,375,1242,117699,test,E:\monodepth_project\data\kitti\depth_maps\2011_09_26_2011_09_26_drive_0011_sync_48.npy
2011_09_26,2011_09_26_drive_0011_sync,49,E:\monodepth_project\data\kitti\2011_09_26\2011_09_26_drive_0011_sync\image_02\data\0000000049.png,E:\monodepth_project\data\kitti\2011_09_26\2011_09_26_drive_0011_sync\velodyne_points\data\0000000049.bin,True,True,375,1242,117704,test,E:\monodepth_project\data\kitti\depth_maps\2011_09_26_2011_09_26_drive_0011_sync_49.npy
2011_09_26,2011_09_26_drive_0011_sync,50,E:\monodepth_project\data\kitti\2011_09_26\2011_09_26_drive_0011_sync\image_02\data\0000000050.png,E:\monodepth_project\data\kitti\2011_09_26\2011_09_26_drive_0011_sync\velodyne_points\data\0000000050.bin,True,True,375,1242,117676,test,E:\monodepth_project\data\kitti\depth_maps\2011_09_26_2011_09_26_drive_0011_sync_50.npy
2011_09_26,2011_09_26_drive_0011_sync,51,E:\monodepth_project\data\kitti\2011_09_26\2011_09_26_drive_0011_sync\image_02\data\0000000051.png,E:\monodepth_project\data\kitti\2011_09_26\2011_09_26_drive_0011_sync\velodyne_points\data\0000000051.bin,True,True,375,1242,117603,test,E:\monodepth_project\data\kitti\depth_maps\2011_09_26_2011_09_26_drive_0011_sync_51.npy
2011_09_26,2011_09_26_drive_0011_sync,52,E:\monodepth_project\data\kitti\2011_09_26\2011_09_26_drive_0011_sync\image_02\data\0000000052.png,E:\monodepth_project\data\kitti\2011_09_26\2011_09_26_drive_0011_sync\velodyne_points\data\0000000052.bin,True,True,375,1242,117530,test,E:\monodepth_project\data\kitti\depth_maps\2011_09_26_2011_09_26_drive_0011_sync_52.npy
2011_09_26,2011_09_26_drive_0011_sync,53,E:\monodepth_project\data\kitti\2011_09_26\2011_09_26_drive_0011_sync\image_02\data\0000000053.png,E:\monodepth_project\data\kitti\2011_09_26\2011_09_26_drive_0011_sync\velodyne_points\data\0000000053.bin,True,True,375,1242,117426,test,E:\monodepth_project\data\kitti\depth_maps\2011_09_26_2011_09_26_drive_0011_sync_53.npy
2011_09_26,2011_09_26_drive_0011_sync,54,E:\monodepth_project\data\kitti\2011_09_26\2011_09_26_drive_0011_sync\image_02\data\0000000054.png,E:\monodepth_project\data\kitti\2011_09_26\2011_09_26_drive_0011_sync\velodyne_points\data\0000000054.bin,True,True,375,1242,117423,test,E:\monodepth_project\data\kitti\depth_maps\2011_09_26_2011_09_26_drive_0011_sync_54.npy
2011_09_26,2011_09_26_drive_0011_sync,55,E:\monodepth_project\data\kitti\2011_09_26\2011_09_26_drive_0011_sync\image_02\data\0000000055.png,E:\monodepth_project\data\kitti\2011_09_26\2011_09_26_drive_0011_sync\velodyne_points\data\0000000055.bin,True,True,375,1242,117266,test,E:\monodepth_project\data\kitti\depth_maps\2011_09_26_2011_09_26_drive_0011_sync_55.npy
2011_09_26,2011_09_26_drive_0011_sync,56,E:\monodepth_project\data\kitti\2011_09_26\2011_09_26_drive_0011_sync\image_02\data\0000000056.png,E:\monodepth_project\data\kitti\2011_09_26\2011_09_26_drive_0011_sync\velodyne_points\data\0000000056.bin,True,True,375,1242,117359,test,E:\monodepth_project\data\kitti\depth_maps\2011_09_26_2011_09_26_drive_0011_sync_56.npy
2011_09_26,2011_09_26_drive_0011_sync,57,E:\monodepth_project\data\kitti\2011_09_26\2011_09_26_drive_0011_sync\image_02\data\0000000057.png,E:\monodepth_project\data\kitti\2011_09_26\2011_09_26_drive_0011_sync\velodyne_points\data\0000000057.bin,True,True,375,1242,117236,test,E:\monodepth_project\data\kitti\depth_maps\2011_09_26_2011_09_26_drive_0011_sync_57.npy
2011_09_26,2011_09_26_drive_0011_sync,58,E:\monodepth_project\data\kitti\2011_09_26\2011_09_26_drive_0011_sync\image_02\data\0000000058.png,E:\monodepth_project\data\kitti\2011_09_26\2011_09_26_drive_0011_sync\velodyne_points\data\0000000058.bin,True,True,375,1242,117148,test,E:\monodepth_project\data\kitti\depth_maps\2011_09_26_2011_09_26_drive_0011_sync_58.npy
2011_09_26,2011_09_26_drive_0011_sync,59,E:\monodepth_project\data\kitti\2011_09_26\2011_09_26_drive_0011_sync\image_02\data\0000000059.png,E:\monodepth_project\data\kitti\2011_09_26\2011_09_26_drive_0011_sync\velodyne_points\data\0000000059.bin,True,True,375,1242,117202,test,E:\monodepth_project\data\kitti\depth_maps\2011_09_26_2011_09_26_drive_0011_sync_59.npy
2011_09_26,2011_09_26_drive_0011_sync,60,E:\monodepth_project\data\kitti\2011_09_26\2011_09_26_drive_0011_sync\image_02\data\0000000060.png,E:\monodepth_project\data\kitti\2011_09_26\2011_09_26_drive_0011_sync\velodyne_points\data\0000000060.bin,True,True,375,1242,117226,test,E:\monodepth_project\data\kitti\depth_maps\2011_09_26_2011_09_26_drive_0011_sync_60.npy
2011_09_26,2011_09_26_drive_0011_sync,61,E:\monodepth_project\data\kitti\2011_09_26\2011_09_26_drive_0011_sync\image_02\data\0000000061.png,E:\monodepth_project\data\kitti\2011_09_26\2011_09_26_drive_0011_sync\velodyne_points\data\0000000061.bin,True,True,375,1242,117256,test,E:\monodepth_project\data\kitti\depth_maps\2011_09_26_2011_09_26_drive_0011_sync_61.npy
2011_09_26,2011_09_26_drive_0011_sync,62,E:\monodepth_project\data\kitti\2011_09_26\2011_09_26_drive_0011_sync\image_02\data\0000000062.png,E:\monodepth_project\data\kitti\2011_09_26\2011_09_26_drive_0011_sync\velodyne_points\data\0000000062.bin,True,True,375,1242,117260,test,E:\monodepth_project\data\kitti\depth_maps\2011_09_26_2011_09_26_drive_0011_sync_62.npy
2011_09_26,2011_09_26_drive_0011_sync,63,E:\monodepth_project\data\kitti\2011_09_26\2011_09_26_drive_0011_sync\image_02\data\0000000063.png,E:\monodepth_project\data\kitti\2011_09_26\2011_09_26_drive_0011_sync\velodyne_points\data\0000000063.bin,True,True,375,1242,117086,test,E:\monodepth_project\data\kitti\depth_maps\2011_09_26_2011_09_26_drive_0011_sync_63.npy
2011_09_26,2011_09_26_drive_0011_sync,64,E:\monodepth_project\data\kitti\2011_09_26\2011_09_26_drive_0011_sync\image_02\data\0000000064.png,E:\monodepth_project\data\kitti\2011_09_26\2011_09_26_drive_0011_sync\velodyne_points\data\0000000064.bin,True,True,375,1242,116993,test,E:\monodepth_project\data\kitti\depth_maps\2011_09_26_2011_09_26_drive_0011_sync_64.npy
2011_09_26,2011_09_26_drive_0011_sync,65,E:\monodepth_project\data\kitti\2011_09_26\2011_09_26_drive_0011_sync\image_02\data\0000000065.png,E:\monodepth_project\data\kitti\2011_09_26\2011_09_26_drive_0011_sync\velodyne_points\data\0000000065.bin,True,True,375,1242,116737,test,E:\monodepth_project\data\kitti\depth_maps\2011_09_26_2011_09_26_drive_0011_sync_65.npy
2011_09_26,2011_09_26_drive_0011_sync,66,E:\monodepth_project\data\kitti\2011_09_26\2011_09_26_drive_0011_sync\image_02\data\0000000066.png,E:\monodepth_project\data\kitti\2011_09_26\2011_09_26_drive_0011_sync\velodyne_points\data\0000000066.bin,True,True,375,1242,116511,test,E:\monodepth_project\data\kitti\depth_maps\2011_09_26_2011_09_26_drive_0011_sync_66.npy
2011_09_26,2011_09_26_drive_0011_sync,67,E:\monodepth_project\data\kitti\2011_09_26\2011_09_26_drive_0011_sync\image_02\data\0000000067.png,E:\monodepth_project\data\kitti\2011_09_26\2011_09_26_drive_0011_sync\velodyne_points\data\0000000067.bin,True,True,375,1242,116268,test,E:\monodepth_project\data\kitti\depth_maps\2011_09_26_2011_09_26_drive_0011_sync_67.npy
2011_09_26,2011_09_26_drive_0011_sync,68,E:\monodepth_project\data\kitti\2011_09_26\2011_09_26_drive_0011_sync\image_02\data\0000000068.png,E:\monodepth_project\data\kitti\2011_09_26\2011_09_26_drive_0011_sync\velodyne_points\data\0000000068.bin,True,True,375,1242,116282,test,E:\monodepth_project\data\kitti\depth_maps\2011_09_26_2011_09_26_drive_0011_sync_68.npy
2011_09_26,2011_09_26_drive_0011_sync,69,E:\monodepth_project\data\kitti\2011_09_26\2011_09_26_drive_0011_sync\image_02\data\0000000069.png,E:\monodepth_project\data\kitti\2011_09_26\2011_09_26_drive_0011_sync\velodyne_points\data\0000000069.bin,True,True,375,1242,116092,test,E:\monodepth_project\data\kitti\depth_maps\2011_09_26_2011_09_26_drive_0011_sync_69.npy
2011_09_26,2011_09_26_drive_0011_sync,70,E:\monodepth_project\data\kitti\2011_09_26\2011_09_26_drive_0011_sync\image_02\data\0000000070.png,E:\monodepth_project\data\kitti\2011_09_26\2011_09_26_drive_0011_sync\velodyne_points\data\0000000070.bin,True,True,375,1242,115783,test,E:\monodepth_project\data\kitti\depth_maps\2011_09_26_2011_09_26_drive_0011_sync_70.npy
2011_09_26,2011_09_26_drive_0011_sync,71,E:\monodepth_project\data\kitti\2011_09_26\2011_09_26_drive_0011_sync\image_02\data\0000000071.png,E:\monodepth_project\data\kitti\2011_09_26\2011_09_26_drive_0011_sync\velodyne_points\data\0000000071.bin,True,True,375,1242,115469,test,E:\monodepth_project\data\kitti\depth_maps\2011_09_26_2011_09_26_drive_0011_sync_71.npy
2011_09_26,2011_09_26_drive_0011_sync,72,E:\monodepth_project\data\kitti\2011_09_26\2011_09_26_drive_0011_sync\image_02\data\0000000072.png,E:\monodepth_project\data\kitti\2011_09_26\2011_09_26_drive_0011_sync\velodyne_points\data\0000000072.bin,True,True,375,1242,115023,test,E:\monodepth_project\data\kitti\depth_maps\2011_09_26_2011_09_26_drive_0011_sync_72.npy
2011_09_26,2011_09_26_drive_0011_sync,73,E:\monodepth_project\data\kitti\2011_09_26\2011_09_26_drive_0011_sync\image_02\data\0000000073.png,E:\monodepth_project\data\kitti\2011_09_26\2011_09_26_drive_0011_sync\velodyne_points\data\0000000073.bin,True,True,375,1242,114519,test,E:\monodepth_project\data\kitti\depth_maps\2011_09_26_2011_09_26_drive_0011_sync_73.npy
2011_09_26,2011_09_26_drive_0011_sync,74,E:\monodepth_project\data\kitti\2011_09_26\2011_09_26_drive_0011_sync\image_02\data\0000000074.png,E:\monodepth_project\data\kitti\2011_09_26\2011_09_26_drive_0011_sync\velodyne_points\data\0000000074.bin,True,True,375,1242,114249,test,E:\monodepth_project\data\kitti\depth_maps\2011_09_26_2011_09_26_drive_0011_sync_74.npy
2011_09_26,2011_09_26_drive_0011_sync,75,E:\monodepth_project\data\kitti\2011_09_26\2011_09_26_drive_0011_sync\image_02\data\0000000075.png,E:\monodepth_project\data\kitti\2011_09_26\2011_09_26_drive_0011_sync\velodyne_points\data\0000000075.bin,True,True,375,1242,113859,test,E:\monodepth_project\data\kitti\depth_maps\2011_09_26_2011_09_26_drive_0011_sync_75.npy
2011_09_26,2011_09_26_drive_0011_sync,76,E:\monodepth_project\data\kitti\2011_09_26\2011_09_26_drive_0011_sync\image_02\data\0000000076.png,E:\monodepth_project\data\kitti\2011_09_26\2011_09_26_drive_0011_sync\velodyne_points\data\0000000076.bin,True,True,375,1242,114046,test,E:\monodepth_project\data\kitti\depth_maps\2011_09_26_2011_09_26_drive_0011_sync_76.npy
2011_09_26,2011_09_26_drive_0011_sync,77,E:\monodepth_project\data\kitti\2011_09_26\2011_09_26_drive_0011_sync\image_02\data\0000000077.png,E:\monodepth_project\data\kitti\2011_09_26\2011_09_26_drive_0011_sync\velodyne_points\data\0000000077.bin,True,True,375,1242,114045,test,E:\monodepth_project\data\kitti\depth_maps\2011_09_26_2011_09_26_drive_0011_sync_77.npy
2011_09_26,2011_09_26_drive_0011_sync,78,E:\monodepth_project\data\kitti\2011_09_26\2011_09_26_drive_0011_sync\image_02\data\0000000078.png,E:\monodepth_project\data\kitti\2011_09_26\2011_09_26_drive_0011_sync\velodyne_points\data\0000000078.bin,True,True,375,1242,114131,test,E:\monodepth_project\data\kitti\depth_maps\2011_09_26_2011_09_26_drive_0011_sync_78.npy
2011_09_26,2011_09_26_drive_0011_sync,79,E:\monodepth_project\data\kitti\2011_09_26\2011_09_26_drive_0011_sync\image_02\data\0000000079.png,E:\monodepth_project\data\kitti\2011_09_26\2011_09_26_drive_0011_sync\velodyne_points\data\0000000079.bin,True,True,375,1242,114037,test,E:\monodepth_project\data\kitti\depth_maps\2011_09_26_2011_09_26_drive_0011_sync_79.npy
2011_09_26,2011_09_26_drive_0011_sync,80,E:\monodepth_project\data\kitti\2011_09_26\2011_09_26_drive_0011_sync\image_02\data\0000000080.png,E:\monodepth_project\data\kitti\2011_09_26\2011_09_26_drive_0011_sync\velodyne_points\data\0000000080.bin,True,True,375,1242,113836,test,E:\monodepth_project\data\kitti\depth_maps\2011_09_26_2011_09_26_drive_0011_sync_80.npy
2011_09_26,2011_09_26_drive_0011_sync,81,E:\monodepth_project\data\kitti\2011_09_26\2011_09_26_drive_0011_sync\image_02\data\0000000081.png,E:\monodepth_project\data\kitti\2011_09_26\2011_09_26_drive_0011_sync\velodyne_points\data\0000000081.bin,True,True,375,1242,113674,test,E:\monodepth_project\data\kitti\depth_maps\2011_09_26_2011_09_26_drive_0011_sync_81.npy
2011_09_26,2011_09_26_drive_0011_sync,82,E:\monodepth_project\data\kitti\2011_09_26\2011_09_26_drive_0011_sync\image_02\data\0000000082.png,E:\monodepth_project\data\kitti\2011_09_26\2011_09_26_drive_0011_sync\velodyne_points\data\0000000082.bin,True,True,375,1242,113526,test,E:\monodepth_project\data\kitti\depth_maps\2011_09_26_2011_09_26_drive_0011_sync_82.npy
2011_09_26,2011_09_26_drive_0011_sync,83,E:\monodepth_project\data\kitti\2011_09_26\2011_09_26_drive_0011_sync\image_02\data\0000000083.png,E:\monodepth_project\data\kitti\2011_09_26\2011_09_26_drive_0011_sync\velodyne_points\data\0000000083.bin,True,True,375,1242,113457,test,E:\monodepth_project\data\kitti\depth_maps\2011_09_26_2011_09_26_drive_0011_sync_83.npy
2011_09_26,2011_09_26_drive_0011_sync,84,E:\monodepth_project\data\kitti\2011_09_26\2011_09_26_drive_0011_sync\image_02\data\0000000084.png,E:\monodepth_project\data\kitti\2011_09_26\2011_09_26_drive_0011_sync\velodyne_points\data\0000000084.bin,True,True,375,1242,113331,test,E:\monodepth_project\data\kitti\depth_maps\2011_09_26_2011_09_26_drive_0011_sync_84.npy
2011_09_26,2011_09_26_drive_0011_sync,85,E:\monodepth_project\data\kitti\2011_09_26\2011_09_26_drive_0011_sync\image_02\data\0000000085.png,E:\monodepth_project\data\kitti\2011_09_26\2011_09_26_drive_0011_sync\velodyne_points\data\0000000085.bin,True,True,375,1242,113272,test,E:\monodepth_project\data\kitti\depth_maps\2011_09_26_2011_09_26_drive_0011_sync_85.npy
2011_09_26,2011_09_26_drive_0011_sync,86,E:\monodepth_project\data\kitti\2011_09_26\2011_09_26_drive_0011_sync\image_02\data\0000000086.png,E:\monodepth_project\data\kitti\2011_09_26\2011_09_26_drive_0011_sync\velodyne_points\data\0000000086.bin,True,True,375,1242,113011,test,E:\monodepth_project\data\kitti\depth_maps\2011_09_26_2011_09_26_drive_0011_sync_86.npy
2011_09_26,2011_09_26_drive_0011_sync,87,E:\monodepth_project\data\kitti\2011_09_26\2011_09_26_drive_0011_sync\image_02\data\0000000087.png,E:\monodepth_project\data\kitti\2011_09_26\2011_09_26_drive_0011_sync\velodyne_points\data\0000000087.bin,True,True,375,1242,112979,test,E:\monodepth_project\data\kitti\depth_maps\2011_09_26_2011_09_26_drive_0011_sync_87.npy
2011_09_26,2011_09_26_drive_0011_sync,88,E:\monodepth_project\data\kitti\2011_09_26\2011_09_26_drive_0011_sync\image_02\data\0000000088.png,E:\monodepth_project\data\kitti\2011_09_26\2011_09_26_drive_0011_sync\velodyne_points\data\0000000088.bin,True,True,375,1242,112831,test,E:\monodepth_project\data\kitti\depth_maps\2011_09_26_2011_09_26_drive_0011_sync_88.npy
2011_09_26,2011_09_26_drive_0011_sync,89,E:\monodepth_project\data\kitti\2011_09_26\2011_09_26_drive_0011_sync\image_02\data\0000000089.png,E:\monodepth_project\data\kitti\2011_09_26\2011_09_26_drive_0011_sync\velodyne_points\data\0000000089.bin,True,True,375,1242,112875,test,E:\monodepth_project\data\kitti\depth_maps\2011_09_26_2011_09_26_drive_0011_sync_89.npy
2011_09_26,2011_09_26_drive_0011_sync,90,E:\monodepth_project\data\kitti\2011_09_26\2011_09_26_drive_0011_sync\image_02\data\0000000090.png,E:\monodepth_project\data\kitti\2011_09_26\2011_09_26_drive_0011_sync\velodyne_points\data\0000000090.bin,True,True,375,1242,112679,test,E:\monodepth_project\data\kitti\depth_maps\2011_09_26_2011_09_26_drive_0011_sync_90.npy
2011_09_26,2011_09_26_drive_0011_sync,91,E:\monodepth_project\data\kitti\2011_09_26\2011_09_26_drive_0011_sync\image_02\data\0000000091.png,E:\monodepth_project\data\kitti\2011_09_26\2011_09_26_drive_0011_sync\velodyne_points\data\0000000091.bin,True,True,375,1242,112629,test,E:\monodepth_project\data\kitti\depth_maps\2011_09_26_2011_09_26_drive_0011_sync_91.npy
2011_09_26,2011_09_26_drive_0011_sync,92,E:\monodepth_project\data\kitti\2011_09_26\2011_09_26_drive_0011_sync\image_02\data\0000000092.png,E:\monodepth_project\data\kitti\2011_09_26\2011_09_26_drive_0011_sync\velodyne_points\data\0000000092.bin,True,True,375,1242,112376,test,E:\monodepth_project\data\kitti\depth_maps\2011_09_26_2011_09_26_drive_0011_sync_92.npy
2011_09_26,2011_09_26_drive_0011_sync,93,E:\monodepth_project\data\kitti\2011_09_26\2011_09_26_drive_0011_sync\image_02\data\0000000093.png,E:\monodepth_project\data\kitti\2011_09_26\2011_09_26_drive_0011_sync\velodyne_points\data\0000000093.bin,True,True,375,1242,112387,test,E:\monodepth_project\data\kitti\depth_maps\2011_09_26_2011_09_26_drive_0011_sync_93.npy
2011_09_26,2011_09_26_drive_0011_sync,94,E:\monodepth_project\data\kitti\2011_09_26\2011_09_26_drive_0011_sync\image_02\data\0000000094.png,E:\monodepth_project\data\kitti\2011_09_26\2011_09_26_drive_0011_sync\velodyne_points\data\0000000094.bin,True,True,375,1242,112170,test,E:\monodepth_project\data\kitti\depth_maps\2011_09_26_2011_09_26_drive_0011_sync_94.npy
2011_09_26,2011_09_26_drive_0011_sync,95,E:\monodepth_project\data\kitti\2011_09_26\2011_09_26_drive_0011_sync\image_02\data\0000000095.png,E:\monodepth_project\data\kitti\2011_09_26\2011_09_26_drive_0011_sync\velodyne_points\data\0000000095.bin,True,True,375,1242,111963,test,E:\monodepth_project\data\kitti\depth_maps\2011_09_26_2011_09_26_drive_0011_sync_95.npy
2011_09_26,2011_09_26_drive_0011_sync,96,E:\monodepth_project\data\kitti\2011_09_26\2011_09_26_drive_0011_sync\image_02\data\0000000096.png,E:\monodepth_project\data\kitti\2011_09_26\2011_09_26_drive_0011_sync\velodyne_points\data\0000000096.bin,True,True,375,1242,111904,test,E:\monodepth_project\data\kitti\depth_maps\2011_09_26_2011_09_26_drive_0011_sync_96.npy
2011_09_26,2011_09_26_drive_0011_sync,97,E:\monodepth_project\data\kitti\2011_09_26\2011_09_26_drive_0011_sync\image_02\data\0000000097.png,E:\monodepth_project\data\kitti\2011_09_26\2011_09_26_drive_0011_sync\velodyne_points\data\0000000097.bin,True,True,375,1242,111720,test,E:\monodepth_project\data\kitti\depth_maps\2011_09_26_2011_09_26_drive_0011_sync_97.npy
2011_09_26,2011_09_26_drive_0011_sync,98,E:\monodepth_project\data\kitti\2011_09_26\2011_09_26_drive_0011_sync\image_02\data\0000000098.png,E:\monodepth_project\data\kitti\2011_09_26\2011_09_26_drive_0011_sync\velodyne_points\data\0000000098.bin,True,True,375,1242,111605,test,E:\monodepth_project\data\kitti\depth_maps\2011_09_26_2011_09_26_drive_0011_sync_98.npy
2011_09_26,2011_09_26_drive_0011_sync,99,E:\monodepth_project\data\kitti\2011_09_26\2011_09_26_drive_0011_sync\image_02\data\0000000099.png,E:\monodepth_project\data\kitti\2011_09_26\2011_09_26_drive_0011_sync\velodyne_points\data\0000000099.bin,True,True,375,1242,111442,test,E:\monodepth_project\data\kitti\depth_maps\2011_09_26_2011_09_26_drive_0011_sync_99.npy
2011_09_26,2011_09_26_drive_0011_sync,100,E:\monodepth_project\data\kitti\2011_09_26\2011_09_26_drive_0011_sync\image_02\data\0000000100.png,E:\monodepth_project\data\kitti\2011_09_26\2011_09_26_drive_0011_sync\velodyne_points\data\0000000100.bin,True,True,375,1242,111157,test,E:\monodepth_project\data\kitti\depth_maps\2011_09_26_2011_09_26_drive_0011_sync_100.npy
2011_09_26,2011_09_26_drive_0011_sync,101,E:\monodepth_project\data\kitti\2011_09_26\2011_09_26_drive_0011_sync\image_02\data\0000000101.png,E:\monodepth_project\data\kitti\2011_09_26\2011_09_26_drive_0011_sync\velodyne_points\data\0000000101.bin,True,True,375,1242,111086,test,E:\monodepth_project\data\kitti\depth_maps\2011_09_26_2011_09_26_drive_0011_sync_101.npy
2011_09_26,2011_09_26_drive_0011_sync,102,E:\monodepth_project\data\kitti\2011_09_26\2011_09_26_drive_0011_sync\image_02\data\0000000102.png,E:\monodepth_project\data\kitti\2011_09_26\2011_09_26_drive_0011_sync\velodyne_points\data\0000000102.bin,True,True,375,1242,111047,test,E:\monodepth_project\data\kitti\depth_maps\2011_09_26_2011_09_26_drive_0011_sync_102.npy
2011_09_26,2011_09_26_drive_0011_sync,103,E:\monodepth_project\data\kitti\2011_09_26\2011_09_26_drive_0011_sync\image_02\data\0000000103.png,E:\monodepth_project\data\kitti\2011_09_26\2011_09_26_drive_0011_sync\velodyne_points\data\0000000103.bin,True,True,375,1242,111009,test,E:\monodepth_project\data\kitti\depth_maps\2011_09_26_2011_09_26_drive_0011_sync_103.npy
2011_09_26,2011_09_26_drive_0011_sync,104,E:\monodepth_project\data\kitti\2011_09_26\2011_09_26_drive_0011_sync\image_02\data\0000000104.png,E:\monodepth_project\data\kitti\2011_09_26\2011_09_26_drive_0011_sync\velodyne_points\data\0000000104.bin,True,True,375,1242,110819,test,E:\monodepth_project\data\kitti\depth_maps\2011_09_26_2011_09_26_drive_0011_sync_104.npy
2011_09_26,2011_09_26_drive_0011_sync,105,E:\monodepth_project\data\kitti\2011_09_26\2011_09_26_drive_0011_sync\image_02\data\0000000105.png,E:\monodepth_project\data\kitti\2011_09_26\2011_09_26_drive_0011_sync\velodyne_points\data\0000000105.bin,True,True,375,1242,110655,test,E:\monodepth_project\data\kitti\depth_maps\2011_09_26_2011_09_26_drive_0011_sync_105.npy
2011_09_26,2011_09_26_drive_0011_sync,106,E:\monodepth_project\data\kitti\2011_09_26\2011_09_26_drive_0011_sync\image_02\data\0000000106.png,E:\monodepth_project\data\kitti\2011_09_26\2011_09_26_drive_0011_sync\velodyne_points\data\0000000106.bin,True,True,375,1242,110434,test,E:\monodepth_project\data\kitti\depth_maps\2011_09_26_2011_09_26_drive_0011_sync_106.npy
2011_09_26,2011_09_26_drive_0011_sync,107,E:\monodepth_project\data\kitti\2011_09_26\2011_09_26_drive_0011_sync\image_02\data\0000000107.png,E:\monodepth_project\data\kitti\2011_09_26\2011_09_26_drive_0011_sync\velodyne_points\data\0000000107.bin,True,True,375,1242,110077,test,E:\monodepth_project\data\kitti\depth_maps\2011_09_26_2011_09_26_drive_0011_sync_107.npy
2011_09_26,2011_09_26_drive_0011_sync,108,E:\monodepth_project\data\kitti\2011_09_26\2011_09_26_drive_0011_sync\image_02\data\0000000108.png,E:\monodepth_project\data\kitti\2011_09_26\2011_09_26_drive_0011_sync\velodyne_points\data\0000000108.bin,True,True,375,1242,109769,test,E:\monodepth_project\data\kitti\depth_maps\2011_09_26_2011_09_26_drive_0011_sync_108.npy
2011_09_26,2011_09_26_drive_0011_sync,109,E:\monodepth_project\data\kitti\2011_09_26\2011_09_26_drive_0011_sync\image_02\data\0000000109.png,E:\monodepth_project\data\kitti\2011_09_26\2011_09_26_drive_0011_sync\velodyne_points\data\0000000109.bin,True,True,375,1242,109492,test,E:\monodepth_project\data\kitti\depth_maps\2011_09_26_2011_09_26_drive_0011_sync_109.npy
2011_09_26,2011_09_26_drive_0011_sync,110,E:\monodepth_project\data\kitti\2011_09_26\2011_09_26_drive_0011_sync\image_02\data\0000000110.png,E:\monodepth_project\data\kitti\2011_09_26\2011_09_26_drive_0011_sync\velodyne_points\data\0000000110.bin,True,True,375,1242,109224,test,E:\monodepth_project\data\kitti\depth_maps\2011_09_26_2011_09_26_drive_0011_sync_110.npy
2011_09_26,2011_09_26_drive_0011_sync,111,E:\monodepth_project\data\kitti\2011_09_26\2011_09_26_drive_0011_sync\image_02\data\0000000111.png,E:\monodepth_project\data\kitti\2011_09_26\2011_09_26_drive_0011_sync\velodyne_points\data\0000000111.bin,True,True,375,1242,108943,test,E:\monodepth_project\data\kitti\depth_maps\2011_09_26_2011_09_26_drive_0011_sync_111.npy
2011_09_26,2011_09_26_drive_0011_sync,112,E:\monodepth_project\data\kitti\2011_09_26\2011_09_26_drive_0011_sync\image_02\data\0000000112.png,E:\monodepth_project\data\kitti\2011_09_26\2011_09_26_drive_0011_sync\velodyne_points\data\0000000112.bin,True,True,375,1242,108557,test,E:\monodepth_project\data\kitti\depth_maps\2011_09_26_2011_09_26_drive_0011_sync_112.npy
2011_09_26,2011_09_26_drive_0011_sync,113,E:\monodepth_project\data\kitti\2011_09_26\2011_09_26_drive_0011_sync\image_02\data\0000000113.png,E:\monodepth_project\data\kitti\2011_09_26\2011_09_26_drive_0011_sync\velodyne_points\data\0000000113.bin,True,True,375,1242,108440,test,E:\monodepth_project\data\kitti\depth_maps\2011_09_26_2011_09_26_drive_0011_sync_113.npy
2011_09_26,2011_09_26_drive_0011_sync,114,E:\monodepth_project\data\kitti\2011_09_26\2011_09_26_drive_0011_sync\image_02\data\0000000114.png,E:\monodepth_project\data\kitti\2011_09_26\2011_09_26_drive_0011_sync\velodyne_points\data\0000000114.bin,True,True,375,1242,108397,test,E:\monodepth_project\data\kitti\depth_maps\2011_09_26_2011_09_26_drive_0011_sync_114.npy
2011_09_26,2011_09_26_drive_0011_sync,115,E:\monodepth_project\data\kitti\2011_09_26\2011_09_26_drive_0011_sync\image_02\data\0000000115.png,E:\monodepth_project\data\kitti\2011_09_26\2011_09_26_drive_0011_sync\velodyne_points\data\0000000115.bin,True,True,375,1242,108371,test,E:\monodepth_project\data\kitti\depth_maps\2011_09_26_2011_09_26_drive_0011_sync_115.npy
2011_09_26,2011_09_26_drive_0011_sync,116,E:\monodepth_project\data\kitti\2011_09_26\2011_09_26_drive_0011_sync\image_02\data\0000000116.png,E:\monodepth_project\data\kitti\2011_09_26\2011_09_26_drive_0011_sync\velodyne_points\data\0000000116.bin,True,True,375,1242,108418,test,E:\monodepth_project\data\kitti\depth_maps\2011_09_26_2011_09_26_drive_0011_sync_116.npy
2011_09_26,2011_09_26_drive_0011_sync,117,E:\monodepth_project\data\kitti\2011_09_26\2011_09_26_drive_0011_sync\image_02\data\0000000117.png,E:\monodepth_project\data\kitti\2011_09_26\2011_09_26_drive_0011_sync\velodyne_points\data\0000000117.bin,True,True,375,1242,108573,test,E:\monodepth_project\data\kitti\depth_maps\2011_09_26_2011_09_26_drive_0011_sync_117.npy
2011_09_26,2011_09_26_drive_0011_sync,118,E:\monodepth_project\data\kitti\2011_09_26\2011_09_26_drive_0011_sync\image_02\data\0000000118.png,E:\monodepth_project\data\kitti\2011_09_26\2011_09_26_drive_0011_sync\velodyne_points\data\0000000118.bin,True,True,375,1242,108786,test,E:\monodepth_project\data\kitti\depth_maps\2011_09_26_2011_09_26_drive_0011_sync_118.npy
2011_09_26,2011_09_26_drive_0011_sync,119,E:\monodepth_project\data\kitti\2011_09_26\2011_09_26_drive_0011_sync\image_02\data\0000000119.png,E:\monodepth_project\data\kitti\2011_09_26\2011_09_26_drive_0011_sync\velodyne_points\data\0000000119.bin,True,True,375,1242,108874,test,E:\monodepth_project\data\kitti\depth_maps\2011_09_26_2011_09_26_drive_0011_sync_119.npy
2011_09_26,2011_09_26_drive_0011_sync,120,E:\monodepth_project\data\kitti\2011_09_26\2011_09_26_drive_0011_sync\image_02\data\0000000120.png,E:\monodepth_project\data\kitti\2011_09_26\2011_09_26_drive_0011_sync\velodyne_points\data\0000000120.bin,True,True,375,1242,108979,test,E:\monodepth_project\data\kitti\depth_maps\2011_09_26_2011_09_26_drive_0011_sync_120.npy
2011_09_26,2011_09_26_drive_0011_sync,121,E:\monodepth_project\data\kitti\2011_09_26\2011_09_26_drive_0011_sync\image_02\data\0000000121.png,E:\monodepth_project\data\kitti\2011_09_26\2011_09_26_drive_0011_sync\velodyne_points\data\0000000121.bin,True,True,375,1242,109193,test,E:\monodepth_project\data\kitti\depth_maps\2011_09_26_2011_09_26_drive_0011_sync_121.npy
2011_09_26,2011_09_26_drive_0011_sync,122,E:\monodepth_project\data\kitti\2011_09_26\2011_09_26_drive_0011_sync\image_02\data\0000000122.png,E:\monodepth_project\data\kitti\2011_09_26\2011_09_26_drive_0011_sync\velodyne_points\data\0000000122.bin,True,True,375,1242,109420,test,E:\monodepth_project\data\kitti\depth_maps\2011_09_26_2011_09_26_drive_0011_sync_122.npy
2011_09_26,2011_09_26_drive_0011_sync,123,E:\monodepth_project\data\kitti\2011_09_26\2011_09_26_drive_0011_sync\image_02\data\0000000123.png,E:\monodepth_project\data\kitti\2011_09_26\2011_09_26_drive_0011_sync\velodyne_points\data\0000000123.bin,True,True,375,1242,109483,test,E:\monodepth_project\data\kitti\depth_maps\2011_09_26_2011_09_26_drive_0011_sync_123.npy
2011_09_26,2011_09_26_drive_0011_sync,124,E:\monodepth_project\data\kitti\2011_09_26\2011_09_26_drive_0011_sync\image_02\data\0000000124.png,E:\monodepth_project\data\kitti\2011_09_26\2011_09_26_drive_0011_sync\velodyne_points\data\0000000124.bin,True,True,375,1242,109665,test,E:\monodepth_project\data\kitti\depth_maps\2011_09_26_2011_09_26_drive_0011_sync_124.npy
2011_09_26,2011_09_26_drive_0011_sync,125,E:\monodepth_project\data\kitti\2011_09_26\2011_09_26_drive_0011_sync\image_02\data\0000000125.png,E:\monodepth_project\data\kitti\2011_09_26\2011_09_26_drive_0011_sync\velodyne_points\data\0000000125.bin,True,True,375,1242,109838,test,E:\monodepth_project\data\kitti\depth_maps\2011_09_26_2011_09_26_drive_0011_sync_125.npy
2011_09_26,2011_09_26_drive_0011_sync,126,E:\monodepth_project\data\kitti\2011_09_26\2011_09_26_drive_0011_sync\image_02\data\0000000126.png,E:\monodepth_project\data\kitti\2011_09_26\2011_09_26_drive_0011_sync\velodyne_points\data\0000000126.bin,True,True,375,1242,109894,test,E:\monodepth_project\data\kitti\depth_maps\2011_09_26_2011_09_26_drive_0011_sync_126.npy
2011_09_26,2011_09_26_drive_0011_sync,127,E:\monodepth_project\data\kitti\2011_09_26\2011_09_26_drive_0011_sync\image_02\data\0000000127.png,E:\monodepth_project\data\kitti\2011_09_26\2011_09_26_drive_0011_sync\velodyne_points\data\0000000127.bin,True,True,375,1242,109859,test,E:\monodepth_project\data\kitti\depth_maps\2011_09_26_2011_09_26_drive_0011_sync_127.npy
2011_09_26,2011_09_26_drive_0011_sync,128,E:\monodepth_project\data\kitti\2011_09_26\2011_09_26_drive_0011_sync\image_02\data\0000000128.png,E:\monodepth_project\data\kitti\2011_09_26\2011_09_26_drive_0011_sync\velodyne_points\data\0000000128.bin,True,True,375,1242,109898,test,E:\monodepth_project\data\kitti\depth_maps\2011_09_26_2011_09_26_drive_0011_sync_128.npy
2011_09_26,2011_09_26_drive_0011_sync,129,E:\monodepth_project\data\kitti\2011_09_26\2011_09_26_drive_0011_sync\image_02\data\0000000129.png,E:\monodepth_project\data\kitti\2011_09_26\2011_09_26_drive_0011_sync\velodyne_points\data\0000000129.bin,True,True,375,1242,110022,test,E:\monodepth_project\data\kitti\depth_maps\2011_09_26_2011_09_26_drive_0011_sync_129.npy
2011_09_26,2011_09_26_drive_0011_sync,130,E:\monodepth_project\data\kitti\2011_09_26\2011_09_26_drive_0011_sync\image_02\data\0000000130.png,E:\monodepth_project\data\kitti\2011_09_26\2011_09_26_drive_0011_sync\velodyne_points\data\0000000130.bin,True,True,375,1242,110106,test,E:\monodepth_project\data\kitti\depth_maps\2011_09_26_2011_09_26_drive_0011_sync_130.npy
2011_09_26,2011_09_26_drive_0011_sync,131,E:\monodepth_project\data\kitti\2011_09_26\2011_09_26_drive_0011_sync\image_02\data\0000000131.png,E:\monodepth_project\data\kitti\2011_09_26\2011_09_26_drive_0011_sync\velodyne_points\data\0000000131.bin,True,True,375,1242,110135,test,E:\monodepth_project\data\kitti\depth_maps\2011_09_26_2011_09_26_drive_0011_sync_131.npy
2011_09_26,2011_09_26_drive_0011_sync,132,E:\monodepth_project\data\kitti\2011_09_26\2011_09_26_drive_0011_sync\image_02\data\0000000132.png,E:\monodepth_project\data\kitti\2011_09_26\2011_09_26_drive_0011_sync\velodyne_points\data\0000000132.bin,True,True,375,1242,110278,test,E:\monodepth_project\data\kitti\depth_maps\2011_09_26_2011_09_26_drive_0011_sync_132.npy
2011_09_26,2011_09_26_drive_0011_sync,133,E:\monodepth_project\data\kitti\2011_09_26\2011_09_26_drive_0011_sync\image_02\data\0000000133.png,E:\monodepth_project\data\kitti\2011_09_26\2011_09_26_drive_0011_sync\velodyne_points\data\0000000133.bin,True,True,375,1242,110229,test,E:\monodepth_project\data\kitti\depth_maps\2011_09_26_2011_09_26_drive_0011_sync_133.npy
2011_09_26,2011_09_26_drive_0011_sync,134,E:\monodepth_project\data\kitti\2011_09_26\2011_09_26_drive_0011_sync\image_02\data\0000000134.png,E:\monodepth_project\data\kitti\2011_09_26\2011_09_26_drive_0011_sync\velodyne_points\data\0000000134.bin,True,True,375,1242,110272,test,E:\monodepth_project\data\kitti\depth_maps\2011_09_26_2011_09_26_drive_0011_sync_134.npy
2011_09_26,2011_09_26_drive_0011_sync,135,E:\monodepth_project\data\kitti\2011_09_26\2011_09_26_drive_0011_sync\image_02\data\0000000135.png,E:\monodepth_project\data\kitti\2011_09_26\2011_09_26_drive_0011_sync\velodyne_points\data\0000000135.bin,True,True,375,1242,110328,test,E:\monodepth_project\data\kitti\depth_maps\2011_09_26_2011_09_26_drive_0011_sync_135.npy
2011_09_26,2011_09_26_drive_0011_sync,136,E:\monodepth_project\data\kitti\2011_09_26\2011_09_26_drive_0011_sync\image_02\data\0000000136.png,E:\monodepth_project\data\kitti\2011_09_26\2011_09_26_drive_0011_sync\velodyne_points\data\0000000136.bin,True,True,375,1242,110275,test,E:\monodepth_project\data\kitti\depth_maps\2011_09_26_2011_09_26_drive_0011_sync_136.npy
2011_09_26,2011_09_26_drive_0011_sync,137,E:\monodepth_project\data\kitti\2011_09_26\2011_09_26_drive_0011_sync\image_02\data\0000000137.png,E:\monodepth_project\data\kitti\2011_09_26\2011_09_26_drive_0011_sync\velodyne_points\data\0000000137.bin,True,True,375,1242,110141,test,E:\monodepth_project\data\kitti\depth_maps\2011_09_26_2011_09_26_drive_0011_sync_137.npy
2011_09_26,2011_09_26_drive_0011_sync,138,E:\monodepth_project\data\kitti\2011_09_26\2011_09_26_drive_0011_sync\image_02\data\0000000138.png,E:\monodepth_project\data\kitti\2011_09_26\2011_09_26_drive_0011_sync\velodyne_points\data\0000000138.bin,True,True,375,1242,110179,test,E:\monodepth_project\data\kitti\depth_maps\2011_09_26_2011_09_26_drive_0011_sync_138.npy
2011_09_26,2011_09_26_drive_0011_sync,139,E:\monodepth_project\data\kitti\2011_09_26\2011_09_26_drive_0011_sync\image_02\data\0000000139.png,E:\monodepth_project\data\kitti\2011_09_26\2011_09_26_drive_0011_sync\velodyne_points\data\0000000139.bin,True,True,375,1242,109932,test,E:\monodepth_project\data\kitti\depth_maps\2011_09_26_2011_09_26_drive_0011_sync_139.npy
2011_09_26,2011_09_26_drive_0011_sync,140,E:\monodepth_project\data\kitti\2011_09_26\2011_09_26_drive_0011_sync\image_02\data\0000000140.png,E:\monodepth_project\data\kitti\2011_09_26\2011_09_26_drive_0011_sync\velodyne_points\data\0000000140.bin,True,True,375,1242,109725,test,E:\monodepth_project\data\kitti\depth_maps\2011_09_26_2011_09_26_drive_0011_sync_140.npy
2011_09_26,2011_09_26_drive_0011_sync,141,E:\monodepth_project\data\kitti\2011_09_26\2011_09_26_drive_0011_sync\image_02\data\0000000141.png,E:\monodepth_project\data\kitti\2011_09_26\2011_09_26_drive_0011_sync\velodyne_points\data\0000000141.bin,True,True,375,1242,109599,test,E:\monodepth_project\data\kitti\depth_maps\2011_09_26_2011_09_26_drive_0011_sync_141.npy
2011_09_26,2011_09_26_drive_0011_sync,142,E:\monodepth_project\data\kitti\2011_09_26\2011_09_26_drive_0011_sync\image_02\data\0000000142.png,E:\monodepth_project\data\kitti\2011_09_26\2011_09_26_drive_0011_sync\velodyne_points\data\0000000142.bin,True,True,375,1242,109457,test,E:\monodepth_project\data\kitti\depth_maps\2011_09_26_2011_09_26_drive_0011_sync_142.npy
2011_09_26,2011_09_26_drive_0011_sync,143,E:\monodepth_project\data\kitti\2011_09_26\2011_09_26_drive_0011_sync\image_02\data\0000000143.png,E:\monodepth_project\data\kitti\2011_09_26\2011_09_26_drive_0011_sync\velodyne_points\data\0000000143.bin,True,True,375,1242,109444,test,E:\monodepth_project\data\kitti\depth_maps\2011_09_26_2011_09_26_drive_0011_sync_143.npy
2011_09_26,2011_09_26_drive_0011_sync,144,E:\monodepth_project\data\kitti\2011_09_26\2011_09_26_drive_0011_sync\image_02\data\0000000144.png,E:\monodepth_project\data\kitti\2011_09_26\2011_09_26_drive_0011_sync\velodyne_points\data\0000000144.bin,True,True,375,1242,109281,test,E:\monodepth_project\data\kitti\depth_maps\2011_09_26_2011_09_26_drive_0011_sync_144.npy
2011_09_26,2011_09_26_drive_0011_sync,145,E:\monodepth_project\data\kitti\2011_09_26\2011_09_26_drive_0011_sync\image_02\data\0000000145.png,E:\monodepth_project\data\kitti\2011_09_26\2011_09_26_drive_0011_sync\velodyne_points\data\0000000145.bin,True,True,375,1242,109247,test,E:\monodepth_project\data\kitti\depth_maps\2011_09_26_2011_09_26_drive_0011_sync_145.npy
2011_09_26,2011_09_26_drive_0011_sync,146,E:\monodepth_project\data\kitti\2011_09_26\2011_09_26_drive_0011_sync\image_02\data\0000000146.png,E:\monodepth_project\data\kitti\2011_09_26\2011_09_26_drive_0011_sync\velodyne_points\data\0000000146.bin,True,True,375,1242,109222,test,E:\monodepth_project\data\kitti\depth_maps\2011_09_26_2011_09_26_drive_0011_sync_146.npy
2011_09_26,2011_09_26_drive_0011_sync,147,E:\monodepth_project\data\kitti\2011_09_26\2011_09_26_drive_0011_sync\image_02\data\0000000147.png,E:\monodepth_project\data\kitti\2011_09_26\2011_09_26_drive_0011_sync\velodyne_points\data\0000000147.bin,True,True,375,1242,109228,test,E:\monodepth_project\data\kitti\depth_maps\2011_09_26_2011_09_26_drive_0011_sync_147.npy
2011_09_26,2011_09_26_drive_0011_sync,148,E:\monodepth_project\data\kitti\2011_09_26\2011_09_26_drive_0011_sync\image_02\data\0000000148.png,E:\monodepth_project\data\kitti\2011_09_26\2011_09_26_drive_0011_sync\velodyne_points\data\0000000148.bin,True,True,375,1242,109276,test,E:\monodepth_project\data\kitti\depth_maps\2011_09_26_2011_09_26_drive_0011_sync_148.npy
2011_09_26,2011_09_26_drive_0011_sync,149,E:\monodepth_project\data\kitti\2011_09_26\2011_09_26_drive_0011_sync\image_02\data\0000000149.png,E:\monodepth_project\data\kitti\2011_09_26\2011_09_26_drive_0011_sync\velodyne_points\data\0000000149.bin,True,True,375,1242,109170,test,E:\monodepth_project\data\kitti\depth_maps\2011_09_26_2011_09_26_drive_0011_sync_149.npy
2011_09_26,2011_09_26_drive_0011_sync,150,E:\monodepth_project\data\kitti\2011_09_26\2011_09_26_drive_0011_sync\image_02\data\0000000150.png,E:\monodepth_project\data\kitti\2011_09_26\2011_09_26_drive_0011_sync\velodyne_points\data\0000000150.bin,True,True,375,1242,109289,test,E:\monodepth_project\data\kitti\depth_maps\2011_09_26_2011_09_26_drive_0011_sync_150.npy
2011_09_26,2011_09_26_drive_0011_sync,151,E:\monodepth_project\data\kitti\2011_09_26\2011_09_26_drive_0011_sync\image_02\data\0000000151.png,E:\monodepth_project\data\kitti\2011_09_26\2011_09_26_drive_0011_sync\velodyne_points\data\0000000151.bin,True,True,375,1242,109345,test,E:\monodepth_project\data\kitti\depth_maps\2011_09_26_2011_09_26_drive_0011_sync_151.npy
2011_09_26,2011_09_26_drive_0011_sync,152,E:\monodepth_project\data\kitti\2011_09_26\2011_09_26_drive_0011_sync\image_02\data\0000000152.png,E:\monodepth_project\data\kitti\2011_09_26\2011_09_26_drive_0011_sync\velodyne_points\data\0000000152.bin,True,True,375,1242,109298,test,E:\monodepth_project\data\kitti\depth_maps\2011_09_26_2011_09_26_drive_0011_sync_152.npy
2011_09_26,2011_09_26_drive_0011_sync,153,E:\monodepth_project\data\kitti\2011_09_26\2011_09_26_drive_0011_sync\image_02\data\0000000153.png,E:\monodepth_project\data\kitti\2011_09_26\2011_09_26_drive_0011_sync\velodyne_points\data\0000000153.bin,True,True,375,1242,109278,test,E:\monodepth_project\data\kitti\depth_maps\2011_09_26_2011_09_26_drive_0011_sync_153.npy
2011_09_26,2011_09_26_drive_0011_sync,154,E:\monodepth_project\data\kitti\2011_09_26\2011_09_26_drive_0011_sync\image_02\data\0000000154.png,E:\monodepth_project\data\kitti\2011_09_26\2011_09_26_drive_0011_sync\velodyne_points\data\0000000154.bin,True,True,375,1242,109324,test,E:\monodepth_project\data\kitti\depth_maps\2011_09_26_2011_09_26_drive_0011_sync_154.npy
2011_09_26,2011_09_26_drive_0011_sync,155,E:\monodepth_project\data\kitti\2011_09_26\2011_09_26_drive_0011_sync\image_02\data\0000000155.png,E:\monodepth_project\data\kitti\2011_09_26\2011_09_26_drive_0011_sync\velodyne_points\data\0000000155.bin,True,True,375,1242,109240,test,E:\monodepth_project\data\kitti\depth_maps\2011_09_26_2011_09_26_drive_0011_sync_155.npy
2011_09_26,2011_09_26_drive_0011_sync,156,E:\monodepth_project\data\kitti\2011_09_26\2011_09_26_drive_0011_sync\image_02\data\0000000156.png,E:\monodepth_project\data\kitti\2011_09_26\2011_09_26_drive_0011_sync\velodyne_points\data\0000000156.bin,True,True,375,1242,109171,test,E:\monodepth_project\data\kitti\depth_maps\2011_09_26_2011_09_26_drive_0011_sync_156.npy
2011_09_26,2011_09_26_drive_0011_sync,157,E:\monodepth_project\data\kitti\2011_09_26\2011_09_26_drive_0011_sync\image_02\data\0000000157.png,E:\monodepth_project\data\kitti\2011_09_26\2011_09_26_drive_0011_sync\velodyne_points\data\0000000157.bin,True,True,375,1242,109178,test,E:\monodepth_project\data\kitti\depth_maps\2011_09_26_2011_09_26_drive_0011_sync_157.npy
2011_09_26,2011_09_26_drive_0011_sync,158,E:\monodepth_project\data\kitti\2011_09_26\2011_09_26_drive_0011_sync\image_02\data\0000000158.png,E:\monodepth_project\data\kitti\2011_09_26\2011_09_26_drive_0011_sync\velodyne_points\data\0000000158.bin,True,True,375,1242,109237,test,E:\monodepth_project\data\kitti\depth_maps\2011_09_26_2011_09_26_drive_0011_sync_158.npy
2011_09_26,2011_09_26_drive_0011_sync,159,E:\monodepth_project\data\kitti\2011_09_26\2011_09_26_drive_0011_sync\image_02\data\0000000159.png,E:\monodepth_project\data\kitti\2011_09_26\2011_09_26_drive_0011_sync\velodyne_points\data\0000000159.bin,True,True,375,1242,109276,test,E:\monodepth_project\data\kitti\depth_maps\2011_09_26_2011_09_26_drive_0011_sync_159.npy
2011_09_26,2011_09_26_drive_0011_sync,160,E:\monodepth_project\data\kitti\2011_09_26\2011_09_26_drive_0011_sync\image_02\data\0000000160.png,E:\monodepth_project\data\kitti\2011_09_26\2011_09_26_drive_0011_sync\velodyne_points\data\0000000160.bin,True,True,375,1242,109285,test,E:\monodepth_project\data\kitti\depth_maps\2011_09_26_2011_09_26_drive_0011_sync_160.npy
2011_09_26,2011_09_26_drive_0011_sync,161,E:\monodepth_project\data\kitti\2011_09_26\2011_09_26_drive_0011_sync\image_02\data\0000000161.png,E:\monodepth_project\data\kitti\2011_09_26\2011_09_26_drive_0011_sync\velodyne_points\data\0000000161.bin,True,True,375,1242,109336,test,E:\monodepth_project\data\kitti\depth_maps\2011_09_26_2011_09_26_drive_0011_sync_161.npy
2011_09_26,2011_09_26_drive_0011_sync,162,E:\monodepth_project\data\kitti\2011_09_26\2011_09_26_drive_0011_sync\image_02\data\0000000162.png,E:\monodepth_project\data\kitti\2011_09_26\2011_09_26_drive_0011_sync\velodyne_points\data\0000000162.bin,True,True,375,1242,109354,test,E:\monodepth_project\data\kitti\depth_maps\2011_09_26_2011_09_26_drive_0011_sync_162.npy
2011_09_26,2011_09_26_drive_0011_sync,163,E:\monodepth_project\data\kitti\2011_09_26\2011_09_26_drive_0011_sync\image_02\data\0000000163.png,E:\monodepth_project\data\kitti\2011_09_26\2011_09_26_drive_0011_sync\velodyne_points\data\0000000163.bin,True,True,375,1242,109294,test,E:\monodepth_project\data\kitti\depth_maps\2011_09_26_2011_09_26_drive_0011_sync_163.npy
2011_09_26,2011_09_26_drive_0011_sync,164,E:\monodepth_project\data\kitti\2011_09_26\2011_09_26_drive_0011_sync\image_02\data\0000000164.png,E:\monodepth_project\data\kitti\2011_09_26\2011_09_26_drive_0011_sync\velodyne_points\data\0000000164.bin,True,True,375,1242,109271,test,E:\monodepth_project\data\kitti\depth_maps\2011_09_26_2011_09_26_drive_0011_sync_164.npy
2011_09_26,2011_09_26_drive_0011_sync,165,E:\monodepth_project\data\kitti\2011_09_26\2011_09_26_drive_0011_sync\image_02\data\0000000165.png,E:\monodepth_project\data\kitti\2011_09_26\2011_09_26_drive_0011_sync\velodyne_points\data\0000000165.bin,True,True,375,1242,109302,test,E:\monodepth_project\data\kitti\depth_maps\2011_09_26_2011_09_26_drive_0011_sync_165.npy
2011_09_26,2011_09_26_drive_0011_sync,166,E:\monodepth_project\data\kitti\2011_09_26\2011_09_26_drive_0011_sync\image_02\data\0000000166.png,E:\monodepth_project\data\kitti\2011_09_26\2011_09_26_drive_0011_sync\velodyne_points\data\0000000166.bin,True,True,375,1242,109327,test,E:\monodepth_project\data\kitti\depth_maps\2011_09_26_2011_09_26_drive_0011_sync_166.npy
2011_09_26,2011_09_26_drive_0011_sync,167,E:\monodepth_project\data\kitti\2011_09_26\2011_09_26_drive_0011_sync\image_02\data\0000000167.png,E:\monodepth_project\data\kitti\2011_09_26\2011_09_26_drive_0011_sync\velodyne_points\data\0000000167.bin,True,True,375,1242,109335,test,E:\monodepth_project\data\kitti\depth_maps\2011_09_26_2011_09_26_drive_0011_sync_167.npy
2011_09_26,2011_09_26_drive_0011_sync,168,E:\monodepth_project\data\kitti\2011_09_26\2011_09_26_drive_0011_sync\image_02\data\0000000168.png,E:\monodepth_project\data\kitti\2011_09_26\2011_09_26_drive_0011_sync\velodyne_points\data\0000000168.bin,True,True,375,1242,109441,test,E:\monodepth_project\data\kitti\depth_maps\2011_09_26_2011_09_26_drive_0011_sync_168.npy
2011_09_26,2011_09_26_drive_0011_sync,169,E:\monodepth_project\data\kitti\2011_09_26\2011_09_26_drive_0011_sync\image_02\data\0000000169.png,E:\monodepth_project\data\kitti\2011_09_26\2011_09_26_drive_0011_sync\velodyne_points\data\0000000169.bin,True,True,375,1242,109259,test,E:\monodepth_project\data\kitti\depth_maps\2011_09_26_2011_09_26_drive_0011_sync_169.npy
2011_09_26,2011_09_26_drive_0011_sync,170,E:\monodepth_project\data\kitti\2011_09_26\2011_09_26_drive_0011_sync\image_02\data\0000000170.png,E:\monodepth_project\data\kitti\2011_09_26\2011_09_26_drive_0011_sync\velodyne_points\data\0000000170.bin,True,True,375,1242,109543,test,E:\monodepth_project\data\kitti\depth_maps\2011_09_26_2011_09_26_drive_0011_sync_170.npy
2011_09_26,2011_09_26_drive_0011_sync,171,E:\monodepth_project\data\kitti\2011_09_26\2011_09_26_drive_0011_sync\image_02\data\0000000171.png,E:\monodepth_project\data\kitti\2011_09_26\2011_09_26_drive_0011_sync\velodyne_points\data\0000000171.bin,True,True,375,1242,109571,test,E:\monodepth_project\data\kitti\depth_maps\2011_09_26_2011_09_26_drive_0011_sync_171.npy
2011_09_26,2011_09_26_drive_0011_sync,172,E:\monodepth_project\data\kitti\2011_09_26\2011_09_26_drive_0011_sync\image_02\data\0000000172.png,E:\monodepth_project\data\kitti\2011_09_26\2011_09_26_drive_0011_sync\velodyne_points\data\0000000172.bin,True,True,375,1242,109568,test,E:\monodepth_project\data\kitti\depth_maps\2011_09_26_2011_09_26_drive_0011_sync_172.npy
2011_09_26,2011_09_26_drive_0011_sync,173,E:\monodepth_project\data\kitti\2011_09_26\2011_09_26_drive_0011_sync\image_02\data\0000000173.png,E:\monodepth_project\data\kitti\2011_09_26\2011_09_26_drive_0011_sync\velodyne_points\data\0000000173.bin,True,True,375,1242,109488,test,E:\monodepth_project\data\kitti\depth_maps\2011_09_26_2011_09_26_drive_0011_sync_173.npy
2011_09_26,2011_09_26_drive_0011_sync,174,E:\monodepth_project\data\kitti\2011_09_26\2011_09_26_drive_0011_sync\image_02\data\0000000174.png,E:\monodepth_project\data\kitti\2011_09_26\2011_09_26_drive_0011_sync\velodyne_points\data\0000000174.bin,True,True,375,1242,109466,test,E:\monodepth_project\data\kitti\depth_maps\2011_09_26_2011_09_26_drive_0011_sync_174.npy
2011_09_26,2011_09_26_drive_0011_sync,175,E:\monodepth_project\data\kitti\2011_09_26\2011_09_26_drive_0011_sync\image_02\data\0000000175.png,E:\monodepth_project\data\kitti\2011_09_26\2011_09_26_drive_0011_sync\velodyne_points\data\0000000175.bin,True,True,375,1242,109527,test,E:\monodepth_project\data\kitti\depth_maps\2011_09_26_2011_09_26_drive_0011_sync_175.npy
2011_09_26,2011_09_26_drive_0011_sync,176,E:\monodepth_project\data\kitti\2011_09_26\2011_09_26_drive_0011_sync\image_02\data\0000000176.png,E:\monodepth_project\data\kitti\2011_09_26\2011_09_26_drive_0011_sync\velodyne_points\data\0000000176.bin,True,True,375,1242,109547,test,E:\monodepth_project\data\kitti\depth_maps\2011_09_26_2011_09_26_drive_0011_sync_176.npy
2011_09_26,2011_09_26_drive_0011_sync,177,E:\monodepth_project\data\kitti\2011_09_26\2011_09_26_drive_0011_sync\image_02\data\0000000177.png,E:\monodepth_project\data\kitti\2011_09_26\2011_09_26_drive_0011_sync\velodyne_points\data\0000000177.bin,True,True,375,1242,109585,test,E:\monodepth_project\data\kitti\depth_maps\2011_09_26_2011_09_26_drive_0011_sync_177.npy
2011_09_26,2011_09_26_drive_0011_sync,178,E:\monodepth_project\data\kitti\2011_09_26\2011_09_26_drive_0011_sync\image_02\data\0000000178.png,E:\monodepth_project\data\kitti\2011_09_26\2011_09_26_drive_0011_sync\velodyne_points\data\0000000178.bin,True,True,375,1242,109648,test,E:\monodepth_project\data\kitti\depth_maps\2011_09_26_2011_09_26_drive_0011_sync_178.npy
2011_09_26,2011_09_26_drive_0011_sync,179,E:\monodepth_project\data\kitti\2011_09_26\2011_09_26_drive_0011_sync\image_02\data\0000000179.png,E:\monodepth_project\data\kitti\2011_09_26\2011_09_26_drive_0011_sync\velodyne_points\data\0000000179.bin,True,True,375,1242,109639,test,E:\monodepth_project\data\kitti\depth_maps\2011_09_26_2011_09_26_drive_0011_sync_179.npy
2011_09_26,2011_09_26_drive_0011_sync,180,E:\monodepth_project\data\kitti\2011_09_26\2011_09_26_drive_0011_sync\image_02\data\0000000180.png,E:\monodepth_project\data\kitti\2011_09_26\2011_09_26_drive_0011_sync\velodyne_points\data\0000000180.bin,True,True,375,1242,109613,test,E:\monodepth_project\data\kitti\depth_maps\2011_09_26_2011_09_26_drive_0011_sync_180.npy
2011_09_26,2011_09_26_drive_0011_sync,181,E:\monodepth_project\data\kitti\2011_09_26\2011_09_26_drive_0011_sync\image_02\data\0000000181.png,E:\monodepth_project\data\kitti\2011_09_26\2011_09_26_drive_0011_sync\velodyne_points\data\0000000181.bin,True,True,375,1242,109567,test,E:\monodepth_project\data\kitti\depth_maps\2011_09_26_2011_09_26_drive_0011_sync_181.npy
2011_09_26,2011_09_26_drive_0011_sync,182,E:\monodepth_project\data\kitti\2011_09_26\2011_09_26_drive_0011_sync\image_02\data\0000000182.png,E:\monodepth_project\data\kitti\2011_09_26\2011_09_26_drive_0011_sync\velodyne_points\data\0000000182.bin,True,True,375,1242,109491,test,E:\monodepth_project\data\kitti\depth_maps\2011_09_26_2011_09_26_drive_0011_sync_182.npy
2011_09_26,2011_09_26_drive_0011_sync,183,E:\monodepth_project\data\kitti\2011_09_26\2011_09_26_drive_0011_sync\image_02\data\0000000183.png,E:\monodepth_project\data\kitti\2011_09_26\2011_09_26_drive_0011_sync\velodyne_points\data\0000000183.bin,True,True,375,1242,109464,test,E:\monodepth_project\data\kitti\depth_maps\2011_09_26_2011_09_26_drive_0011_sync_183.npy
2011_09_26,2011_09_26_drive_0011_sync,184,E:\monodepth_project\data\kitti\2011_09_26\2011_09_26_drive_0011_sync\image_02\data\0000000184.png,E:\monodepth_project\data\kitti\2011_09_26\2011_09_26_drive_0011_sync\velodyne_points\data\0000000184.bin,True,True,375,1242,109474,test,E:\monodepth_project\data\kitti\depth_maps\2011_09_26_2011_09_26_drive_0011_sync_184.npy
2011_09_26,2011_09_26_drive_0011_sync,185,E:\monodepth_project\data\kitti\2011_09_26\2011_09_26_drive_0011_sync\image_02\data\0000000185.png,E:\monodepth_project\data\kitti\2011_09_26\2011_09_26_drive_0011_sync\velodyne_points\data\0000000185.bin,True,True,375,1242,109457,test,E:\monodepth_project\data\kitti\depth_maps\2011_09_26_2011_09_26_drive_0011_sync_185.npy
2011_09_26,2011_09_26_drive_0011_sync,186,E:\monodepth_project\data\kitti\2011_09_26\2011_09_26_drive_0011_sync\image_02\data\0000000186.png,E:\monodepth_project\data\kitti\2011_09_26\2011_09_26_drive_0011_sync\velodyne_points\data\0000000186.bin,True,True,375,1242,109396,test,E:\monodepth_project\data\kitti\depth_maps\2011_09_26_2011_09_26_drive_0011_sync_186.npy
2011_09_26,2011_09_26_drive_0011_sync,187,E:\monodepth_project\data\kitti\2011_09_26\2011_09_26_drive_0011_sync\image_02\data\0000000187.png,E:\monodepth_project\data\kitti\2011_09_26\2011_09_26_drive_0011_sync\velodyne_points\data\0000000187.bin,True,True,375,1242,109430,test,E:\monodepth_project\data\kitti\depth_maps\2011_09_26_2011_09_26_drive_0011_sync_187.npy
2011_09_26,2011_09_26_drive_0011_sync,188,E:\monodepth_project\data\kitti\2011_09_26\2011_09_26_drive_0011_sync\image_02\data\0000000188.png,E:\monodepth_project\data\kitti\2011_09_26\2011_09_26_drive_0011_sync\velodyne_points\data\0000000188.bin,True,True,375,1242,109343,test,E:\monodepth_project\data\kitti\depth_maps\2011_09_26_2011_09_26_drive_0011_sync_188.npy
2011_09_26,2011_09_26_drive_0011_sync,189,E:\monodepth_project\data\kitti\2011_09_26\2011_09_26_drive_0011_sync\image_02\data\0000000189.png,E:\monodepth_project\data\kitti\2011_09_26\2011_09_26_drive_0011_sync\velodyne_points\data\0000000189.bin,True,True,375,1242,109388,test,E:\monodepth_project\data\kitti\depth_maps\2011_09_26_2011_09_26_drive_0011_sync_189.npy
2011_09_26,2011_09_26_drive_0011_sync,190,E:\monodepth_project\data\kitti\2011_09_26\2011_09_26_drive_0011_sync\image_02\data\0000000190.png,E:\monodepth_project\data\kitti\2011_09_26\2011_09_26_drive_0011_sync\velodyne_points\data\0000000190.bin,True,True,375,1242,109300,test,E:\monodepth_project\data\kitti\depth_maps\2011_09_26_2011_09_26_drive_0011_sync_190.npy
2011_09_26,2011_09_26_drive_0011_sync,191,E:\monodepth_project\data\kitti\2011_09_26\2011_09_26_drive_0011_sync\image_02\data\0000000191.png,E:\monodepth_project\data\kitti\2011_09_26\2011_09_26_drive_0011_sync\velodyne_points\data\0000000191.bin,True,True,375,1242,109291,test,E:\monodepth_project\data\kitti\depth_maps\2011_09_26_2011_09_26_drive_0011_sync_191.npy
2011_09_26,2011_09_26_drive_0011_sync,192,E:\monodepth_project\data\kitti\2011_09_26\2011_09_26_drive_0011_sync\image_02\data\0000000192.png,E:\monodepth_project\data\kitti\2011_09_26\2011_09_26_drive_0011_sync\velodyne_points\data\0000000192.bin,True,True,375,1242,109225,test,E:\monodepth_project\data\kitti\depth_maps\2011_09_26_2011_09_26_drive_0011_sync_192.npy
2011_09_26,2011_09_26_drive_0011_sync,193,E:\monodepth_project\data\kitti\2011_09_26\2011_09_26_drive_0011_sync\image_02\data\0000000193.png,E:\monodepth_project\data\kitti\2011_09_26\2011_09_26_drive_0011_sync\velodyne_points\data\0000000193.bin,True,True,375,1242,109185,test,E:\monodepth_project\data\kitti\depth_maps\2011_09_26_2011_09_26_drive_0011_sync_193.npy
2011_09_26,2011_09_26_drive_0011_sync,194,E:\monodepth_project\data\kitti\2011_09_26\2011_09_26_drive_0011_sync\image_02\data\0000000194.png,E:\monodepth_project\data\kitti\2011_09_26\2011_09_26_drive_0011_sync\velodyne_points\data\0000000194.bin,True,True,375,1242,109191,test,E:\monodepth_project\data\kitti\depth_maps\2011_09_26_2011_09_26_drive_0011_sync_194.npy
2011_09_26,2011_09_26_drive_0011_sync,195,E:\monodepth_project\data\kitti\2011_09_26\2011_09_26_drive_0011_sync\image_02\data\0000000195.png,E:\monodepth_project\data\kitti\2011_09_26\2011_09_26_drive_0011_sync\velodyne_points\data\0000000195.bin,True,True,375,1242,109185,test,E:\monodepth_project\data\kitti\depth_maps\2011_09_26_2011_09_26_drive_0011_sync_195.npy
2011_09_26,2011_09_26_drive_0011_sync,196,E:\monodepth_project\data\kitti\2011_09_26\2011_09_26_drive_0011_sync\image_02\data\0000000196.png,E:\monodepth_project\data\kitti\2011_09_26\2011_09_26_drive_0011_sync\velodyne_points\data\0000000196.bin,True,True,375,1242,109109,test,E:\monodepth_project\data\kitti\depth_maps\2011_09_26_2011_09_26_drive_0011_sync_196.npy
2011_09_26,2011_09_26_drive_0011_sync,197,E:\monodepth_project\data\kitti\2011_09_26\2011_09_26_drive_0011_sync\image_02\data\0000000197.png,E:\monodepth_project\data\kitti\2011_09_26\2011_09_26_drive_0011_sync\velodyne_points\data\0000000197.bin,True,True,375,1242,109107,test,E:\monodepth_project\data\kitti\depth_maps\2011_09_26_2011_09_26_drive_0011_sync_197.npy
2011_09_26,2011_09_26_drive_0011_sync,198,E:\monodepth_project\data\kitti\2011_09_26\2011_09_26_drive_0011_sync\image_02\data\0000000198.png,E:\monodepth_project\data\kitti\2011_09_26\2011_09_26_drive_0011_sync\velodyne_points\data\0000000198.bin,True,True,375,1242,109132,test,E:\monodepth_project\data\kitti\depth_maps\2011_09_26_2011_09_26_drive_0011_sync_198.npy
2011_09_26,2011_09_26_drive_0011_sync,199,E:\monodepth_project\data\kitti\2011_09_26\2011_09_26_drive_0011_sync\image_02\data\0000000199.png,E:\monodepth_project\data\kitti\2011_09_26\2011_09_26_drive_0011_sync\velodyne_points\data\0000000199.bin,True,True,375,1242,109075,test,E:\monodepth_project\data\kitti\depth_maps\2011_09_26_2011_09_26_drive_0011_sync_199.npy
2011_09_26,2011_09_26_drive_0011_sync,200,E:\monodepth_project\data\kitti\2011_09_26\2011_09_26_drive_0011_sync\image_02\data\0000000200.png,E:\monodepth_project\data\kitti\2011_09_26\2011_09_26_drive_0011_sync\velodyne_points\data\0000000200.bin,True,True,375,1242,109044,test,E:\monodepth_project\data\kitti\depth_maps\2011_09_26_2011_09_26_drive_0011_sync_200.npy
2011_09_26,2011_09_26_drive_0011_sync,201,E:\monodepth_project\data\kitti\2011_09_26\2011_09_26_drive_0011_sync\image_02\data\0000000201.png,E:\monodepth_project\data\kitti\2011_09_26\2011_09_26_drive_0011_sync\velodyne_points\data\0000000201.bin,True,True,375,1242,108989,test,E:\monodepth_project\data\kitti\depth_maps\2011_09_26_2011_09_26_drive_0011_sync_201.npy
2011_09_26,2011_09_26_drive_0011_sync,202,E:\monodepth_project\data\kitti\2011_09_26\2011_09_26_drive_0011_sync\image_02\data\0000000202.png,E:\monodepth_project\data\kitti\2011_09_26\2011_09_26_drive_0011_sync\velodyne_points\data\0000000202.bin,True,True,375,1242,109047,test,E:\monodepth_project\data\kitti\depth_maps\2011_09_26_2011_09_26_drive_0011_sync_202.npy
2011_09_26,2011_09_26_drive_0011_sync,203,E:\monodepth_project\data\kitti\2011_09_26\2011_09_26_drive_0011_sync\image_02\data\0000000203.png,E:\monodepth_project\data\kitti\2011_09_26\2011_09_26_drive_0011_sync\velodyne_points\data\0000000203.bin,True,True,375,1242,109054,test,E:\monodepth_project\data\kitti\depth_maps\2011_09_26_2011_09_26_drive_0011_sync_203.npy
2011_09_26,2011_09_26_drive_0011_sync,204,E:\monodepth_project\data\kitti\2011_09_26\2011_09_26_drive_0011_sync\image_02\data\0000000204.png,E:\monodepth_project\data\kitti\2011_09_26\2011_09_26_drive_0011_sync\velodyne_points\data\0000000204.bin,True,True,375,1242,109036,test,E:\monodepth_project\data\kitti\depth_maps\2011_09_26_2011_09_26_drive_0011_sync_204.npy
2011_09_26,2011_09_26_drive_0011_sync,205,E:\monodepth_project\data\kitti\2011_09_26\2011_09_26_drive_0011_sync\image_02\data\0000000205.png,E:\monodepth_project\data\kitti\2011_09_26\2011_09_26_drive_0011_sync\velodyne_points\data\0000000205.bin,True,True,375,1242,108962,test,E:\monodepth_project\data\kitti\depth_maps\2011_09_26_2011_09_26_drive_0011_sync_205.npy
2011_09_26,2011_09_26_drive_0011_sync,206,E:\monodepth_project\data\kitti\2011_09_26\2011_09_26_drive_0011_sync\image_02\data\0000000206.png,E:\monodepth_project\data\kitti\2011_09_26\2011_09_26_drive_0011_sync\velodyne_points\data\0000000206.bin,True,True,375,1242,108906,test,E:\monodepth_project\data\kitti\depth_maps\2011_09_26_2011_09_26_drive_0011_sync_206.npy
2011_09_26,2011_09_26_drive_0011_sync,207,E:\monodepth_project\data\kitti\2011_09_26\2011_09_26_drive_0011_sync\image_02\data\0000000207.png,E:\monodepth_project\data\kitti\2011_09_26\2011_09_26_drive_0011_sync\velodyne_points\data\0000000207.bin,True,True,375,1242,108786,test,E:\monodepth_project\data\kitti\depth_maps\2011_09_26_2011_09_26_drive_0011_sync_207.npy
2011_09_26,2011_09_26_drive_0011_sync,208,E:\monodepth_project\data\kitti\2011_09_26\2011_09_26_drive_0011_sync\image_02\data\0000000208.png,E:\monodepth_project\data\kitti\2011_09_26\2011_09_26_drive_0011_sync\velodyne_points\data\0000000208.bin,True,True,375,1242,108844,test,E:\monodepth_project\data\kitti\depth_maps\2011_09_26_2011_09_26_drive_0011_sync_208.npy
2011_09_26,2011_09_26_drive_0011_sync,209,E:\monodepth_project\data\kitti\2011_09_26\2011_09_26_drive_0011_sync\image_02\data\0000000209.png,E:\monodepth_project\data\kitti\2011_09_26\2011_09_26_drive_0011_sync\velodyne_points\data\0000000209.bin,True,True,375,1242,108718,test,E:\monodepth_project\data\kitti\depth_maps\2011_09_26_2011_09_26_drive_0011_sync_209.npy
2011_09_26,2011_09_26_drive_0011_sync,210,E:\monodepth_project\data\kitti\2011_09_26\2011_09_26_drive_0011_sync\image_02\data\0000000210.png,E:\monodepth_project\data\kitti\2011_09_26\2011_09_26_drive_0011_sync\velodyne_points\data\0000000210.bin,True,True,375,1242,108637,test,E:\monodepth_project\data\kitti\depth_maps\2011_09_26_2011_09_26_drive_0011_sync_210.npy
2011_09_26,2011_09_26_drive_0011_sync,211,E:\monodepth_project\data\kitti\2011_09_26\2011_09_26_drive_0011_sync\image_02\data\0000000211.png,E:\monodepth_project\data\kitti\2011_09_26\2011_09_26_drive_0011_sync\velodyne_points\data\0000000211.bin,True,True,375,1242,108374,test,E:\monodepth_project\data\kitti\depth_maps\2011_09_26_2011_09_26_drive_0011_sync_211.npy
2011_09_26,2011_09_26_drive_0011_sync,212,E:\monodepth_project\data\kitti\2011_09_26\2011_09_26_drive_0011_sync\image_02\data\0000000212.png,E:\monodepth_project\data\kitti\2011_09_26\2011_09_26_drive_0011_sync\velodyne_points\data\0000000212.bin,True,True,375,1242,108193,test,E:\monodepth_project\data\kitti\depth_maps\2011_09_26_2011_09_26_drive_0011_sync_212.npy
2011_09_26,2011_09_26_drive_0011_sync,213,E:\monodepth_project\data\kitti\2011_09_26\2011_09_26_drive_0011_sync\image_02\data\0000000213.png,E:\monodepth_project\data\kitti\2011_09_26\2011_09_26_drive_0011_sync\velodyne_points\data\0000000213.bin,True,True,375,1242,107878,test,E:\monodepth_project\data\kitti\depth_maps\2011_09_26_2011_09_26_drive_0011_sync_213.npy
2011_09_26,2011_09_26_drive_0011_sync,214,E:\monodepth_project\data\kitti\2011_09_26\2011_09_26_drive_0011_sync\image_02\data\0000000214.png,E:\monodepth_project\data\kitti\2011_09_26\2011_09_26_drive_0011_sync\velodyne_points\data\0000000214.bin,True,True,375,1242,107878,test,E:\monodepth_project\data\kitti\depth_maps\2011_09_26_2011_09_26_drive_0011_sync_214.npy
2011_09_26,2011_09_26_drive_0011_sync,215,E:\monodepth_project\data\kitti\2011_09_26\2011_09_26_drive_0011_sync\image_02\data\0000000215.png,E:\monodepth_project\data\kitti\2011_09_26\2011_09_26_drive_0011_sync\velodyne_points\data\0000000215.bin,True,True,375,1242,107561,test,E:\monodepth_project\data\kitti\depth_maps\2011_09_26_2011_09_26_drive_0011_sync_215.npy
2011_09_26,2011_09_26_drive_0011_sync,216,E:\monodepth_project\data\kitti\2011_09_26\2011_09_26_drive_0011_sync\image_02\data\0000000216.png,E:\monodepth_project\data\kitti\2011_09_26\2011_09_26_drive_0011_sync\velodyne_points\data\0000000216.bin,True,True,375,1242,107395,test,E:\monodepth_project\data\kitti\depth_maps\2011_09_26_2011_09_26_drive_0011_sync_216.npy
2011_09_26,2011_09_26_drive_0011_sync,217,E:\monodepth_project\data\kitti\2011_09_26\2011_09_26_drive_0011_sync\image_02\data\0000000217.png,E:\monodepth_project\data\kitti\2011_09_26\2011_09_26_drive_0011_sync\velodyne_points\data\0000000217.bin,True,True,375,1242,107073,test,E:\monodepth_project\data\kitti\depth_maps\2011_09_26_2011_09_26_drive_0011_sync_217.npy
2011_09_26,2011_09_26_drive_0011_sync,218,E:\monodepth_project\data\kitti\2011_09_26\2011_09_26_drive_0011_sync\image_02\data\0000000218.png,E:\monodepth_project\data\kitti\2011_09_26\2011_09_26_drive_0011_sync\velodyne_points\data\0000000218.bin,True,True,375,1242,106712,test,E:\monodepth_project\data\kitti\depth_maps\2011_09_26_2011_09_26_drive_0011_sync_218.npy
2011_09_26,2011_09_26_drive_0011_sync,219,E:\monodepth_project\data\kitti\2011_09_26\2011_09_26_drive_0011_sync\image_02\data\0000000219.png,E:\monodepth_project\data\kitti\2011_09_26\2011_09_26_drive_0011_sync\velodyne_points\data\0000000219.bin,True,True,375,1242,106596,test,E:\monodepth_project\data\kitti\depth_maps\2011_09_26_2011_09_26_drive_0011_sync_219.npy
2011_09_26,2011_09_26_drive_0011_sync,220,E:\monodepth_project\data\kitti\2011_09_26\2011_09_26_drive_0011_sync\image_02\data\0000000220.png,E:\monodepth_project\data\kitti\2011_09_26\2011_09_26_drive_0011_sync\velodyne_points\data\0000000220.bin,True,True,375,1242,106137,test,E:\monodepth_project\data\kitti\depth_maps\2011_09_26_2011_09_26_drive_0011_sync_220.npy
2011_09_26,2011_09_26_drive_0011_sync,221,E:\monodepth_project\data\kitti\2011_09_26\2011_09_26_drive_0011_sync\image_02\data\0000000221.png,E:\monodepth_project\data\kitti\2011_09_26\2011_09_26_drive_0011_sync\velodyne_points\data\0000000221.bin,True,True,375,1242,105892,test,E:\monodepth_project\data\kitti\depth_maps\2011_09_26_2011_09_26_drive_0011_sync_221.npy
2011_09_26,2011_09_26_drive_0011_sync,222,E:\monodepth_project\data\kitti\2011_09_26\2011_09_26_drive_0011_sync\image_02\data\0000000222.png,E:\monodepth_project\data\kitti\2011_09_26\2011_09_26_drive_0011_sync\velodyne_points\data\0000000222.bin,True,True,375,1242,105544,test,E:\monodepth_project\data\kitti\depth_maps\2011_09_26_2011_09_26_drive_0011_sync_222.npy
2011_09_26,2011_09_26_drive_0011_sync,223,E:\monodepth_project\data\kitti\2011_09_26\2011_09_26_drive_0011_sync\image_02\data\0000000223.png,E:\monodepth_project\data\kitti\2011_09_26\2011_09_26_drive_0011_sync\velodyne_points\data\0000000223.bin,True,True,375,1242,105523,test,E:\monodepth_project\data\kitti\depth_maps\2011_09_26_2011_09_26_drive_0011_sync_223.npy
2011_09_26,2011_09_26_drive_0011_sync,224,E:\monodepth_project\data\kitti\2011_09_26\2011_09_26_drive_0011_sync\image_02\data\0000000224.png,E:\monodepth_project\data\kitti\2011_09_26\2011_09_26_drive_0011_sync\velodyne_points\data\0000000224.bin,True,True,375,1242,105353,test,E:\monodepth_project\data\kitti\depth_maps\2011_09_26_2011_09_26_drive_0011_sync_224.npy
2011_09_26,2011_09_26_drive_0011_sync,225,E:\monodepth_project\data\kitti\2011_09_26\2011_09_26_drive_0011_sync\image_02\data\0000000225.png,E:\monodepth_project\data\kitti\2011_09_26\2011_09_26_drive_0011_sync\velodyne_points\data\0000000225.bin,True,True,375,1242,105347,test,E:\monodepth_project\data\kitti\depth_maps\2011_09_26_2011_09_26_drive_0011_sync_225.npy
2011_09_26,2011_09_26_drive_0011_sync,226,E:\monodepth_project\data\kitti\2011_09_26\2011_09_26_drive_0011_sync\image_02\data\0000000226.png,E:\monodepth_project\data\kitti\2011_09_26\2011_09_26_drive_0011_sync\velodyne_points\data\0000000226.bin,True,True,375,1242,105452,test,E:\monodepth_project\data\kitti\depth_maps\2011_09_26_2011_09_26_drive_0011_sync_226.npy
2011_09_26,2011_09_26_drive_0011_sync,227,E:\monodepth_project\data\kitti\2011_09_26\2011_09_26_drive_0011_sync\image_02\data\0000000227.png,E:\monodepth_project\data\kitti\2011_09_26\2011_09_26_drive_0011_sync\velodyne_points\data\0000000227.bin,True,True,375,1242,105634,test,E:\monodepth_project\data\kitti\depth_maps\2011_09_26_2011_09_26_drive_0011_sync_227.npy
2011_09_26,2011_09_26_drive_0011_sync,228,E:\monodepth_project\data\kitti\2011_09_26\2011_09_26_drive_0011_sync\image_02\data\0000000228.png,E:\monodepth_project\data\kitti\2011_09_26\2011_09_26_drive_0011_sync\velodyne_points\data\0000000228.bin,True,True,375,1242,105639,test,E:\monodepth_project\data\kitti\depth_maps\2011_09_26_2011_09_26_drive_0011_sync_228.npy
2011_09_26,2011_09_26_drive_0011_sync,229,E:\monodepth_project\data\kitti\2011_09_26\2011_09_26_drive_0011_sync\image_02\data\0000000229.png,E:\monodepth_project\data\kitti\2011_09_26\2011_09_26_drive_0011_sync\velodyne_points\data\0000000229.bin,True,True,375,1242,105826,test,E:\monodepth_project\data\kitti\depth_maps\2011_09_26_2011_09_26_drive_0011_sync_229.npy
2011_09_26,2011_09_26_drive_0011_sync,230,E:\monodepth_project\data\kitti\2011_09_26\2011_09_26_drive_0011_sync\image_02\data\0000000230.png,E:\monodepth_project\data\kitti\2011_09_26\2011_09_26_drive_0011_sync\velodyne_points\data\0000000230.bin,True,True,375,1242,105954,test,E:\monodepth_project\data\kitti\depth_maps\2011_09_26_2011_09_26_drive_0011_sync_230.npy
2011_09_26,2011_09_26_drive_0011_sync,231,E:\monodepth_project\data\kitti\2011_09_26\2011_09_26_drive_0011_sync\image_02\data\0000000231.png,E:\monodepth_project\data\kitti\2011_09_26\2011_09_26_drive_0011_sync\velodyne_points\data\0000000231.bin,True,True,375,1242,105953,test,E:\monodepth_project\data\kitti\depth_maps\2011_09_26_2011_09_26_drive_0011_sync_231.npy
2011_09_26,2011_09_26_drive_0011_sync,232,E:\monodepth_project\data\kitti\2011_09_26\2011_09_26_drive_0011_sync\image_02\data\0000000232.png,E:\monodepth_project\data\kitti\2011_09_26\2011_09_26_drive_0011_sync\velodyne_points\data\0000000232.bin,True,True,375,1242,106227,test,E:\monodepth_project\data\kitti\depth_maps\2011_09_26_2011_09_26_drive_0011_sync_232.npy
2011_09_26,2011_09_26_drive_0013_sync,0,E:\monodepth_project\data\kitti\2011_09_26\2011_09_26_drive_0013_sync\image_02\data\0000000000.png,E:\monodepth_project\data\kitti\2011_09_26\2011_09_26_drive_0013_sync\velodyne_points\data\0000000000.bin,True,True,375,1242,115267,val,E:\monodepth_project\data\kitti\depth_maps\2011_09_26_2011_09_26_drive_0013_sync_0.npy
2011_09_26,2011_09_26_drive_0013_sync,1,E:\monodepth_project\data\kitti\2011_09_26\2011_09_26_drive_0013_sync\image_02\data\0000000001.png,E:\monodepth_project\data\kitti\2011_09_26\2011_09_26_drive_0013_sync\velodyne_points\data\0000000001.bin,True,True,375,1242,115070,val,E:\monodepth_project\data\kitti\depth_maps\2011_09_26_2011_09_26_drive_0013_sync_1.npy
2011_09_26,2011_09_26_drive_0013_sync,2,E:\monodepth_project\data\kitti\2011_09_26\2011_09_26_drive_0013_sync\image_02\data\0000000002.png,E:\monodepth_project\data\kitti\2011_09_26\2011_09_26_drive_0013_sync\velodyne_points\data\0000000002.bin,True,True,375,1242,114599,val,E:\monodepth_project\data\kitti\depth_maps\2011_09_26_2011_09_26_drive_0013_sync_2.npy
2011_09_26,2011_09_26_drive_0013_sync,3,E:\monodepth_project\data\kitti\2011_09_26\2011_09_26_drive_0013_sync\image_02\data\0000000003.png,E:\monodepth_project\data\kitti\2011_09_26\2011_09_26_drive_0013_sync\velodyne_points\data\0000000003.bin,True,True,375,1242,113953,val,E:\monodepth_project\data\kitti\depth_maps\2011_09_26_2011_09_26_drive_0013_sync_3.npy
2011_09_26,2011_09_26_drive_0013_sync,4,E:\monodepth_project\data\kitti\2011_09_26\2011_09_26_drive_0013_sync\image_02\data\0000000004.png,E:\monodepth_project\data\kitti\2011_09_26\2011_09_26_drive_0013_sync\velodyne_points\data\0000000004.bin,True,True,375,1242,113503,val,E:\monodepth_project\data\kitti\depth_maps\2011_09_26_2011_09_26_drive_0013_sync_4.npy
2011_09_26,2011_09_26_drive_0013_sync,5,E:\monodepth_project\data\kitti\2011_09_26\2011_09_26_drive_0013_sync\image_02\data\0000000005.png,E:\monodepth_project\data\kitti\2011_09_26\2011_09_26_drive_0013_sync\velodyne_points\data\0000000005.bin,True,True,375,1242,113416,val,E:\monodepth_project\data\kitti\depth_maps\2011_09_26_2011_09_26_drive_0013_sync_5.npy
2011_09_26,2011_09_26_drive_0013_sync,6,E:\monodepth_project\data\kitti\2011_09_26\2011_09_26_drive_0013_sync\image_02\data\0000000006.png,E:\monodepth_project\data\kitti\2011_09_26\2011_09_26_drive_0013_sync\velodyne_points\data\0000000006.bin,True,True,375,1242,113072,val,E:\monodepth_project\data\kitti\depth_maps\2011_09_26_2011_09_26_drive_0013_sync_6.npy
2011_09_26,2011_09_26_drive_0013_sync,7,E:\monodepth_project\data\kitti\2011_09_26\2011_09_26_drive_0013_sync\image_02\data\0000000007.png,E:\monodepth_project\data\kitti\2011_09_26\2011_09_26_drive_0013_sync\velodyne_points\data\0000000007.bin,True,True,375,1242,112843,val,E:\monodepth_project\data\kitti\depth_maps\2011_09_26_2011_09_26_drive_0013_sync_7.npy
2011_09_26,2011_09_26_drive_0013_sync,8,E:\monodepth_project\data\kitti\2011_09_26\2011_09_26_drive_0013_sync\image_02\data\0000000008.png,E:\monodepth_project\data\kitti\2011_09_26\2011_09_26_drive_0013_sync\velodyne_points\data\0000000008.bin,True,True,375,1242,112539,val,E:\monodepth_project\data\kitti\depth_maps\2011_09_26_2011_09_26_drive_0013_sync_8.npy
2011_09_26,2011_09_26_drive_0013_sync,9,E:\monodepth_project\data\kitti\2011_09_26\2011_09_26_drive_0013_sync\image_02\data\0000000009.png,E:\monodepth_project\data\kitti\2011_09_26\2011_09_26_drive_0013_sync\velodyne_points\data\0000000009.bin,True,True,375,1242,112657,val,E:\monodepth_project\data\kitti\depth_maps\2011_09_26_2011_09_26_drive_0013_sync_9.npy
2011_09_26,2011_09_26_drive_0013_sync,10,E:\monodepth_project\data\kitti\2011_09_26\2011_09_26_drive_0013_sync\image_02\data\0000000010.png,E:\monodepth_project\data\kitti\2011_09_26\2011_09_26_drive_0013_sync\velodyne_points\data\0000000010.bin,True,True,375,1242,112461,val,E:\monodepth_project\data\kitti\depth_maps\2011_09_26_2011_09_26_drive_0013_sync_10.npy
2011_09_26,2011_09_26_drive_0013_sync,11,E:\monodepth_project\data\kitti\2011_09_26\2011_09_26_drive_0013_sync\image_02\data\0000000011.png,E:\monodepth_project\data\kitti\2011_09_26\2011_09_26_drive_0013_sync\velodyne_points\data\0000000011.bin,True,True,375,1242,112284,val,E:\monodepth_project\data\kitti\depth_maps\2011_09_26_2011_09_26_drive_0013_sync_11.npy
2011_09_26,2011_09_26_drive_0013_sync,12,E:\monodepth_project\data\kitti\2011_09_26\2011_09_26_drive_0013_sync\image_02\data\0000000012.png,E:\monodepth_project\data\kitti\2011_09_26\2011_09_26_drive_0013_sync\velodyne_points\data\0000000012.bin,True,True,375,1242,112156,val,E:\monodepth_project\data\kitti\depth_maps\2011_09_26_2011_09_26_drive_0013_sync_12.npy
2011_09_26,2011_09_26_drive_0013_sync,13,E:\monodepth_project\data\kitti\2011_09_26\2011_09_26_drive_0013_sync\image_02\data\0000000013.png,E:\monodepth_project\data\kitti\2011_09_26\2011_09_26_drive_0013_sync\velodyne_points\data\0000000013.bin,True,True,375,1242,112583,val,E:\monodepth_project\data\kitti\depth_maps\2011_09_26_2011_09_26_drive_0013_sync_13.npy
2011_09_26,2011_09_26_drive_0013_sync,14,E:\monodepth_project\data\kitti\2011_09_26\2011_09_26_drive_0013_sync\image_02\data\0000000014.png,E:\monodepth_project\data\kitti\2011_09_26\2011_09_26_drive_0013_sync\velodyne_points\data\0000000014.bin,True,True,375,1242,112798,val,E:\monodepth_project\data\kitti\depth_maps\2011_09_26_2011_09_26_drive_0013_sync_14.npy
2011_09_26,2011_09_26_drive_0013_sync,15,E:\monodepth_project\data\kitti\2011_09_26\2011_09_26_drive_0013_sync\image_02\data\0000000015.png,E:\monodepth_project\data\kitti\2011_09_26\2011_09_26_drive_0013_sync\velodyne_points\data\0000000015.bin,True,True,375,1242,113202,val,E:\monodepth_project\data\kitti\depth_maps\2011_09_26_2011_09_26_drive_0013_sync_15.npy
2011_09_26,2011_09_26_drive_0013_sync,16,E:\monodepth_project\data\kitti\2011_09_26\2011_09_26_drive_0013_sync\image_02\data\0000000016.png,E:\monodepth_project\data\kitti\2011_09_26\2011_09_26_drive_0013_sync\velodyne_points\data\0000000016.bin,True,True,375,1242,113594,val,E:\monodepth_project\data\kitti\depth_maps\2011_09_26_2011_09_26_drive_0013_sync_16.npy
2011_09_26,2011_09_26_drive_0013_sync,17,E:\monodepth_project\data\kitti\2011_09_26\2011_09_26_drive_0013_sync\image_02\data\0000000017.png,E:\monodepth_project\data\kitti\2011_09_26\2011_09_26_drive_0013_sync\velodyne_points\data\0000000017.bin,True,True,375,1242,114007,val,E:\monodepth_project\data\kitti\depth_maps\2011_09_26_2011_09_26_drive_0013_sync_17.npy
2011_09_26,2011_09_26_drive_0013_sync,18,E:\monodepth_project\data\kitti\2011_09_26\2011_09_26_drive_0013_sync\image_02\data\0000000018.png,E:\monodepth_project\data\kitti\2011_09_26\2011_09_26_drive_0013_sync\velodyne_points\data\0000000018.bin,True,True,375,1242,114018,val,E:\monodepth_project\data\kitti\depth_maps\2011_09_26_2011_09_26_drive_0013_sync_18.npy
2011_09_26,2011_09_26_drive_0013_sync,19,E:\monodepth_project\data\kitti\2011_09_26\2011_09_26_drive_0013_sync\image_02\data\0000000019.png,E:\monodepth_project\data\kitti\2011_09_26\2011_09_26_drive_0013_sync\velodyne_points\data\0000000019.bin,True,True,375,1242,114397,val,E:\monodepth_project\data\kitti\depth_maps\2011_09_26_2011_09_26_drive_0013_sync_19.npy
2011_09_26,2011_09_26_drive_0013_sync,20,E:\monodepth_project\data\kitti\2011_09_26\2011_09_26_drive_0013_sync\image_02\data\0000000020.png,E:\monodepth_project\data\kitti\2011_09_26\2011_09_26_drive_0013_sync\velodyne_points\data\0000000020.bin,True,True,375,1242,114303,val,E:\monodepth_project\data\kitti\depth_maps\2011_09_26_2011_09_26_drive_0013_sync_20.npy
2011_09_26,2011_09_26_drive_0013_sync,21,E:\monodepth_project\data\kitti\2011_09_26\2011_09_26_drive_0013_sync\image_02\data\0000000021.png,E:\monodepth_project\data\kitti\2011_09_26\2011_09_26_drive_0013_sync\velodyne_points\data\0000000021.bin,True,True,375,1242,114421,val,E:\monodepth_project\data\kitti\depth_maps\2011_09_26_2011_09_26_drive_0013_sync_21.npy
2011_09_26,2011_09_26_drive_0013_sync,22,E:\monodepth_project\data\kitti\2011_09_26\2011_09_26_drive_0013_sync\image_02\data\0000000022.png,E:\monodepth_project\data\kitti\2011_09_26\2011_09_26_drive_0013_sync\velodyne_points\data\0000000022.bin,True,True,375,1242,114616,val,E:\monodepth_project\data\kitti\depth_maps\2011_09_26_2011_09_26_drive_0013_sync_22.npy
2011_09_26,2011_09_26_drive_0013_sync,23,E:\monodepth_project\data\kitti\2011_09_26\2011_09_26_drive_0013_sync\image_02\data\0000000023.png,E:\monodepth_project\data\kitti\2011_09_26\2011_09_26_drive_0013_sync\velodyne_points\data\0000000023.bin,True,True,375,1242,114725,val,E:\monodepth_project\data\kitti\depth_maps\2011_09_26_2011_09_26_drive_0013_sync_23.npy
2011_09_26,2011_09_26_drive_0013_sync,24,E:\monodepth_project\data\kitti\2011_09_26\2011_09_26_drive_0013_sync\image_02\data\0000000024.png,E:\monodepth_project\data\kitti\2011_09_26\2011_09_26_drive_0013_sync\velodyne_points\data\0000000024.bin,True,True,375,1242,114972,val,E:\monodepth_project\data\kitti\depth_maps\2011_09_26_2011_09_26_drive_0013_sync_24.npy
2011_09_26,2011_09_26_drive_0013_sync,25,E:\monodepth_project\data\kitti\2011_09_26\2011_09_26_drive_0013_sync\image_02\data\0000000025.png,E:\monodepth_project\data\kitti\2011_09_26\2011_09_26_drive_0013_sync\velodyne_points\data\0000000025.bin,True,True,375,1242,115122,val,E:\monodepth_project\data\kitti\depth_maps\2011_09_26_2011_09_26_drive_0013_sync_25.npy
2011_09_26,2011_09_26_drive_0013_sync,26,E:\monodepth_project\data\kitti\2011_09_26\2011_09_26_drive_0013_sync\image_02\data\0000000026.png,E:\monodepth_project\data\kitti\2011_09_26\2011_09_26_drive_0013_sync\velodyne_points\data\0000000026.bin,True,True,375,1242,115656,val,E:\monodepth_project\data\kitti\depth_maps\2011_09_26_2011_09_26_drive_0013_sync_26.npy
2011_09_26,2011_09_26_drive_0013_sync,27,E:\monodepth_project\data\kitti\2011_09_26\2011_09_26_drive_0013_sync\image_02\data\0000000027.png,E:\monodepth_project\data\kitti\2011_09_26\2011_09_26_drive_0013_sync\velodyne_points\data\0000000027.bin,True,True,375,1242,115953,val,E:\monodepth_project\data\kitti\depth_maps\2011_09_26_2011_09_26_drive_0013_sync_27.npy
2011_09_26,2011_09_26_drive_0013_sync,28,E:\monodepth_project\data\kitti\2011_09_26\2011_09_26_drive_0013_sync\image_02\data\0000000028.png,E:\monodepth_project\data\kitti\2011_09_26\2011_09_26_drive_0013_sync\velodyne_points\data\0000000028.bin,True,True,375,1242,116346,val,E:\monodepth_project\data\kitti\depth_maps\2011_09_26_2011_09_26_drive_0013_sync_28.npy
2011_09_26,2011_09_26_drive_0013_sync,29,E:\monodepth_project\data\kitti\2011_09_26\2011_09_26_drive_0013_sync\image_02\data\0000000029.png,E:\monodepth_project\data\kitti\2011_09_26\2011_09_26_drive_0013_sync\velodyne_points\data\0000000029.bin,True,True,375,1242,116578,val,E:\monodepth_project\data\kitti\depth_maps\2011_09_26_2011_09_26_drive_0013_sync_29.npy
2011_09_26,2011_09_26_drive_0013_sync,30,E:\monodepth_project\data\kitti\2011_09_26\2011_09_26_drive_0013_sync\image_02\data\0000000030.png,E:\monodepth_project\data\kitti\2011_09_26\2011_09_26_drive_0013_sync\velodyne_points\data\0000000030.bin,True,True,375,1242,117104,val,E:\monodepth_project\data\kitti\depth_maps\2011_09_26_2011_09_26_drive_0013_sync_30.npy
2011_09_26,2011_09_26_drive_0013_sync,31,E:\monodepth_project\data\kitti\2011_09_26\2011_09_26_drive_0013_sync\image_02\data\0000000031.png,E:\monodepth_project\data\kitti\2011_09_26\2011_09_26_drive_0013_sync\velodyne_points\data\0000000031.bin,True,True,375,1242,117513,val,E:\monodepth_project\data\kitti\depth_maps\2011_09_26_2011_09_26_drive_0013_sync_31.npy
2011_09_26,2011_09_26_drive_0013_sync,32,E:\monodepth_project\data\kitti\2011_09_26\2011_09_26_drive_0013_sync\image_02\data\0000000032.png,E:\monodepth_project\data\kitti\2011_09_26\2011_09_26_drive_0013_sync\velodyne_points\data\0000000032.bin,True,True,375,1242,117874,val,E:\monodepth_project\data\kitti\depth_maps\2011_09_26_2011_09_26_drive_0013_sync_32.npy
2011_09_26,2011_09_26_drive_0013_sync,33,E:\monodepth_project\data\kitti\2011_09_26\2011_09_26_drive_0013_sync\image_02\data\0000000033.png,E:\monodepth_project\data\kitti\2011_09_26\2011_09_26_drive_0013_sync\velodyne_points\data\0000000033.bin,True,True,375,1242,118045,val,E:\monodepth_project\data\kitti\depth_maps\2011_09_26_2011_09_26_drive_0013_sync_33.npy
2011_09_26,2011_09_26_drive_0013_sync,34,E:\monodepth_project\data\kitti\2011_09_26\2011_09_26_drive_0013_sync\image_02\data\0000000034.png,E:\monodepth_project\data\kitti\2011_09_26\2011_09_26_drive_0013_sync\velodyne_points\data\0000000034.bin,True,True,375,1242,118473,val,E:\monodepth_project\data\kitti\depth_maps\2011_09_26_2011_09_26_drive_0013_sync_34.npy
2011_09_26,2011_09_26_drive_0013_sync,35,E:\monodepth_project\data\kitti\2011_09_26\2011_09_26_drive_0013_sync\image_02\data\0000000035.png,E:\monodepth_project\data\kitti\2011_09_26\2011_09_26_drive_0013_sync\velodyne_points\data\0000000035.bin,True,True,375,1242,118734,val,E:\monodepth_project\data\kitti\depth_maps\2011_09_26_2011_09_26_drive_0013_sync_35.npy
2011_09_26,2011_09_26_drive_0013_sync,36,E:\monodepth_project\data\kitti\2011_09_26\2011_09_26_drive_0013_sync\image_02\data\0000000036.png,E:\monodepth_project\data\kitti\2011_09_26\2011_09_26_drive_0013_sync\velodyne_points\data\0000000036.bin,True,True,375,1242,119218,val,E:\monodepth_project\data\kitti\depth_maps\2011_09_26_2011_09_26_drive_0013_sync_36.npy
2011_09_26,2011_09_26_drive_0013_sync,37,E:\monodepth_project\data\kitti\2011_09_26\2011_09_26_drive_0013_sync\image_02\data\0000000037.png,E:\monodepth_project\data\kitti\2011_09_26\2011_09_26_drive_0013_sync\velodyne_points\data\0000000037.bin,True,True,375,1242,119533,val,E:\monodepth_project\data\kitti\depth_maps\2011_09_26_2011_09_26_drive_0013_sync_37.npy
2011_09_26,2011_09_26_drive_0013_sync,38,E:\monodepth_project\data\kitti\2011_09_26\2011_09_26_drive_0013_sync\image_02\data\0000000038.png,E:\monodepth_project\data\kitti\2011_09_26\2011_09_26_drive_0013_sync\velodyne_points\data\0000000038.bin,True,True,375,1242,119823,val,E:\monodepth_project\data\kitti\depth_maps\2011_09_26_2011_09_26_drive_0013_sync_38.npy
2011_09_26,2011_09_26_drive_0013_sync,39,E:\monodepth_project\data\kitti\2011_09_26\2011_09_26_drive_0013_sync\image_02\data\0000000039.png,E:\monodepth_project\data\kitti\2011_09_26\2011_09_26_drive_0013_sync\velodyne_points\data\0000000039.bin,True,True,375,1242,119986,val,E:\monodepth_project\data\kitti\depth_maps\2011_09_26_2011_09_26_drive_0013_sync_39.npy
2011_09_26,2011_09_26_drive_0013_sync,40,E:\monodepth_project\data\kitti\2011_09_26\2011_09_26_drive_0013_sync\image_02\data\0000000040.png,E:\monodepth_project\data\kitti\2011_09_26\2011_09_26_drive_0013_sync\velodyne_points\data\0000000040.bin,True,True,375,1242,120067,val,E:\monodepth_project\data\kitti\depth_maps\2011_09_26_2011_09_26_drive_0013_sync_40.npy
2011_09_26,2011_09_26_drive_0013_sync,41,E:\monodepth_project\data\kitti\2011_09_26\2011_09_26_drive_0013_sync\image_02\data\0000000041.png,E:\monodepth_project\data\kitti\2011_09_26\2011_09_26_drive_0013_sync\velodyne_points\data\0000000041.bin,True,True,375,1242,120289,val,E:\monodepth_project\data\kitti\depth_maps\2011_09_26_2011_09_26_drive_0013_sync_41.npy
2011_09_26,2011_09_26_drive_0013_sync,42,E:\monodepth_project\data\kitti\2011_09_26\2011_09_26_drive_0013_sync\image_02\data\0000000042.png,E:\monodepth_project\data\kitti\2011_09_26\2011_09_26_drive_0013_sync\velodyne_points\data\0000000042.bin,True,True,375,1242,120336,val,E:\monodepth_project\data\kitti\depth_maps\2011_09_26_2011_09_26_drive_0013_sync_42.npy
2011_09_26,2011_09_26_drive_0013_sync,43,E:\monodepth_project\data\kitti\2011_09_26\2011_09_26_drive_0013_sync\image_02\data\0000000043.png,E:\monodepth_project\data\kitti\2011_09_26\2011_09_26_drive_0013_sync\velodyne_points\data\0000000043.bin,True,True,375,1242,120769,val,E:\monodepth_project\data\kitti\depth_maps\2011_09_26_2011_09_26_drive_0013_sync_43.npy
2011_09_26,2011_09_26_drive_0013_sync,44,E:\monodepth_project\data\kitti\2011_09_26\2011_09_26_drive_0013_sync\image_02\data\0000000044.png,E:\monodepth_project\data\kitti\2011_09_26\2011_09_26_drive_0013_sync\velodyne_points\data\0000000044.bin,True,True,375,1242,120849,val,E:\monodepth_project\data\kitti\depth_maps\2011_09_26_2011_09_26_drive_0013_sync_44.npy
2011_09_26,2011_09_26_drive_0013_sync,45,E:\monodepth_project\data\kitti\2011_09_26\2011_09_26_drive_0013_sync\image_02\data\0000000045.png,E:\monodepth_project\data\kitti\2011_09_26\2011_09_26_drive_0013_sync\velodyne_points\data\0000000045.bin,True,True,375,1242,121157,val,E:\monodepth_project\data\kitti\depth_maps\2011_09_26_2011_09_26_drive_0013_sync_45.npy
2011_09_26,2011_09_26_drive_0013_sync,46,E:\monodepth_project\data\kitti\2011_09_26\2011_09_26_drive_0013_sync\image_02\data\0000000046.png,E:\monodepth_project\data\kitti\2011_09_26\2011_09_26_drive_0013_sync\velodyne_points\data\0000000046.bin,True,True,375,1242,121263,val,E:\monodepth_project\data\kitti\depth_maps\2011_09_26_2011_09_26_drive_0013_sync_46.npy
2011_09_26,2011_09_26_drive_0013_sync,47,E:\monodepth_project\data\kitti\2011_09_26\2011_09_26_drive_0013_sync\image_02\data\0000000047.png,E:\monodepth_project\data\kitti\2011_09_26\2011_09_26_drive_0013_sync\velodyne_points\data\0000000047.bin,True,True,375,1242,121513,val,E:\monodepth_project\data\kitti\depth_maps\2011_09_26_2011_09_26_drive_0013_sync_47.npy
2011_09_26,2011_09_26_drive_0013_sync,48,E:\monodepth_project\data\kitti\2011_09_26\2011_09_26_drive_0013_sync\image_02\data\0000000048.png,E:\monodepth_project\data\kitti\2011_09_26\2011_09_26_drive_0013_sync\velodyne_points\data\0000000048.bin,True,True,375,1242,121658,val,E:\monodepth_project\data\kitti\depth_maps\2011_09_26_2011_09_26_drive_0013_sync_48.npy
2011_09_26,2011_09_26_drive_0013_sync,49,E:\monodepth_project\data\kitti\2011_09_26\2011_09_26_drive_0013_sync\image_02\data\0000000049.png,E:\monodepth_project\data\kitti\2011_09_26\2011_09_26_drive_0013_sync\velodyne_points\data\0000000049.bin,True,True,375,1242,121870,val,E:\monodepth_project\data\kitti\depth_maps\2011_09_26_2011_09_26_drive_0013_sync_49.npy
2011_09_26,2011_09_26_drive_0013_sync,50,E:\monodepth_project\data\kitti\2011_09_26\2011_09_26_drive_0013_sync\image_02\data\0000000050.png,E:\monodepth_project\data\kitti\2011_09_26\2011_09_26_drive_0013_sync\velodyne_points\data\0000000050.bin,True,True,375,1242,121890,val,E:\monodepth_project\data\kitti\depth_maps\2011_09_26_2011_09_26_drive_0013_sync_50.npy
2011_09_26,2011_09_26_drive_0013_sync,51,E:\monodepth_project\data\kitti\2011_09_26\2011_09_26_drive_0013_sync\image_02\data\0000000051.png,E:\monodepth_project\data\kitti\2011_09_26\2011_09_26_drive_0013_sync\velodyne_points\data\0000000051.bin,True,True,375,1242,122088,val,E:\monodepth_project\data\kitti\depth_maps\2011_09_26_2011_09_26_drive_0013_sync_51.npy
2011_09_26,2011_09_26_drive_0013_sync,52,E:\monodepth_project\data\kitti\2011_09_26\2011_09_26_drive_0013_sync\image_02\data\0000000052.png,E:\monodepth_project\data\kitti\2011_09_26\2011_09_26_drive_0013_sync\velodyne_points\data\0000000052.bin,True,True,375,1242,121820,val,E:\monodepth_project\data\kitti\depth_maps\2011_09_26_2011_09_26_drive_0013_sync_52.npy
2011_09_26,2011_09_26_drive_0013_sync,53,E:\monodepth_project\data\kitti\2011_09_26\2011_09_26_drive_0013_sync\image_02\data\0000000053.png,E:\monodepth_project\data\kitti\2011_09_26\2011_09_26_drive_0013_sync\velodyne_points\data\0000000053.bin,True,True,375,1242,122120,val,E:\monodepth_project\data\kitti\depth_maps\2011_09_26_2011_09_26_drive_0013_sync_53.npy
2011_09_26,2011_09_26_drive_0013_sync,54,E:\monodepth_project\data\kitti\2011_09_26\2011_09_26_drive_0013_sync\image_02\data\0000000054.png,E:\monodepth_project\data\kitti\2011_09_26\2011_09_26_drive_0013_sync\velodyne_points\data\0000000054.bin,True,True,375,1242,122195,val,E:\monodepth_project\data\kitti\depth_maps\2011_09_26_2011_09_26_drive_0013_sync_54.npy
2011_09_26,2011_09_26_drive_0013_sync,55,E:\monodepth_project\data\kitti\2011_09_26\2011_09_26_drive_0013_sync\image_02\data\0000000055.png,E:\monodepth_project\data\kitti\2011_09_26\2011_09_26_drive_0013_sync\velodyne_points\data\0000000055.bin,True,True,375,1242,122294,val,E:\monodepth_project\data\kitti\depth_maps\2011_09_26_2011_09_26_drive_0013_sync_55.npy
2011_09_26,2011_09_26_drive_0013_sync,56,E:\monodepth_project\data\kitti\2011_09_26\2011_09_26_drive_0013_sync\image_02\data\0000000056.png,E:\monodepth_project\data\kitti\2011_09_26\2011_09_26_drive_0013_sync\velodyne_points\data\0000000056.bin,True,True,375,1242,122485,val,E:\monodepth_project\data\kitti\depth_maps\2011_09_26_2011_09_26_drive_0013_sync_56.npy
2011_09_26,2011_09_26_drive_0013_sync,57,E:\monodepth_project\data\kitti\2011_09_26\2011_09_26_drive_0013_sync\image_02\data\0000000057.png,E:\monodepth_project\data\kitti\2011_09_26\2011_09_26_drive_0013_sync\velodyne_points\data\0000000057.bin,True,True,375,1242,122355,val,E:\monodepth_project\data\kitti\depth_maps\2011_09_26_2011_09_26_drive_0013_sync_57.npy
2011_09_26,2011_09_26_drive_0013_sync,58,E:\monodepth_project\data\kitti\2011_09_26\2011_09_26_drive_0013_sync\image_02\data\0000000058.png,E:\monodepth_project\data\kitti\2011_09_26\2011_09_26_drive_0013_sync\velodyne_points\data\0000000058.bin,True,True,375,1242,122416,val,E:\monodepth_project\data\kitti\depth_maps\2011_09_26_2011_09_26_drive_0013_sync_58.npy
2011_09_26,2011_09_26_drive_0013_sync,59,E:\monodepth_project\data\kitti\2011_09_26\2011_09_26_drive_0013_sync\image_02\data\0000000059.png,E:\monodepth_project\data\kitti\2011_09_26\2011_09_26_drive_0013_sync\velodyne_points\data\0000000059.bin,True,True,375,1242,122399,val,E:\monodepth_project\data\kitti\depth_maps\2011_09_26_2011_09_26_drive_0013_sync_59.npy
2011_09_26,2011_09_26_drive_0013_sync,60,E:\monodepth_project\data\kitti\2011_09_26\2011_09_26_drive_0013_sync\image_02\data\0000000060.png,E:\monodepth_project\data\kitti\2011_09_26\2011_09_26_drive_0013_sync\velodyne_points\data\0000000060.bin,True,True,375,1242,122151,val,E:\monodepth_project\data\kitti\depth_maps\2011_09_26_2011_09_26_drive_0013_sync_60.npy
2011_09_26,2011_09_26_drive_0013_sync,61,E:\monodepth_project\data\kitti\2011_09_26\2011_09_26_drive_0013_sync\image_02\data\0000000061.png,E:\monodepth_project\data\kitti\2011_09_26\2011_09_26_drive_0013_sync\velodyne_points\data\0000000061.bin,True,True,375,1242,122235,val,E:\monodepth_project\data\kitti\depth_maps\2011_09_26_2011_09_26_drive_0013_sync_61.npy
2011_09_26,2011_09_26_drive_0013_sync,62,E:\monodepth_project\data\kitti\2011_09_26\2011_09_26_drive_0013_sync\image_02\data\0000000062.png,E:\monodepth_project\data\kitti\2011_09_26\2011_09_26_drive_0013_sync\velodyne_points\data\0000000062.bin,True,True,375,1242,122185,val,E:\monodepth_project\data\kitti\depth_maps\2011_09_26_2011_09_26_drive_0013_sync_62.npy
2011_09_26,2011_09_26_drive_0013_sync,63,E:\monodepth_project\data\kitti\2011_09_26\2011_09_26_drive_0013_sync\image_02\data\0000000063.png,E:\monodepth_project\data\kitti\2011_09_26\2011_09_26_drive_0013_sync\velodyne_points\data\0000000063.bin,True,True,375,1242,121978,val,E:\monodepth_project\data\kitti\depth_maps\2011_09_26_2011_09_26_drive_0013_sync_63.npy
2011_09_26,2011_09_26_drive_0013_sync,64,E:\monodepth_project\data\kitti\2011_09_26\2011_09_26_drive_0013_sync\image_02\data\0000000064.png,E:\monodepth_project\data\kitti\2011_09_26\2011_09_26_drive_0013_sync\velodyne_points\data\0000000064.bin,True,True,375,1242,122112,val,E:\monodepth_project\data\kitti\depth_maps\2011_09_26_2011_09_26_drive_0013_sync_64.npy
2011_09_26,2011_09_26_drive_0013_sync,65,E:\monodepth_project\data\kitti\2011_09_26\2011_09_26_drive_0013_sync\image_02\data\0000000065.png,E:\monodepth_project\data\kitti\2011_09_26\2011_09_26_drive_0013_sync\velodyne_points\data\0000000065.bin,True,True,375,1242,122270,val,E:\monodepth_project\data\kitti\depth_maps\2011_09_26_2011_09_26_drive_0013_sync_65.npy
2011_09_26,2011_09_26_drive_0013_sync,66,E:\monodepth_project\data\kitti\2011_09_26\2011_09_26_drive_0013_sync\image_02\data\0000000066.png,E:\monodepth_project\data\kitti\2011_09_26\2011_09_26_drive_0013_sync\velodyne_points\data\0000000066.bin,True,True,375,1242,122448,val,E:\monodepth_project\data\kitti\depth_maps\2011_09_26_2011_09_26_drive_0013_sync_66.npy
2011_09_26,2011_09_26_drive_0013_sync,67,E:\monodepth_project\data\kitti\2011_09_26\2011_09_26_drive_0013_sync\image_02\data\0000000067.png,E:\monodepth_project\data\kitti\2011_09_26\2011_09_26_drive_0013_sync\velodyne_points\data\0000000067.bin,True,True,375,1242,122355,val,E:\monodepth_project\data\kitti\depth_maps\2011_09_26_2011_09_26_drive_0013_sync_67.npy
2011_09_26,2011_09_26_drive_0013_sync,68,E:\monodepth_project\data\kitti\2011_09_26\2011_09_26_drive_0013_sync\image_02\data\0000000068.png,E:\monodepth_project\data\kitti\2011_09_26\2011_09_26_drive_0013_sync\velodyne_points\data\0000000068.bin,True,True,375,1242,122067,val,E:\monodepth_project\data\kitti\depth_maps\2011_09_26_2011_09_26_drive_0013_sync_68.npy
2011_09_26,2011_09_26_drive_0013_sync,69,E:\monodepth_project\data\kitti\2011_09_26\2011_09_26_drive_0013_sync\image_02\data\0000000069.png,E:\monodepth_project\data\kitti\2011_09_26\2011_09_26_drive_0013_sync\velodyne_points\data\0000000069.bin,True,True,375,1242,121850,val,E:\monodepth_project\data\kitti\depth_maps\2011_09_26_2011_09_26_drive_0013_sync_69.npy
2011_09_26,2011_09_26_drive_0013_sync,70,E:\monodepth_project\data\kitti\2011_09_26\2011_09_26_drive_0013_sync\image_02\data\0000000070.png,E:\monodepth_project\data\kitti\2011_09_26\2011_09_26_drive_0013_sync\velodyne_points\data\0000000070.bin,True,True,375,1242,121784,val,E:\monodepth_project\data\kitti\depth_maps\2011_09_26_2011_09_26_drive_0013_sync_70.npy
2011_09_26,2011_09_26_drive_0013_sync,71,E:\monodepth_project\data\kitti\2011_09_26\2011_09_26_drive_0013_sync\image_02\data\0000000071.png,E:\monodepth_project\data\kitti\2011_09_26\2011_09_26_drive_0013_sync\velodyne_points\data\0000000071.bin,True,True,375,1242,121685,val,E:\monodepth_project\data\kitti\depth_maps\2011_09_26_2011_09_26_drive_0013_sync_71.npy
2011_09_26,2011_09_26_drive_0013_sync,72,E:\monodepth_project\data\kitti\2011_09_26\2011_09_26_drive_0013_sync\image_02\data\0000000072.png,E:\monodepth_project\data\kitti\2011_09_26\2011_09_26_drive_0013_sync\velodyne_points\data\0000000072.bin,True,True,375,1242,121696,val,E:\monodepth_project\data\kitti\depth_maps\2011_09_26_2011_09_26_drive_0013_sync_72.npy
2011_09_26,2011_09_26_drive_0013_sync,73,E:\monodepth_project\data\kitti\2011_09_26\2011_09_26_drive_0013_sync\image_02\data\0000000073.png,E:\monodepth_project\data\kitti\2011_09_26\2011_09_26_drive_0013_sync\velodyne_points\data\0000000073.bin,True,True,375,1242,121593,val,E:\monodepth_project\data\kitti\depth_maps\2011_09_26_2011_09_26_drive_0013_sync_73.npy
2011_09_26,2011_09_26_drive_0013_sync,74,E:\monodepth_project\data\kitti\2011_09_26\2011_09_26_drive_0013_sync\image_02\data\0000000074.png,E:\monodepth_project\data\kitti\2011_09_26\2011_09_26_drive_0013_sync\velodyne_points\data\0000000074.bin,True,True,375,1242,121419,val,E:\monodepth_project\data\kitti\depth_maps\2011_09_26_2011_09_26_drive_0013_sync_74.npy
2011_09_26,2011_09_26_drive_0013_sync,75,E:\monodepth_project\data\kitti\2011_09_26\2011_09_26_drive_0013_sync\image_02\data\0000000075.png,E:\monodepth_project\data\kitti\2011_09_26\2011_09_26_drive_0013_sync\velodyne_points\data\0000000075.bin,True,True,375,1242,121211,val,E:\monodepth_project\data\kitti\depth_maps\2011_09_26_2011_09_26_drive_0013_sync_75.npy
2011_09_26,2011_09_26_drive_0013_sync,76,E:\monodepth_project\data\kitti\2011_09_26\2011_09_26_drive_0013_sync\image_02\data\0000000076.png,E:\monodepth_project\data\kitti\2011_09_26\2011_09_26_drive_0013_sync\velodyne_points\data\0000000076.bin,True,True,375,1242,121600,val,E:\monodepth_project\data\kitti\depth_maps\2011_09_26_2011_09_26_drive_0013_sync_76.npy
2011_09_26,2011_09_26_drive_0013_sync,77,E:\monodepth_project\data\kitti\2011_09_26\2011_09_26_drive_0013_sync\image_02\data\0000000077.png,E:\monodepth_project\data\kitti\2011_09_26\2011_09_26_drive_0013_sync\velodyne_points\data\0000000077.bin,True,True,375,1242,121476,val,E:\monodepth_project\data\kitti\depth_maps\2011_09_26_2011_09_26_drive_0013_sync_77.npy
2011_09_26,2011_09_26_drive_0013_sync,78,E:\monodepth_project\data\kitti\2011_09_26\2011_09_26_drive_0013_sync\image_02\data\0000000078.png,E:\monodepth_project\data\kitti\2011_09_26\2011_09_26_drive_0013_sync\velodyne_points\data\0000000078.bin,True,True,375,1242,121749,val,E:\monodepth_project\data\kitti\depth_maps\2011_09_26_2011_09_26_drive_0013_sync_78.npy
2011_09_26,2011_09_26_drive_0013_sync,79,E:\monodepth_project\data\kitti\2011_09_26\2011_09_26_drive_0013_sync\image_02\data\0000000079.png,E:\monodepth_project\data\kitti\2011_09_26\2011_09_26_drive_0013_sync\velodyne_points\data\0000000079.bin,True,True,375,1242,122133,val,E:\monodepth_project\data\kitti\depth_maps\2011_09_26_2011_09_26_drive_0013_sync_79.npy
2011_09_26,2011_09_26_drive_0013_sync,80,E:\monodepth_project\data\kitti\2011_09_26\2011_09_26_drive_0013_sync\image_02\data\0000000080.png,E:\monodepth_project\data\kitti\2011_09_26\2011_09_26_drive_0013_sync\velodyne_points\data\0000000080.bin,True,True,375,1242,122468,val,E:\monodepth_project\data\kitti\depth_maps\2011_09_26_2011_09_26_drive_0013_sync_80.npy
2011_09_26,2011_09_26_drive_0013_sync,81,E:\monodepth_project\data\kitti\2011_09_26\2011_09_26_drive_0013_sync\image_02\data\0000000081.png,E:\monodepth_project\data\kitti\2011_09_26\2011_09_26_drive_0013_sync\velodyne_points\data\0000000081.bin,True,True,375,1242,122744,val,E:\monodepth_project\data\kitti\depth_maps\2011_09_26_2011_09_26_drive_0013_sync_81.npy
2011_09_26,2011_09_26_drive_0013_sync,82,E:\monodepth_project\data\kitti\2011_09_26\2011_09_26_drive_0013_sync\image_02\data\0000000082.png,E:\monodepth_project\data\kitti\2011_09_26\2011_09_26_drive_0013_sync\velodyne_points\data\0000000082.bin,True,True,375,1242,122893,val,E:\monodepth_project\data\kitti\depth_maps\2011_09_26_2011_09_26_drive_0013_sync_82.npy
2011_09_26,2011_09_26_drive_0013_sync,83,E:\monodepth_project\data\kitti\2011_09_26\2011_09_26_drive_0013_sync\image_02\data\0000000083.png,E:\monodepth_project\data\kitti\2011_09_26\2011_09_26_drive_0013_sync\velodyne_points\data\0000000083.bin,True,True,375,1242,122697,val,E:\monodepth_project\data\kitti\depth_maps\2011_09_26_2011_09_26_drive_0013_sync_83.npy
2011_09_26,2011_09_26_drive_0013_sync,84,E:\monodepth_project\data\kitti\2011_09_26\2011_09_26_drive_0013_sync\image_02\data\0000000084.png,E:\monodepth_project\data\kitti\2011_09_26\2011_09_26_drive_0013_sync\velodyne_points\data\0000000084.bin,True,True,375,1242,121987,val,E:\monodepth_project\data\kitti\depth_maps\2011_09_26_2011_09_26_drive_0013_sync_84.npy
2011_09_26,2011_09_26_drive_0013_sync,85,E:\monodepth_project\data\kitti\2011_09_26\2011_09_26_drive_0013_sync\image_02\data\0000000085.png,E:\monodepth_project\data\kitti\2011_09_26\2011_09_26_drive_0013_sync\velodyne_points\data\0000000085.bin,True,True,375,1242,121704,val,E:\monodepth_project\data\kitti\depth_maps\2011_09_26_2011_09_26_drive_0013_sync_85.npy
2011_09_26,2011_09_26_drive_0013_sync,86,E:\monodepth_project\data\kitti\2011_09_26\2011_09_26_drive_0013_sync\image_02\data\0000000086.png,E:\monodepth_project\data\kitti\2011_09_26\2011_09_26_drive_0013_sync\velodyne_points\data\0000000086.bin,True,True,375,1242,121837,val,E:\monodepth_project\data\kitti\depth_maps\2011_09_26_2011_09_26_drive_0013_sync_86.npy
2011_09_26,2011_09_26_drive_0013_sync,87,E:\monodepth_project\data\kitti\2011_09_26\2011_09_26_drive_0013_sync\image_02\data\0000000087.png,E:\monodepth_project\data\kitti\2011_09_26\2011_09_26_drive_0013_sync\velodyne_points\data\0000000087.bin,True,True,375,1242,121948,val,E:\monodepth_project\data\kitti\depth_maps\2011_09_26_2011_09_26_drive_0013_sync_87.npy
2011_09_26,2011_09_26_drive_0013_sync,88,E:\monodepth_project\data\kitti\2011_09_26\2011_09_26_drive_0013_sync\image_02\data\0000000088.png,E:\monodepth_project\data\kitti\2011_09_26\2011_09_26_drive_0013_sync\velodyne_points\data\0000000088.bin,True,True,375,1242,121796,val,E:\monodepth_project\data\kitti\depth_maps\2011_09_26_2011_09_26_drive_0013_sync_88.npy
2011_09_26,2011_09_26_drive_0013_sync,89,E:\monodepth_project\data\kitti\2011_09_26\2011_09_26_drive_0013_sync\image_02\data\0000000089.png,E:\monodepth_project\data\kitti\2011_09_26\2011_09_26_drive_0013_sync\velodyne_points\data\0000000089.bin,True,True,375,1242,121782,val,E:\monodepth_project\data\kitti\depth_maps\2011_09_26_2011_09_26_drive_0013_sync_89.npy
2011_09_26,2011_09_26_drive_0013_sync,90,E:\monodepth_project\data\kitti\2011_09_26\2011_09_26_drive_0013_sync\image_02\data\0000000090.png,E:\monodepth_project\data\kitti\2011_09_26\2011_09_26_drive_0013_sync\velodyne_points\data\0000000090.bin,True,True,375,1242,122229,val,E:\monodepth_project\data\kitti\depth_maps\2011_09_26_2011_09_26_drive_0013_sync_90.npy
2011_09_26,2011_09_26_drive_0013_sync,91,E:\monodepth_project\data\kitti\2011_09_26\2011_09_26_drive_0013_sync\image_02\data\0000000091.png,E:\monodepth_project\data\kitti\2011_09_26\2011_09_26_drive_0013_sync\velodyne_points\data\0000000091.bin,True,True,375,1242,122252,val,E:\monodepth_project\data\kitti\depth_maps\2011_09_26_2011_09_26_drive_0013_sync_91.npy
2011_09_26,2011_09_26_drive_0013_sync,92,E:\monodepth_project\data\kitti\2011_09_26\2011_09_26_drive_0013_sync\image_02\data\0000000092.png,E:\monodepth_project\data\kitti\2011_09_26\2011_09_26_drive_0013_sync\velodyne_points\data\0000000092.bin,True,True,375,1242,122321,val,E:\monodepth_project\data\kitti\depth_maps\2011_09_26_2011_09_26_drive_0013_sync_92.npy
2011_09_26,2011_09_26_drive_0013_sync,93,E:\monodepth_project\data\kitti\2011_09_26\2011_09_26_drive_0013_sync\image_02\data\0000000093.png,E:\monodepth_project\data\kitti\2011_09_26\2011_09_26_drive_0013_sync\velodyne_points\data\0000000093.bin,True,True,375,1242,122459,val,E:\monodepth_project\data\kitti\depth_maps\2011_09_26_2011_09_26_drive_0013_sync_93.npy
2011_09_26,2011_09_26_drive_0013_sync,94,E:\monodepth_project\data\kitti\2011_09_26\2011_09_26_drive_0013_sync\image_02\data\0000000094.png,E:\monodepth_project\data\kitti\2011_09_26\2011_09_26_drive_0013_sync\velodyne_points\data\0000000094.bin,True,True,375,1242,122544,val,E:\monodepth_project\data\kitti\depth_maps\2011_09_26_2011_09_26_drive_0013_sync_94.npy
2011_09_26,2011_09_26_drive_0013_sync,95,E:\monodepth_project\data\kitti\2011_09_26\2011_09_26_drive_0013_sync\image_02\data\0000000095.png,E:\monodepth_project\data\kitti\2011_09_26\2011_09_26_drive_0013_sync\velodyne_points\data\0000000095.bin,True,True,375,1242,122379,val,E:\monodepth_project\data\kitti\depth_maps\2011_09_26_2011_09_26_drive_0013_sync_95.npy
2011_09_26,2011_09_26_drive_0013_sync,96,E:\monodepth_project\data\kitti\2011_09_26\2011_09_26_drive_0013_sync\image_02\data\0000000096.png,E:\monodepth_project\data\kitti\2011_09_26\2011_09_26_drive_0013_sync\velodyne_points\data\0000000096.bin,True,True,375,1242,122498,val,E:\monodepth_project\data\kitti\depth_maps\2011_09_26_2011_09_26_drive_0013_sync_96.npy
2011_09_26,2011_09_26_drive_0013_sync,97,E:\monodepth_project\data\kitti\2011_09_26\2011_09_26_drive_0013_sync\image_02\data\0000000097.png,E:\monodepth_project\data\kitti\2011_09_26\2011_09_26_drive_0013_sync\velodyne_points\data\0000000097.bin,True,True,375,1242,122227,val,E:\monodepth_project\data\kitti\depth_maps\2011_09_26_2011_09_26_drive_0013_sync_97.npy
2011_09_26,2011_09_26_drive_0013_sync,98,E:\monodepth_project\data\kitti\2011_09_26\2011_09_26_drive_0013_sync\image_02\data\0000000098.png,E:\monodepth_project\data\kitti\2011_09_26\2011_09_26_drive_0013_sync\velodyne_points\data\0000000098.bin,True,True,375,1242,122224,val,E:\monodepth_project\data\kitti\depth_maps\2011_09_26_2011_09_26_drive_0013_sync_98.npy
2011_09_26,2011_09_26_drive_0013_sync,99,E:\monodepth_project\data\kitti\2011_09_26\2011_09_26_drive_0013_sync\image_02\data\0000000099.png,E:\monodepth_project\data\kitti\2011_09_26\2011_09_26_drive_0013_sync\velodyne_points\data\0000000099.bin,True,True,375,1242,122503,val,E:\monodepth_project\data\kitti\depth_maps\2011_09_26_2011_09_26_drive_0013_sync_99.npy
2011_09_26,2011_09_26_drive_0013_sync,100,E:\monodepth_project\data\kitti\2011_09_26\2011_09_26_drive_0013_sync\image_02\data\0000000100.png,E:\monodepth_project\data\kitti\2011_09_26\2011_09_26_drive_0013_sync\velodyne_points\data\0000000100.bin,True,True,375,1242,122490,val,E:\monodepth_project\data\kitti\depth_maps\2011_09_26_2011_09_26_drive_0013_sync_100.npy
2011_09_26,2011_09_26_drive_0013_sync,101,E:\monodepth_project\data\kitti\2011_09_26\2011_09_26_drive_0013_sync\image_02\data\0000000101.png,E:\monodepth_project\data\kitti\2011_09_26\2011_09_26_drive_0013_sync\velodyne_points\data\0000000101.bin,True,True,375,1242,122199,val,E:\monodepth_project\data\kitti\depth_maps\2011_09_26_2011_09_26_drive_0013_sync_101.npy
2011_09_26,2011_09_26_drive_0013_sync,102,E:\monodepth_project\data\kitti\2011_09_26\2011_09_26_drive_0013_sync\image_02\data\0000000102.png,E:\monodepth_project\data\kitti\2011_09_26\2011_09_26_drive_0013_sync\velodyne_points\data\0000000102.bin,True,True,375,1242,122519,val,E:\monodepth_project\data\kitti\depth_maps\2011_09_26_2011_09_26_drive_0013_sync_102.npy
2011_09_26,2011_09_26_drive_0013_sync,103,E:\monodepth_project\data\kitti\2011_09_26\2011_09_26_drive_0013_sync\image_02\data\0000000103.png,E:\monodepth_project\data\kitti\2011_09_26\2011_09_26_drive_0013_sync\velodyne_points\data\0000000103.bin,True,True,375,1242,122312,val,E:\monodepth_project\data\kitti\depth_maps\2011_09_26_2011_09_26_drive_0013_sync_103.npy
2011_09_26,2011_09_26_drive_0013_sync,104,E:\monodepth_project\data\kitti\2011_09_26\2011_09_26_drive_0013_sync\image_02\data\0000000104.png,E:\monodepth_project\data\kitti\2011_09_26\2011_09_26_drive_0013_sync\velodyne_points\data\0000000104.bin,True,True,375,1242,122323,val,E:\monodepth_project\data\kitti\depth_maps\2011_09_26_2011_09_26_drive_0013_sync_104.npy
2011_09_26,2011_09_26_drive_0013_sync,105,E:\monodepth_project\data\kitti\2011_09_26\2011_09_26_drive_0013_sync\image_02\data\0000000105.png,E:\monodepth_project\data\kitti\2011_09_26\2011_09_26_drive_0013_sync\velodyne_points\data\0000000105.bin,True,True,375,1242,122149,val,E:\monodepth_project\data\kitti\depth_maps\2011_09_26_2011_09_26_drive_0013_sync_105.npy
2011_09_26,2011_09_26_drive_0013_sync,106,E:\monodepth_project\data\kitti\2011_09_26\2011_09_26_drive_0013_sync\image_02\data\0000000106.png,E:\monodepth_project\data\kitti\2011_09_26\2011_09_26_drive_0013_sync\velodyne_points\data\0000000106.bin,True,True,375,1242,121627,val,E:\monodepth_project\data\kitti\depth_maps\2011_09_26_2011_09_26_drive_0013_sync_106.npy
2011_09_26,2011_09_26_drive_0013_sync,107,E:\monodepth_project\data\kitti\2011_09_26\2011_09_26_drive_0013_sync\image_02\data\0000000107.png,E:\monodepth_project\data\kitti\2011_09_26\2011_09_26_drive_0013_sync\velodyne_points\data\0000000107.bin,True,True,375,1242,122030,val,E:\monodepth_project\data\kitti\depth_maps\2011_09_26_2011_09_26_drive_0013_sync_107.npy
2011_09_26,2011_09_26_drive_0013_sync,108,E:\monodepth_project\data\kitti\2011_09_26\2011_09_26_drive_0013_sync\image_02\data\0000000108.png,E:\monodepth_project\data\kitti\2011_09_26\2011_09_26_drive_0013_sync\velodyne_points\data\0000000108.bin,True,True,375,1242,122674,val,E:\monodepth_project\data\kitti\depth_maps\2011_09_26_2011_09_26_drive_0013_sync_108.npy
2011_09_26,2011_09_26_drive_0013_sync,109,E:\monodepth_project\data\kitti\2011_09_26\2011_09_26_drive_0013_sync\image_02\data\0000000109.png,E:\monodepth_project\data\kitti\2011_09_26\2011_09_26_drive_0013_sync\velodyne_points\data\0000000109.bin,True,True,375,1242,123405,val,E:\monodepth_project\data\kitti\depth_maps\2011_09_26_2011_09_26_drive_0013_sync_109.npy
2011_09_26,2011_09_26_drive_0013_sync,110,E:\monodepth_project\data\kitti\2011_09_26\2011_09_26_drive_0013_sync\image_02\data\0000000110.png,E:\monodepth_project\data\kitti\2011_09_26\2011_09_26_drive_0013_sync\velodyne_points\data\0000000110.bin,True,True,375,1242,123785,val,E:\monodepth_project\data\kitti\depth_maps\2011_09_26_2011_09_26_drive_0013_sync_110.npy
2011_09_26,2011_09_26_drive_0013_sync,111,E:\monodepth_project\data\kitti\2011_09_26\2011_09_26_drive_0013_sync\image_02\data\0000000111.png,E:\monodepth_project\data\kitti\2011_09_26\2011_09_26_drive_0013_sync\velodyne_points\data\0000000111.bin,True,True,375,1242,123725,val,E:\monodepth_project\data\kitti\depth_maps\2011_09_26_2011_09_26_drive_0013_sync_111.npy
2011_09_26,2011_09_26_drive_0013_sync,112,E:\monodepth_project\data\kitti\2011_09_26\2011_09_26_drive_0013_sync\image_02\data\0000000112.png,E:\monodepth_project\data\kitti\2011_09_26\2011_09_26_drive_0013_sync\velodyne_points\data\0000000112.bin,True,True,375,1242,123987,val,E:\monodepth_project\data\kitti\depth_maps\2011_09_26_2011_09_26_drive_0013_sync_112.npy
2011_09_26,2011_09_26_drive_0013_sync,113,E:\monodepth_project\data\kitti\2011_09_26\2011_09_26_drive_0013_sync\image_02\data\0000000113.png,E:\monodepth_project\data\kitti\2011_09_26\2011_09_26_drive_0013_sync\velodyne_points\data\0000000113.bin,True,True,375,1242,124219,val,E:\monodepth_project\data\kitti\depth_maps\2011_09_26_2011_09_26_drive_0013_sync_113.npy
2011_09_26,2011_09_26_drive_0013_sync,114,E:\monodepth_project\data\kitti\2011_09_26\2011_09_26_drive_0013_sync\image_02\data\0000000114.png,E:\monodepth_project\data\kitti\2011_09_26\2011_09_26_drive_0013_sync\velodyne_points\data\0000000114.bin,True,True,375,1242,124340,val,E:\monodepth_project\data\kitti\depth_maps\2011_09_26_2011_09_26_drive_0013_sync_114.npy
2011_09_26,2011_09_26_drive_0013_sync,115,E:\monodepth_project\data\kitti\2011_09_26\2011_09_26_drive_0013_sync\image_02\data\0000000115.png,E:\monodepth_project\data\kitti\2011_09_26\2011_09_26_drive_0013_sync\velodyne_points\data\0000000115.bin,True,True,375,1242,124424,val,E:\monodepth_project\data\kitti\depth_maps\2011_09_26_2011_09_26_drive_0013_sync_115.npy
2011_09_26,2011_09_26_drive_0013_sync,116,E:\monodepth_project\data\kitti\2011_09_26\2011_09_26_drive_0013_sync\image_02\data\0000000116.png,E:\monodepth_project\data\kitti\2011_09_26\2011_09_26_drive_0013_sync\velodyne_points\data\0000000116.bin,True,True,375,1242,124469,val,E:\monodepth_project\data\kitti\depth_maps\2011_09_26_2011_09_26_drive_0013_sync_116.npy
2011_09_26,2011_09_26_drive_0013_sync,117,E:\monodepth_project\data\kitti\2011_09_26\2011_09_26_drive_0013_sync\image_02\data\0000000117.png,E:\monodepth_project\data\kitti\2011_09_26\2011_09_26_drive_0013_sync\velodyne_points\data\0000000117.bin,True,True,375,1242,124388,val,E:\monodepth_project\data\kitti\depth_maps\2011_09_26_2011_09_26_drive_0013_sync_117.npy
2011_09_26,2011_09_26_drive_0013_sync,118,E:\monodepth_project\data\kitti\2011_09_26\2011_09_26_drive_0013_sync\image_02\data\0000000118.png,E:\monodepth_project\data\kitti\2011_09_26\2011_09_26_drive_0013_sync\velodyne_points\data\0000000118.bin,True,True,375,1242,124394,val,E:\monodepth_project\data\kitti\depth_maps\2011_09_26_2011_09_26_drive_0013_sync_118.npy
2011_09_26,2011_09_26_drive_0013_sync,119,E:\monodepth_project\data\kitti\2011_09_26\2011_09_26_drive_0013_sync\image_02\data\0000000119.png,E:\monodepth_project\data\kitti\2011_09_26\2011_09_26_drive_0013_sync\velodyne_points\data\0000000119.bin,True,True,375,1242,124544,val,E:\monodepth_project\data\kitti\depth_maps\2011_09_26_2011_09_26_drive_0013_sync_119.npy
2011_09_26,2011_09_26_drive_0013_sync,120,E:\monodepth_project\data\kitti\2011_09_26\2011_09_26_drive_0013_sync\image_02\data\0000000120.png,E:\monodepth_project\data\kitti\2011_09_26\2011_09_26_drive_0013_sync\velodyne_points\data\0000000120.bin,True,True,375,1242,124465,val,E:\monodepth_project\data\kitti\depth_maps\2011_09_26_2011_09_26_drive_0013_sync_120.npy
2011_09_26,2011_09_26_drive_0013_sync,121,E:\monodepth_project\data\kitti\2011_09_26\2011_09_26_drive_0013_sync\image_02\data\0000000121.png,E:\monodepth_project\data\kitti\2011_09_26\2011_09_26_drive_0013_sync\velodyne_points\data\0000000121.bin,True,True,375,1242,124154,val,E:\monodepth_project\data\kitti\depth_maps\2011_09_26_2011_09_26_drive_0013_sync_121.npy
2011_09_26,2011_09_26_drive_0013_sync,122,E:\monodepth_project\data\kitti\2011_09_26\2011_09_26_drive_0013_sync\image_02\data\0000000122.png,E:\monodepth_project\data\kitti\2011_09_26\2011_09_26_drive_0013_sync\velodyne_points\data\0000000122.bin,True,True,375,1242,124206,val,E:\monodepth_project\data\kitti\depth_maps\2011_09_26_2011_09_26_drive_0013_sync_122.npy
2011_09_26,2011_09_26_drive_0013_sync,123,E:\monodepth_project\data\kitti\2011_09_26\2011_09_26_drive_0013_sync\image_02\data\0000000123.png,E:\monodepth_project\data\kitti\2011_09_26\2011_09_26_drive_0013_sync\velodyne_points\data\0000000123.bin,True,True,375,1242,124232,val,E:\monodepth_project\data\kitti\depth_maps\2011_09_26_2011_09_26_drive_0013_sync_123.npy
2011_09_26,2011_09_26_drive_0013_sync,124,E:\monodepth_project\data\kitti\2011_09_26\2011_09_26_drive_0013_sync\image_02\data\0000000124.png,E:\monodepth_project\data\kitti\2011_09_26\2011_09_26_drive_0013_sync\velodyne_points\data\0000000124.bin,True,True,375,1242,124198,val,E:\monodepth_project\data\kitti\depth_maps\2011_09_26_2011_09_26_drive_0013_sync_124.npy
2011_09_26,2011_09_26_drive_0013_sync,125,E:\monodepth_project\data\kitti\2011_09_26\2011_09_26_drive_0013_sync\image_02\data\0000000125.png,E:\monodepth_project\data\kitti\2011_09_26\2011_09_26_drive_0013_sync\velodyne_points\data\0000000125.bin,True,True,375,1242,124166,val,E:\monodepth_project\data\kitti\depth_maps\2011_09_26_2011_09_26_drive_0013_sync_125.npy
2011_09_26,2011_09_26_drive_0013_sync,126,E:\monodepth_project\data\kitti\2011_09_26\2011_09_26_drive_0013_sync\image_02\data\0000000126.png,E:\monodepth_project\data\kitti\2011_09_26\2011_09_26_drive_0013_sync\velodyne_points\data\0000000126.bin,True,True,375,1242,123937,val,E:\monodepth_project\data\kitti\depth_maps\2011_09_26_2011_09_26_drive_0013_sync_126.npy
2011_09_26,2011_09_26_drive_0013_sync,127,E:\monodepth_project\data\kitti\2011_09_26\2011_09_26_drive_0013_sync\image_02\data\0000000127.png,E:\monodepth_project\data\kitti\2011_09_26\2011_09_26_drive_0013_sync\velodyne_points\data\0000000127.bin,True,True,375,1242,123789,val,E:\monodepth_project\data\kitti\depth_maps\2011_09_26_2011_09_26_drive_0013_sync_127.npy
2011_09_26,2011_09_26_drive_0013_sync,128,E:\monodepth_project\data\kitti\2011_09_26\2011_09_26_drive_0013_sync\image_02\data\0000000128.png,E:\monodepth_project\data\kitti\2011_09_26\2011_09_26_drive_0013_sync\velodyne_points\data\0000000128.bin,True,True,375,1242,123697,val,E:\monodepth_project\data\kitti\depth_maps\2011_09_26_2011_09_26_drive_0013_sync_128.npy
2011_09_26,2011_09_26_drive_0013_sync,129,E:\monodepth_project\data\kitti\2011_09_26\2011_09_26_drive_0013_sync\image_02\data\0000000129.png,E:\monodepth_project\data\kitti\2011_09_26\2011_09_26_drive_0013_sync\velodyne_points\data\0000000129.bin,True,True,375,1242,123303,val,E:\monodepth_project\data\kitti\depth_maps\2011_09_26_2011_09_26_drive_0013_sync_129.npy
2011_09_26,2011_09_26_drive_0013_sync,130,E:\monodepth_project\data\kitti\2011_09_26\2011_09_26_drive_0013_sync\image_02\data\0000000130.png,E:\monodepth_project\data\kitti\2011_09_26\2011_09_26_drive_0013_sync\velodyne_points\data\0000000130.bin,True,True,375,1242,123189,val,E:\monodepth_project\data\kitti\depth_maps\2011_09_26_2011_09_26_drive_0013_sync_130.npy
2011_09_26,2011_09_26_drive_0013_sync,131,E:\monodepth_project\data\kitti\2011_09_26\2011_09_26_drive_0013_sync\image_02\data\0000000131.png,E:\monodepth_project\data\kitti\2011_09_26\2011_09_26_drive_0013_sync\velodyne_points\data\0000000131.bin,True,True,375,1242,123073,val,E:\monodepth_project\data\kitti\depth_maps\2011_09_26_2011_09_26_drive_0013_sync_131.npy
2011_09_26,2011_09_26_drive_0013_sync,132,E:\monodepth_project\data\kitti\2011_09_26\2011_09_26_drive_0013_sync\image_02\data\0000000132.png,E:\monodepth_project\data\kitti\2011_09_26\2011_09_26_drive_0013_sync\velodyne_points\data\0000000132.bin,True,True,375,1242,123233,val,E:\monodepth_project\data\kitti\depth_maps\2011_09_26_2011_09_26_drive_0013_sync_132.npy
2011_09_26,2011_09_26_drive_0013_sync,133,E:\monodepth_project\data\kitti\2011_09_26\2011_09_26_drive_0013_sync\image_02\data\0000000133.png,E:\monodepth_project\data\kitti\2011_09_26\2011_09_26_drive_0013_sync\velodyne_points\data\0000000133.bin,True,True,375,1242,123155,val,E:\monodepth_project\data\kitti\depth_maps\2011_09_26_2011_09_26_drive_0013_sync_133.npy
2011_09_26,2011_09_26_drive_0013_sync,134,E:\monodepth_project\data\kitti\2011_09_26\2011_09_26_drive_0013_sync\image_02\data\0000000134.png,E:\monodepth_project\data\kitti\2011_09_26\2011_09_26_drive_0013_sync\velodyne_points\data\0000000134.bin,True,True,375,1242,123342,val,E:\monodepth_project\data\kitti\depth_maps\2011_09_26_2011_09_26_drive_0013_sync_134.npy
2011_09_26,2011_09_26_drive_0013_sync,135,E:\monodepth_project\data\kitti\2011_09_26\2011_09_26_drive_0013_sync\image_02\data\0000000135.png,E:\monodepth_project\data\kitti\2011_09_26\2011_09_26_drive_0013_sync\velodyne_points\data\0000000135.bin,True,True,375,1242,123530,val,E:\monodepth_project\data\kitti\depth_maps\2011_09_26_2011_09_26_drive_0013_sync_135.npy
2011_09_26,2011_09_26_drive_0013_sync,136,E:\monodepth_project\data\kitti\2011_09_26\2011_09_26_drive_0013_sync\image_02\data\0000000136.png,E:\monodepth_project\data\kitti\2011_09_26\2011_09_26_drive_0013_sync\velodyne_points\data\0000000136.bin,True,True,375,1242,123666,val,E:\monodepth_project\data\kitti\depth_maps\2011_09_26_2011_09_26_drive_0013_sync_136.npy
2011_09_26,2011_09_26_drive_0013_sync,137,E:\monodepth_project\data\kitti\2011_09_26\2011_09_26_drive_0013_sync\image_02\data\0000000137.png,E:\monodepth_project\data\kitti\2011_09_26\2011_09_26_drive_0013_sync\velodyne_points\data\0000000137.bin,True,True,375,1242,123918,val,E:\monodepth_project\data\kitti\depth_maps\2011_09_26_2011_09_26_drive_0013_sync_137.npy
2011_09_26,2011_09_26_drive_0013_sync,138,E:\monodepth_project\data\kitti\2011_09_26\2011_09_26_drive_0013_sync\image_02\data\0000000138.png,E:\monodepth_project\data\kitti\2011_09_26\2011_09_26_drive_0013_sync\velodyne_points\data\0000000138.bin,True,True,375,1242,123949,val,E:\monodepth_project\data\kitti\depth_maps\2011_09_26_2011_09_26_drive_0013_sync_138.npy
2011_09_26,2011_09_26_drive_0013_sync,139,E:\monodepth_project\data\kitti\2011_09_26\2011_09_26_drive_0013_sync\image_02\data\0000000139.png,E:\monodepth_project\data\kitti\2011_09_26\2011_09_26_drive_0013_sync\velodyne_points\data\0000000139.bin,True,True,375,1242,123796,val,E:\monodepth_project\data\kitti\depth_maps\2011_09_26_2011_09_26_drive_0013_sync_139.npy
2011_09_26,2011_09_26_drive_0013_sync,140,E:\monodepth_project\data\kitti\2011_09_26\2011_09_26_drive_0013_sync\image_02\data\0000000140.png,E:\monodepth_project\data\kitti\2011_09_26\2011_09_26_drive_0013_sync\velodyne_points\data\0000000140.bin,True,True,375,1242,123777,val,E:\monodepth_project\data\kitti\depth_maps\2011_09_26_2011_09_26_drive_0013_sync_140.npy
2011_09_26,2011_09_26_drive_0013_sync,141,E:\monodepth_project\data\kitti\2011_09_26\2011_09_26_drive_0013_sync\image_02\data\0000000141.png,E:\monodepth_project\data\kitti\2011_09_26\2011_09_26_drive_0013_sync\velodyne_points\data\0000000141.bin,True,True,375,1242,123786,val,E:\monodepth_project\data\kitti\depth_maps\2011_09_26_2011_09_26_drive_0013_sync_141.npy
2011_09_26,2011_09_26_drive_0013_sync,142,E:\monodepth_project\data\kitti\2011_09_26\2011_09_26_drive_0013_sync\image_02\data\0000000142.png,E:\monodepth_project\data\kitti\2011_09_26\2011_09_26_drive_0013_sync\velodyne_points\data\0000000142.bin,True,True,375,1242,123795,val,E:\monodepth_project\data\kitti\depth_maps\2011_09_26_2011_09_26_drive_0013_sync_142.npy
2011_09_26,2011_09_26_drive_0013_sync,143,E:\monodepth_project\data\kitti\2011_09_26\2011_09_26_drive_0013_sync\image_02\data\0000000143.png,E:\monodepth_project\data\kitti\2011_09_26\2011_09_26_drive_0013_sync\velodyne_points\data\0000000143.bin,True,True,375,1242,112484,val,E:\monodepth_project\data\kitti\depth_maps\2011_09_26_2011_09_26_drive_0013_sync_143.npy
2011_09_26,2011_09_26_drive_0014_sync,0,E:\monodepth_project\data\kitti\2011_09_26\2011_09_26_drive_0014_sync\image_02\data\0000000000.png,E:\monodepth_project\data\kitti\2011_09_26\2011_09_26_drive_0014_sync\velodyne_points\data\0000000000.bin,True,True,375,1242,123680,val,E:\monodepth_project\data\kitti\depth_maps\2011_09_26_2011_09_26_drive_0014_sync_0.npy
2011_09_26,2011_09_26_drive_0014_sync,1,E:\monodepth_project\data\kitti\2011_09_26\2011_09_26_drive_0014_sync\image_02\data\0000000001.png,E:\monodepth_project\data\kitti\2011_09_26\2011_09_26_drive_0014_sync\velodyne_points\data\0000000001.bin,True,True,375,1242,123643,val,E:\monodepth_project\data\kitti\depth_maps\2011_09_26_2011_09_26_drive_0014_sync_1.npy
2011_09_26,2011_09_26_drive_0014_sync,2,E:\monodepth_project\data\kitti\2011_09_26\2011_09_26_drive_0014_sync\image_02\data\0000000002.png,E:\monodepth_project\data\kitti\2011_09_26\2011_09_26_drive_0014_sync\velodyne_points\data\0000000002.bin,True,True,375,1242,123759,val,E:\monodepth_project\data\kitti\depth_maps\2011_09_26_2011_09_26_drive_0014_sync_2.npy
2011_09_26,2011_09_26_drive_0014_sync,3,E:\monodepth_project\data\kitti\2011_09_26\2011_09_26_drive_0014_sync\image_02\data\0000000003.png,E:\monodepth_project\data\kitti\2011_09_26\2011_09_26_drive_0014_sync\velodyne_points\data\0000000003.bin,True,True,375,1242,123843,val,E:\monodepth_project\data\kitti\depth_maps\2011_09_26_2011_09_26_drive_0014_sync_3.npy
2011_09_26,2011_09_26_drive_0014_sync,4,E:\monodepth_project\data\kitti\2011_09_26\2011_09_26_drive_0014_sync\image_02\data\0000000004.png,E:\monodepth_project\data\kitti\2011_09_26\2011_09_26_drive_0014_sync\velodyne_points\data\0000000004.bin,True,True,375,1242,123695,val,E:\monodepth_project\data\kitti\depth_maps\2011_09_26_2011_09_26_drive_0014_sync_4.npy
2011_09_26,2011_09_26_drive_0014_sync,5,E:\monodepth_project\data\kitti\2011_09_26\2011_09_26_drive_0014_sync\image_02\data\0000000005.png,E:\monodepth_project\data\kitti\2011_09_26\2011_09_26_drive_0014_sync\velodyne_points\data\0000000005.bin,True,True,375,1242,123668,val,E:\monodepth_project\data\kitti\depth_maps\2011_09_26_2011_09_26_drive_0014_sync_5.npy
2011_09_26,2011_09_26_drive_0014_sync,6,E:\monodepth_project\data\kitti\2011_09_26\2011_09_26_drive_0014_sync\image_02\data\0000000006.png,E:\monodepth_project\data\kitti\2011_09_26\2011_09_26_drive_0014_sync\velodyne_points\data\0000000006.bin,True,True,375,1242,123618,val,E:\monodepth_project\data\kitti\depth_maps\2011_09_26_2011_09_26_drive_0014_sync_6.npy
2011_09_26,2011_09_26_drive_0014_sync,7,E:\monodepth_project\data\kitti\2011_09_26\2011_09_26_drive_0014_sync\image_02\data\0000000007.png,E:\monodepth_project\data\kitti\2011_09_26\2011_09_26_drive_0014_sync\velodyne_points\data\0000000007.bin,True,True,375,1242,123316,val,E:\monodepth_project\data\kitti\depth_maps\2011_09_26_2011_09_26_drive_0014_sync_7.npy
2011_09_26,2011_09_26_drive_0014_sync,8,E:\monodepth_project\data\kitti\2011_09_26\2011_09_26_drive_0014_sync\image_02\data\0000000008.png,E:\monodepth_project\data\kitti\2011_09_26\2011_09_26_drive_0014_sync\velodyne_points\data\0000000008.bin,True,True,375,1242,123051,val,E:\monodepth_project\data\kitti\depth_maps\2011_09_26_2011_09_26_drive_0014_sync_8.npy
2011_09_26,2011_09_26_drive_0014_sync,9,E:\monodepth_project\data\kitti\2011_09_26\2011_09_26_drive_0014_sync\image_02\data\0000000009.png,E:\monodepth_project\data\kitti\2011_09_26\2011_09_26_drive_0014_sync\velodyne_points\data\0000000009.bin,True,True,375,1242,122879,val,E:\monodepth_project\data\kitti\depth_maps\2011_09_26_2011_09_26_drive_0014_sync_9.npy
2011_09_26,2011_09_26_drive_0014_sync,10,E:\monodepth_project\data\kitti\2011_09_26\2011_09_26_drive_0014_sync\image_02\data\0000000010.png,E:\monodepth_project\data\kitti\2011_09_26\2011_09_26_drive_0014_sync\velodyne_points\data\0000000010.bin,True,True,375,1242,122966,val,E:\monodepth_project\data\kitti\depth_maps\2011_09_26_2011_09_26_drive_0014_sync_10.npy
2011_09_26,2011_09_26_drive_0014_sync,11,E:\monodepth_project\data\kitti\2011_09_26\2011_09_26_drive_0014_sync\image_02\data\0000000011.png,E:\monodepth_project\data\kitti\2011_09_26\2011_09_26_drive_0014_sync\velodyne_points\data\0000000011.bin,True,True,375,1242,122722,val,E:\monodepth_project\data\kitti\depth_maps\2011_09_26_2011_09_26_drive_0014_sync_11.npy
2011_09_26,2011_09_26_drive_0014_sync,12,E:\monodepth_project\data\kitti\2011_09_26\2011_09_26_drive_0014_sync\image_02\data\0000000012.png,E:\monodepth_project\data\kitti\2011_09_26\2011_09_26_drive_0014_sync\velodyne_points\data\0000000012.bin,True,True,375,1242,122804,val,E:\monodepth_project\data\kitti\depth_maps\2011_09_26_2011_09_26_drive_0014_sync_12.npy
2011_09_26,2011_09_26_drive_0014_sync,13,E:\monodepth_project\data\kitti\2011_09_26\2011_09_26_drive_0014_sync\image_02\data\0000000013.png,E:\monodepth_project\data\kitti\2011_09_26\2011_09_26_drive_0014_sync\velodyne_points\data\0000000013.bin,True,True,375,1242,122747,val,E:\monodepth_project\data\kitti\depth_maps\2011_09_26_2011_09_26_drive_0014_sync_13.npy
2011_09_26,2011_09_26_drive_0014_sync,14,E:\monodepth_project\data\kitti\2011_09_26\2011_09_26_drive_0014_sync\image_02\data\0000000014.png,E:\monodepth_project\data\kitti\2011_09_26\2011_09_26_drive_0014_sync\velodyne_points\data\0000000014.bin,True,True,375,1242,122802,val,E:\monodepth_project\data\kitti\depth_maps\2011_09_26_2011_09_26_drive_0014_sync_14.npy
2011_09_26,2011_09_26_drive_0014_sync,15,E:\monodepth_project\data\kitti\2011_09_26\2011_09_26_drive_0014_sync\image_02\data\0000000015.png,E:\monodepth_project\data\kitti\2011_09_26\2011_09_26_drive_0014_sync\velodyne_points\data\0000000015.bin,True,True,375,1242,122826,val,E:\monodepth_project\data\kitti\depth_maps\2011_09_26_2011_09_26_drive_0014_sync_15.npy
2011_09_26,2011_09_26_drive_0014_sync,16,E:\monodepth_project\data\kitti\2011_09_26\2011_09_26_drive_0014_sync\image_02\data\0000000016.png,E:\monodepth_project\data\kitti\2011_09_26\2011_09_26_drive_0014_sync\velodyne_points\data\0000000016.bin,True,True,375,1242,122740,val,E:\monodepth_project\data\kitti\depth_maps\2011_09_26_2011_09_26_drive_0014_sync_16.npy
2011_09_26,2011_09_26_drive_0014_sync,17,E:\monodepth_project\data\kitti\2011_09_26\2011_09_26_drive_0014_sync\image_02\data\0000000017.png,E:\monodepth_project\data\kitti\2011_09_26\2011_09_26_drive_0014_sync\velodyne_points\data\0000000017.bin,True,True,375,1242,122383,val,E:\monodepth_project\data\kitti\depth_maps\2011_09_26_2011_09_26_drive_0014_sync_17.npy
2011_09_26,2011_09_26_drive_0014_sync,18,E:\monodepth_project\data\kitti\2011_09_26\2011_09_26_drive_0014_sync\image_02\data\0000000018.png,E:\monodepth_project\data\kitti\2011_09_26\2011_09_26_drive_0014_sync\velodyne_points\data\0000000018.bin,True,True,375,1242,122446,val,E:\monodepth_project\data\kitti\depth_maps\2011_09_26_2011_09_26_drive_0014_sync_18.npy
2011_09_26,2011_09_26_drive_0014_sync,19,E:\monodepth_project\data\kitti\2011_09_26\2011_09_26_drive_0014_sync\image_02\data\0000000019.png,E:\monodepth_project\data\kitti\2011_09_26\2011_09_26_drive_0014_sync\velodyne_points\data\0000000019.bin,True,True,375,1242,122443,val,E:\monodepth_project\data\kitti\depth_maps\2011_09_26_2011_09_26_drive_0014_sync_19.npy
2011_09_26,2011_09_26_drive_0014_sync,20,E:\monodepth_project\data\kitti\2011_09_26\2011_09_26_drive_0014_sync\image_02\data\0000000020.png,E:\monodepth_project\data\kitti\2011_09_26\2011_09_26_drive_0014_sync\velodyne_points\data\0000000020.bin,True,True,375,1242,122588,val,E:\monodepth_project\data\kitti\depth_maps\2011_09_26_2011_09_26_drive_0014_sync_20.npy
2011_09_26,2011_09_26_drive_0014_sync,21,E:\monodepth_project\data\kitti\2011_09_26\2011_09_26_drive_0014_sync\image_02\data\0000000021.png,E:\monodepth_project\data\kitti\2011_09_26\2011_09_26_drive_0014_sync\velodyne_points\data\0000000021.bin,True,True,375,1242,122507,val,E:\monodepth_project\data\kitti\depth_maps\2011_09_26_2011_09_26_drive_0014_sync_21.npy
2011_09_26,2011_09_26_drive_0014_sync,22,E:\monodepth_project\data\kitti\2011_09_26\2011_09_26_drive_0014_sync\image_02\data\0000000022.png,E:\monodepth_project\data\kitti\2011_09_26\2011_09_26_drive_0014_sync\velodyne_points\data\0000000022.bin,True,True,375,1242,122667,val,E:\monodepth_project\data\kitti\depth_maps\2011_09_26_2011_09_26_drive_0014_sync_22.npy
2011_09_26,2011_09_26_drive_0014_sync,23,E:\monodepth_project\data\kitti\2011_09_26\2011_09_26_drive_0014_sync\image_02\data\0000000023.png,E:\monodepth_project\data\kitti\2011_09_26\2011_09_26_drive_0014_sync\velodyne_points\data\0000000023.bin,True,True,375,1242,122483,val,E:\monodepth_project\data\kitti\depth_maps\2011_09_26_2011_09_26_drive_0014_sync_23.npy
2011_09_26,2011_09_26_drive_0014_sync,24,E:\monodepth_project\data\kitti\2011_09_26\2011_09_26_drive_0014_sync\image_02\data\0000000024.png,E:\monodepth_project\data\kitti\2011_09_26\2011_09_26_drive_0014_sync\velodyne_points\data\0000000024.bin,True,True,375,1242,122551,val,E:\monodepth_project\data\kitti\depth_maps\2011_09_26_2011_09_26_drive_0014_sync_24.npy
2011_09_26,2011_09_26_drive_0014_sync,25,E:\monodepth_project\data\kitti\2011_09_26\2011_09_26_drive_0014_sync\image_02\data\0000000025.png,E:\monodepth_project\data\kitti\2011_09_26\2011_09_26_drive_0014_sync\velodyne_points\data\0000000025.bin,True,True,375,1242,122516,val,E:\monodepth_project\data\kitti\depth_maps\2011_09_26_2011_09_26_drive_0014_sync_25.npy
2011_09_26,2011_09_26_drive_0014_sync,26,E:\monodepth_project\data\kitti\2011_09_26\2011_09_26_drive_0014_sync\image_02\data\0000000026.png,E:\monodepth_project\data\kitti\2011_09_26\2011_09_26_drive_0014_sync\velodyne_points\data\0000000026.bin,True,True,375,1242,122521,val,E:\monodepth_project\data\kitti\depth_maps\2011_09_26_2011_09_26_drive_0014_sync_26.npy
2011_09_26,2011_09_26_drive_0014_sync,27,E:\monodepth_project\data\kitti\2011_09_26\2011_09_26_drive_0014_sync\image_02\data\0000000027.png,E:\monodepth_project\data\kitti\2011_09_26\2011_09_26_drive_0014_sync\velodyne_points\data\0000000027.bin,True,True,375,1242,122437,val,E:\monodepth_project\data\kitti\depth_maps\2011_09_26_2011_09_26_drive_0014_sync_27.npy
2011_09_26,2011_09_26_drive_0014_sync,28,E:\monodepth_project\data\kitti\2011_09_26\2011_09_26_drive_0014_sync\image_02\data\0000000028.png,E:\monodepth_project\data\kitti\2011_09_26\2011_09_26_drive_0014_sync\velodyne_points\data\0000000028.bin,True,True,375,1242,122196,val,E:\monodepth_project\data\kitti\depth_maps\2011_09_26_2011_09_26_drive_0014_sync_28.npy
2011_09_26,2011_09_26_drive_0014_sync,29,E:\monodepth_project\data\kitti\2011_09_26\2011_09_26_drive_0014_sync\image_02\data\0000000029.png,E:\monodepth_project\data\kitti\2011_09_26\2011_09_26_drive_0014_sync\velodyne_points\data\0000000029.bin,True,True,375,1242,122140,val,E:\monodepth_project\data\kitti\depth_maps\2011_09_26_2011_09_26_drive_0014_sync_29.npy
2011_09_26,2011_09_26_drive_0014_sync,30,E:\monodepth_project\data\kitti\2011_09_26\2011_09_26_drive_0014_sync\image_02\data\0000000030.png,E:\monodepth_project\data\kitti\2011_09_26\2011_09_26_drive_0014_sync\velodyne_points\data\0000000030.bin,True,True,375,1242,122101,val,E:\monodepth_project\data\kitti\depth_maps\2011_09_26_2011_09_26_drive_0014_sync_30.npy
2011_09_26,2011_09_26_drive_0014_sync,31,E:\monodepth_project\data\kitti\2011_09_26\2011_09_26_drive_0014_sync\image_02\data\0000000031.png,E:\monodepth_project\data\kitti\2011_09_26\2011_09_26_drive_0014_sync\velodyne_points\data\0000000031.bin,True,True,375,1242,121901,val,E:\monodepth_project\data\kitti\depth_maps\2011_09_26_2011_09_26_drive_0014_sync_31.npy
2011_09_26,2011_09_26_drive_0014_sync,32,E:\monodepth_project\data\kitti\2011_09_26\2011_09_26_drive_0014_sync\image_02\data\0000000032.png,E:\monodepth_project\data\kitti\2011_09_26\2011_09_26_drive_0014_sync\velodyne_points\data\0000000032.bin,True,True,375,1242,121994,val,E:\monodepth_project\data\kitti\depth_maps\2011_09_26_2011_09_26_drive_0014_sync_32.npy
2011_09_26,2011_09_26_drive_0014_sync,33,E:\monodepth_project\data\kitti\2011_09_26\2011_09_26_drive_0014_sync\image_02\data\0000000033.png,E:\monodepth_project\data\kitti\2011_09_26\2011_09_26_drive_0014_sync\velodyne_points\data\0000000033.bin,True,True,375,1242,121914,val,E:\monodepth_project\data\kitti\depth_maps\2011_09_26_2011_09_26_drive_0014_sync_33.npy
2011_09_26,2011_09_26_drive_0014_sync,34,E:\monodepth_project\data\kitti\2011_09_26\2011_09_26_drive_0014_sync\image_02\data\0000000034.png,E:\monodepth_project\data\kitti\2011_09_26\2011_09_26_drive_0014_sync\velodyne_points\data\0000000034.bin,True,True,375,1242,121870,val,E:\monodepth_project\data\kitti\depth_maps\2011_09_26_2011_09_26_drive_0014_sync_34.npy
2011_09_26,2011_09_26_drive_0014_sync,35,E:\monodepth_project\data\kitti\2011_09_26\2011_09_26_drive_0014_sync\image_02\data\0000000035.png,E:\monodepth_project\data\kitti\2011_09_26\2011_09_26_drive_0014_sync\velodyne_points\data\0000000035.bin,True,True,375,1242,121704,val,E:\monodepth_project\data\kitti\depth_maps\2011_09_26_2011_09_26_drive_0014_sync_35.npy
2011_09_26,2011_09_26_drive_0014_sync,36,E:\monodepth_project\data\kitti\2011_09_26\2011_09_26_drive_0014_sync\image_02\data\0000000036.png,E:\monodepth_project\data\kitti\2011_09_26\2011_09_26_drive_0014_sync\velodyne_points\data\0000000036.bin,True,True,375,1242,121433,val,E:\monodepth_project\data\kitti\depth_maps\2011_09_26_2011_09_26_drive_0014_sync_36.npy
2011_09_26,2011_09_26_drive_0014_sync,37,E:\monodepth_project\data\kitti\2011_09_26\2011_09_26_drive_0014_sync\image_02\data\0000000037.png,E:\monodepth_project\data\kitti\2011_09_26\2011_09_26_drive_0014_sync\velodyne_points\data\0000000037.bin,True,True,375,1242,121334,val,E:\monodepth_project\data\kitti\depth_maps\2011_09_26_2011_09_26_drive_0014_sync_37.npy
2011_09_26,2011_09_26_drive_0014_sync,38,E:\monodepth_project\data\kitti\2011_09_26\2011_09_26_drive_0014_sync\image_02\data\0000000038.png,E:\monodepth_project\data\kitti\2011_09_26\2011_09_26_drive_0014_sync\velodyne_points\data\0000000038.bin,True,True,375,1242,121257,val,E:\monodepth_project\data\kitti\depth_maps\2011_09_26_2011_09_26_drive_0014_sync_38.npy
2011_09_26,2011_09_26_drive_0014_sync,39,E:\monodepth_project\data\kitti\2011_09_26\2011_09_26_drive_0014_sync\image_02\data\0000000039.png,E:\monodepth_project\data\kitti\2011_09_26\2011_09_26_drive_0014_sync\velodyne_points\data\0000000039.bin,True,True,375,1242,121150,val,E:\monodepth_project\data\kitti\depth_maps\2011_09_26_2011_09_26_drive_0014_sync_39.npy
2011_09_26,2011_09_26_drive_0014_sync,40,E:\monodepth_project\data\kitti\2011_09_26\2011_09_26_drive_0014_sync\image_02\data\0000000040.png,E:\monodepth_project\data\kitti\2011_09_26\2011_09_26_drive_0014_sync\velodyne_points\data\0000000040.bin,True,True,375,1242,120989,val,E:\monodepth_project\data\kitti\depth_maps\2011_09_26_2011_09_26_drive_0014_sync_40.npy
2011_09_26,2011_09_26_drive_0014_sync,41,E:\monodepth_project\data\kitti\2011_09_26\2011_09_26_drive_0014_sync\image_02\data\0000000041.png,E:\monodepth_project\data\kitti\2011_09_26\2011_09_26_drive_0014_sync\velodyne_points\data\0000000041.bin,True,True,375,1242,121115,val,E:\monodepth_project\data\kitti\depth_maps\2011_09_26_2011_09_26_drive_0014_sync_41.npy
2011_09_26,2011_09_26_drive_0014_sync,42,E:\monodepth_project\data\kitti\2011_09_26\2011_09_26_drive_0014_sync\image_02\data\0000000042.png,E:\monodepth_project\data\kitti\2011_09_26\2011_09_26_drive_0014_sync\velodyne_points\data\0000000042.bin,True,True,375,1242,121175,val,E:\monodepth_project\data\kitti\depth_maps\2011_09_26_2011_09_26_drive_0014_sync_42.npy
2011_09_26,2011_09_26_drive_0014_sync,43,E:\monodepth_project\data\kitti\2011_09_26\2011_09_26_drive_0014_sync\image_02\data\0000000043.png,E:\monodepth_project\data\kitti\2011_09_26\2011_09_26_drive_0014_sync\velodyne_points\data\0000000043.bin,True,True,375,1242,121401,val,E:\monodepth_project\data\kitti\depth_maps\2011_09_26_2011_09_26_drive_0014_sync_43.npy
2011_09_26,2011_09_26_drive_0014_sync,44,E:\monodepth_project\data\kitti\2011_09_26\2011_09_26_drive_0014_sync\image_02\data\0000000044.png,E:\monodepth_project\data\kitti\2011_09_26\2011_09_26_drive_0014_sync\velodyne_points\data\0000000044.bin,True,True,375,1242,121435,val,E:\monodepth_project\data\kitti\depth_maps\2011_09_26_2011_09_26_drive_0014_sync_44.npy
2011_09_26,2011_09_26_drive_0014_sync,45,E:\monodepth_project\data\kitti\2011_09_26\2011_09_26_drive_0014_sync\image_02\data\0000000045.png,E:\monodepth_project\data\kitti\2011_09_26\2011_09_26_drive_0014_sync\velodyne_points\data\0000000045.bin,True,True,375,1242,121435,val,E:\monodepth_project\data\kitti\depth_maps\2011_09_26_2011_09_26_drive_0014_sync_45.npy
2011_09_26,2011_09_26_drive_0014_sync,46,E:\monodepth_project\data\kitti\2011_09_26\2011_09_26_drive_0014_sync\image_02\data\0000000046.png,E:\monodepth_project\data\kitti\2011_09_26\2011_09_26_drive_0014_sync\velodyne_points\data\0000000046.bin,True,True,375,1242,121555,val,E:\monodepth_project\data\kitti\depth_maps\2011_09_26_2011_09_26_drive_0014_sync_46.npy
2011_09_26,2011_09_26_drive_0014_sync,47,E:\monodepth_project\data\kitti\2011_09_26\2011_09_26_drive_0014_sync\image_02\data\0000000047.png,E:\monodepth_project\data\kitti\2011_09_26\2011_09_26_drive_0014_sync\velodyne_points\data\0000000047.bin,True,True,375,1242,121959,val,E:\monodepth_project\data\kitti\depth_maps\2011_09_26_2011_09_26_drive_0014_sync_47.npy
2011_09_26,2011_09_26_drive_0014_sync,48,E:\monodepth_project\data\kitti\2011_09_26\2011_09_26_drive_0014_sync\image_02\data\0000000048.png,E:\monodepth_project\data\kitti\2011_09_26\2011_09_26_drive_0014_sync\velodyne_points\data\0000000048.bin,True,True,375,1242,122115,val,E:\monodepth_project\data\kitti\depth_maps\2011_09_26_2011_09_26_drive_0014_sync_48.npy
2011_09_26,2011_09_26_drive_0014_sync,49,E:\monodepth_project\data\kitti\2011_09_26\2011_09_26_drive_0014_sync\image_02\data\0000000049.png,E:\monodepth_project\data\kitti\2011_09_26\2011_09_26_drive_0014_sync\velodyne_points\data\0000000049.bin,True,True,375,1242,122423,val,E:\monodepth_project\data\kitti\depth_maps\2011_09_26_2011_09_26_drive_0014_sync_49.npy
2011_09_26,2011_09_26_drive_0014_sync,50,E:\monodepth_project\data\kitti\2011_09_26\2011_09_26_drive_0014_sync\image_02\data\0000000050.png,E:\monodepth_project\data\kitti\2011_09_26\2011_09_26_drive_0014_sync\velodyne_points\data\0000000050.bin,True,True,375,1242,122676,val,E:\monodepth_project\data\kitti\depth_maps\2011_09_26_2011_09_26_drive_0014_sync_50.npy
2011_09_26,2011_09_26_drive_0014_sync,51,E:\monodepth_project\data\kitti\2011_09_26\2011_09_26_drive_0014_sync\image_02\data\0000000051.png,E:\monodepth_project\data\kitti\2011_09_26\2011_09_26_drive_0014_sync\velodyne_points\data\0000000051.bin,True,True,375,1242,122746,val,E:\monodepth_project\data\kitti\depth_maps\2011_09_26_2011_09_26_drive_0014_sync_51.npy
2011_09_26,2011_09_26_drive_0014_sync,52,E:\monodepth_project\data\kitti\2011_09_26\2011_09_26_drive_0014_sync\image_02\data\0000000052.png,E:\monodepth_project\data\kitti\2011_09_26\2011_09_26_drive_0014_sync\velodyne_points\data\0000000052.bin,True,True,375,1242,122678,val,E:\monodepth_project\data\kitti\depth_maps\2011_09_26_2011_09_26_drive_0014_sync_52.npy
2011_09_26,2011_09_26_drive_0014_sync,53,E:\monodepth_project\data\kitti\2011_09_26\2011_09_26_drive_0014_sync\image_02\data\0000000053.png,E:\monodepth_project\data\kitti\2011_09_26\2011_09_26_drive_0014_sync\velodyne_points\data\0000000053.bin,True,True,375,1242,122606,val,E:\monodepth_project\data\kitti\depth_maps\2011_09_26_2011_09_26_drive_0014_sync_53.npy
2011_09_26,2011_09_26_drive_0014_sync,54,E:\monodepth_project\data\kitti\2011_09_26\2011_09_26_drive_0014_sync\image_02\data\0000000054.png,E:\monodepth_project\data\kitti\2011_09_26\2011_09_26_drive_0014_sync\velodyne_points\data\0000000054.bin,True,True,375,1242,122489,val,E:\monodepth_project\data\kitti\depth_maps\2011_09_26_2011_09_26_drive_0014_sync_54.npy
2011_09_26,2011_09_26_drive_0014_sync,55,E:\monodepth_project\data\kitti\2011_09_26\2011_09_26_drive_0014_sync\image_02\data\0000000055.png,E:\monodepth_project\data\kitti\2011_09_26\2011_09_26_drive_0014_sync\velodyne_points\data\0000000055.bin,True,True,375,1242,122299,val,E:\monodepth_project\data\kitti\depth_maps\2011_09_26_2011_09_26_drive_0014_sync_55.npy
2011_09_26,2011_09_26_drive_0014_sync,56,E:\monodepth_project\data\kitti\2011_09_26\2011_09_26_drive_0014_sync\image_02\data\0000000056.png,E:\monodepth_project\data\kitti\2011_09_26\2011_09_26_drive_0014_sync\velodyne_points\data\0000000056.bin,True,True,375,1242,122130,val,E:\monodepth_project\data\kitti\depth_maps\2011_09_26_2011_09_26_drive_0014_sync_56.npy
2011_09_26,2011_09_26_drive_0014_sync,57,E:\monodepth_project\data\kitti\2011_09_26\2011_09_26_drive_0014_sync\image_02\data\0000000057.png,E:\monodepth_project\data\kitti\2011_09_26\2011_09_26_drive_0014_sync\velodyne_points\data\0000000057.bin,True,True,375,1242,122239,val,E:\monodepth_project\data\kitti\depth_maps\2011_09_26_2011_09_26_drive_0014_sync_57.npy
2011_09_26,2011_09_26_drive_0014_sync,58,E:\monodepth_project\data\kitti\2011_09_26\2011_09_26_drive_0014_sync\image_02\data\0000000058.png,E:\monodepth_project\data\kitti\2011_09_26\2011_09_26_drive_0014_sync\velodyne_points\data\0000000058.bin,True,True,375,1242,122008,val,E:\monodepth_project\data\kitti\depth_maps\2011_09_26_2011_09_26_drive_0014_sync_58.npy
2011_09_26,2011_09_26_drive_0014_sync,59,E:\monodepth_project\data\kitti\2011_09_26\2011_09_26_drive_0014_sync\image_02\data\0000000059.png,E:\monodepth_project\data\kitti\2011_09_26\2011_09_26_drive_0014_sync\velodyne_points\data\0000000059.bin,True,True,375,1242,121834,val,E:\monodepth_project\data\kitti\depth_maps\2011_09_26_2011_09_26_drive_0014_sync_59.npy
2011_09_26,2011_09_26_drive_0014_sync,60,E:\monodepth_project\data\kitti\2011_09_26\2011_09_26_drive_0014_sync\image_02\data\0000000060.png,E:\monodepth_project\data\kitti\2011_09_26\2011_09_26_drive_0014_sync\velodyne_points\data\0000000060.bin,True,True,375,1242,121568,val,E:\monodepth_project\data\kitti\depth_maps\2011_09_26_2011_09_26_drive_0014_sync_60.npy
2011_09_26,2011_09_26_drive_0014_sync,61,E:\monodepth_project\data\kitti\2011_09_26\2011_09_26_drive_0014_sync\image_02\data\0000000061.png,E:\monodepth_project\data\kitti\2011_09_26\2011_09_26_drive_0014_sync\velodyne_points\data\0000000061.bin,True,True,375,1242,121434,val,E:\monodepth_project\data\kitti\depth_maps\2011_09_26_2011_09_26_drive_0014_sync_61.npy
2011_09_26,2011_09_26_drive_0014_sync,62,E:\monodepth_project\data\kitti\2011_09_26\2011_09_26_drive_0014_sync\image_02\data\0000000062.png,E:\monodepth_project\data\kitti\2011_09_26\2011_09_26_drive_0014_sync\velodyne_points\data\0000000062.bin,True,True,375,1242,121131,val,E:\monodepth_project\data\kitti\depth_maps\2011_09_26_2011_09_26_drive_0014_sync_62.npy
2011_09_26,2011_09_26_drive_0014_sync,63,E:\monodepth_project\data\kitti\2011_09_26\2011_09_26_drive_0014_sync\image_02\data\0000000063.png,E:\monodepth_project\data\kitti\2011_09_26\2011_09_26_drive_0014_sync\velodyne_points\data\0000000063.bin,True,True,375,1242,120726,val,E:\monodepth_project\data\kitti\depth_maps\2011_09_26_2011_09_26_drive_0014_sync_63.npy
2011_09_26,2011_09_26_drive_0014_sync,64,E:\monodepth_project\data\kitti\2011_09_26\2011_09_26_drive_0014_sync\image_02\data\0000000064.png,E:\monodepth_project\data\kitti\2011_09_26\2011_09_26_drive_0014_sync\velodyne_points\data\0000000064.bin,True,True,375,1242,120630,val,E:\monodepth_project\data\kitti\depth_maps\2011_09_26_2011_09_26_drive_0014_sync_64.npy
2011_09_26,2011_09_26_drive_0014_sync,65,E:\monodepth_project\data\kitti\2011_09_26\2011_09_26_drive_0014_sync\image_02\data\0000000065.png,E:\monodepth_project\data\kitti\2011_09_26\2011_09_26_drive_0014_sync\velodyne_points\data\0000000065.bin,True,True,375,1242,120819,val,E:\monodepth_project\data\kitti\depth_maps\2011_09_26_2011_09_26_drive_0014_sync_65.npy
2011_09_26,2011_09_26_drive_0014_sync,66,E:\monodepth_project\data\kitti\2011_09_26\2011_09_26_drive_0014_sync\image_02\data\0000000066.png,E:\monodepth_project\data\kitti\2011_09_26\2011_09_26_drive_0014_sync\velodyne_points\data\0000000066.bin,True,True,375,1242,120883,val,E:\monodepth_project\data\kitti\depth_maps\2011_09_26_2011_09_26_drive_0014_sync_66.npy
2011_09_26,2011_09_26_drive_0014_sync,67,E:\monodepth_project\data\kitti\2011_09_26\2011_09_26_drive_0014_sync\image_02\data\0000000067.png,E:\monodepth_project\data\kitti\2011_09_26\2011_09_26_drive_0014_sync\velodyne_points\data\0000000067.bin,True,True,375,1242,120853,val,E:\monodepth_project\data\kitti\depth_maps\2011_09_26_2011_09_26_drive_0014_sync_67.npy
2011_09_26,2011_09_26_drive_0014_sync,68,E:\monodepth_project\data\kitti\2011_09_26\2011_09_26_drive_0014_sync\image_02\data\0000000068.png,E:\monodepth_project\data\kitti\2011_09_26\2011_09_26_drive_0014_sync\velodyne_points\data\0000000068.bin,True,True,375,1242,120785,val,E:\monodepth_project\data\kitti\depth_maps\2011_09_26_2011_09_26_drive_0014_sync_68.npy
2011_09_26,2011_09_26_drive_0014_sync,69,E:\monodepth_project\data\kitti\2011_09_26\2011_09_26_drive_0014_sync\image_02\data\0000000069.png,E:\monodepth_project\data\kitti\2011_09_26\2011_09_26_drive_0014_sync\velodyne_points\data\0000000069.bin,True,True,375,1242,120871,val,E:\monodepth_project\data\kitti\depth_maps\2011_09_26_2011_09_26_drive_0014_sync_69.npy
2011_09_26,2011_09_26_drive_0014_sync,70,E:\monodepth_project\data\kitti\2011_09_26\2011_09_26_drive_0014_sync\image_02\data\0000000070.png,E:\monodepth_project\data\kitti\2011_09_26\2011_09_26_drive_0014_sync\velodyne_points\data\0000000070.bin,True,True,375,1242,121034,val,E:\monodepth_project\data\kitti\depth_maps\2011_09_26_2011_09_26_drive_0014_sync_70.npy
2011_09_26,2011_09_26_drive_0014_sync,71,E:\monodepth_project\data\kitti\2011_09_26\2011_09_26_drive_0014_sync\image_02\data\0000000071.png,E:\monodepth_project\data\kitti\2011_09_26\2011_09_26_drive_0014_sync\velodyne_points\data\0000000071.bin,True,True,375,1242,121082,val,E:\monodepth_project\data\kitti\depth_maps\2011_09_26_2011_09_26_drive_0014_sync_71.npy
2011_09_26,2011_09_26_drive_0014_sync,72,E:\monodepth_project\data\kitti\2011_09_26\2011_09_26_drive_0014_sync\image_02\data\0000000072.png,E:\monodepth_project\data\kitti\2011_09_26\2011_09_26_drive_0014_sync\velodyne_points\data\0000000072.bin,True,True,375,1242,121442,val,E:\monodepth_project\data\kitti\depth_maps\2011_09_26_2011_09_26_drive_0014_sync_72.npy
2011_09_26,2011_09_26_drive_0014_sync,73,E:\monodepth_project\data\kitti\2011_09_26\2011_09_26_drive_0014_sync\image_02\data\0000000073.png,E:\monodepth_project\data\kitti\2011_09_26\2011_09_26_drive_0014_sync\velodyne_points\data\0000000073.bin,True,True,375,1242,121588,val,E:\monodepth_project\data\kitti\depth_maps\2011_09_26_2011_09_26_drive_0014_sync_73.npy
2011_09_26,2011_09_26_drive_0014_sync,74,E:\monodepth_project\data\kitti\2011_09_26\2011_09_26_drive_0014_sync\image_02\data\0000000074.png,E:\monodepth_project\data\kitti\2011_09_26\2011_09_26_drive_0014_sync\velodyne_points\data\0000000074.bin,True,True,375,1242,121647,val,E:\monodepth_project\data\kitti\depth_maps\2011_09_26_2011_09_26_drive_0014_sync_74.npy
2011_09_26,2011_09_26_drive_0014_sync,75,E:\monodepth_project\data\kitti\2011_09_26\2011_09_26_drive_0014_sync\image_02\data\0000000075.png,E:\monodepth_project\data\kitti\2011_09_26\2011_09_26_drive_0014_sync\velodyne_points\data\0000000075.bin,True,True,375,1242,121715,val,E:\monodepth_project\data\kitti\depth_maps\2011_09_26_2011_09_26_drive_0014_sync_75.npy
2011_09_26,2011_09_26_drive_0014_sync,76,E:\monodepth_project\data\kitti\2011_09_26\2011_09_26_drive_0014_sync\image_02\data\0000000076.png,E:\monodepth_project\data\kitti\2011_09_26\2011_09_26_drive_0014_sync\velodyne_points\data\0000000076.bin,True,True,375,1242,121846,val,E:\monodepth_project\data\kitti\depth_maps\2011_09_26_2011_09_26_drive_0014_sync_76.npy
2011_09_26,2011_09_26_drive_0014_sync,77,E:\monodepth_project\data\kitti\2011_09_26\2011_09_26_drive_0014_sync\image_02\data\0000000077.png,E:\monodepth_project\data\kitti\2011_09_26\2011_09_26_drive_0014_sync\velodyne_points\data\0000000077.bin,True,True,375,1242,121772,val,E:\monodepth_project\data\kitti\depth_maps\2011_09_26_2011_09_26_drive_0014_sync_77.npy
2011_09_26,2011_09_26_drive_0014_sync,78,E:\monodepth_project\data\kitti\2011_09_26\2011_09_26_drive_0014_sync\image_02\data\0000000078.png,E:\monodepth_project\data\kitti\2011_09_26\2011_09_26_drive_0014_sync\velodyne_points\data\0000000078.bin,True,True,375,1242,121735,val,E:\monodepth_project\data\kitti\depth_maps\2011_09_26_2011_09_26_drive_0014_sync_78.npy
2011_09_26,2011_09_26_drive_0014_sync,79,E:\monodepth_project\data\kitti\2011_09_26\2011_09_26_drive_0014_sync\image_02\data\0000000079.png,E:\monodepth_project\data\kitti\2011_09_26\2011_09_26_drive_0014_sync\velodyne_points\data\0000000079.bin,True,True,375,1242,121803,val,E:\monodepth_project\data\kitti\depth_maps\2011_09_26_2011_09_26_drive_0014_sync_79.npy
2011_09_26,2011_09_26_drive_0014_sync,80,E:\monodepth_project\data\kitti\2011_09_26\2011_09_26_drive_0014_sync\image_02\data\0000000080.png,E:\monodepth_project\data\kitti\2011_09_26\2011_09_26_drive_0014_sync\velodyne_points\data\0000000080.bin,True,True,375,1242,122082,val,E:\monodepth_project\data\kitti\depth_maps\2011_09_26_2011_09_26_drive_0014_sync_80.npy
2011_09_26,2011_09_26_drive_0014_sync,81,E:\monodepth_project\data\kitti\2011_09_26\2011_09_26_drive_0014_sync\image_02\data\0000000081.png,E:\monodepth_project\data\kitti\2011_09_26\2011_09_26_drive_0014_sync\velodyne_points\data\0000000081.bin,True,True,375,1242,122160,val,E:\monodepth_project\data\kitti\depth_maps\2011_09_26_2011_09_26_drive_0014_sync_81.npy
2011_09_26,2011_09_26_drive_0014_sync,82,E:\monodepth_project\data\kitti\2011_09_26\2011_09_26_drive_0014_sync\image_02\data\0000000082.png,E:\monodepth_project\data\kitti\2011_09_26\2011_09_26_drive_0014_sync\velodyne_points\data\0000000082.bin,True,True,375,1242,121954,val,E:\monodepth_project\data\kitti\depth_maps\2011_09_26_2011_09_26_drive_0014_sync_82.npy
2011_09_26,2011_09_26_drive_0014_sync,83,E:\monodepth_project\data\kitti\2011_09_26\2011_09_26_drive_0014_sync\image_02\data\0000000083.png,E:\monodepth_project\data\kitti\2011_09_26\2011_09_26_drive_0014_sync\velodyne_points\data\0000000083.bin,True,True,375,1242,121978,val,E:\monodepth_project\data\kitti\depth_maps\2011_09_26_2011_09_26_drive_0014_sync_83.npy
2011_09_26,2011_09_26_drive_0014_sync,84,E:\monodepth_project\data\kitti\2011_09_26\2011_09_26_drive_0014_sync\image_02\data\0000000084.png,E:\monodepth_project\data\kitti\2011_09_26\2011_09_26_drive_0014_sync\velodyne_points\data\0000000084.bin,True,True,375,1242,122222,val,E:\monodepth_project\data\kitti\depth_maps\2011_09_26_2011_09_26_drive_0014_sync_84.npy
2011_09_26,2011_09_26_drive_0014_sync,85,E:\monodepth_project\data\kitti\2011_09_26\2011_09_26_drive_0014_sync\image_02\data\0000000085.png,E:\monodepth_project\data\kitti\2011_09_26\2011_09_26_drive_0014_sync\velodyne_points\data\0000000085.bin,True,True,375,1242,122433,val,E:\monodepth_project\data\kitti\depth_maps\2011_09_26_2011_09_26_drive_0014_sync_85.npy
2011_09_26,2011_09_26_drive_0014_sync,86,E:\monodepth_project\data\kitti\2011_09_26\2011_09_26_drive_0014_sync\image_02\data\0000000086.png,E:\monodepth_project\data\kitti\2011_09_26\2011_09_26_drive_0014_sync\velodyne_points\data\0000000086.bin,True,True,375,1242,122739,val,E:\monodepth_project\data\kitti\depth_maps\2011_09_26_2011_09_26_drive_0014_sync_86.npy
2011_09_26,2011_09_26_drive_0014_sync,87,E:\monodepth_project\data\kitti\2011_09_26\2011_09_26_drive_0014_sync\image_02\data\0000000087.png,E:\monodepth_project\data\kitti\2011_09_26\2011_09_26_drive_0014_sync\velodyne_points\data\0000000087.bin,True,True,375,1242,122897,val,E:\monodepth_project\data\kitti\depth_maps\2011_09_26_2011_09_26_drive_0014_sync_87.npy
2011_09_26,2011_09_26_drive_0014_sync,88,E:\monodepth_project\data\kitti\2011_09_26\2011_09_26_drive_0014_sync\image_02\data\0000000088.png,E:\monodepth_project\data\kitti\2011_09_26\2011_09_26_drive_0014_sync\velodyne_points\data\0000000088.bin,True,True,375,1242,123076,val,E:\monodepth_project\data\kitti\depth_maps\2011_09_26_2011_09_26_drive_0014_sync_88.npy
2011_09_26,2011_09_26_drive_0014_sync,89,E:\monodepth_project\data\kitti\2011_09_26\2011_09_26_drive_0014_sync\image_02\data\0000000089.png,E:\monodepth_project\data\kitti\2011_09_26\2011_09_26_drive_0014_sync\velodyne_points\data\0000000089.bin,True,True,375,1242,123267,val,E:\monodepth_project\data\kitti\depth_maps\2011_09_26_2011_09_26_drive_0014_sync_89.npy
2011_09_26,2011_09_26_drive_0014_sync,90,E:\monodepth_project\data\kitti\2011_09_26\2011_09_26_drive_0014_sync\image_02\data\0000000090.png,E:\monodepth_project\data\kitti\2011_09_26\2011_09_26_drive_0014_sync\velodyne_points\data\0000000090.bin,True,True,375,1242,123464,val,E:\monodepth_project\data\kitti\depth_maps\2011_09_26_2011_09_26_drive_0014_sync_90.npy
2011_09_26,2011_09_26_drive_0014_sync,91,E:\monodepth_project\data\kitti\2011_09_26\2011_09_26_drive_0014_sync\image_02\data\0000000091.png,E:\monodepth_project\data\kitti\2011_09_26\2011_09_26_drive_0014_sync\velodyne_points\data\0000000091.bin,True,True,375,1242,123684,val,E:\monodepth_project\data\kitti\depth_maps\2011_09_26_2011_09_26_drive_0014_sync_91.npy
2011_09_26,2011_09_26_drive_0014_sync,92,E:\monodepth_project\data\kitti\2011_09_26\2011_09_26_drive_0014_sync\image_02\data\0000000092.png,E:\monodepth_project\data\kitti\2011_09_26\2011_09_26_drive_0014_sync\velodyne_points\data\0000000092.bin,True,True,375,1242,123780,val,E:\monodepth_project\data\kitti\depth_maps\2011_09_26_2011_09_26_drive_0014_sync_92.npy
2011_09_26,2011_09_26_drive_0014_sync,93,E:\monodepth_project\data\kitti\2011_09_26\2011_09_26_drive_0014_sync\image_02\data\0000000093.png,E:\monodepth_project\data\kitti\2011_09_26\2011_09_26_drive_0014_sync\velodyne_points\data\0000000093.bin,True,True,375,1242,123747,val,E:\monodepth_project\data\kitti\depth_maps\2011_09_26_2011_09_26_drive_0014_sync_93.npy
2011_09_26,2011_09_26_drive_0014_sync,94,E:\monodepth_project\data\kitti\2011_09_26\2011_09_26_drive_0014_sync\image_02\data\0000000094.png,E:\monodepth_project\data\kitti\2011_09_26\2011_09_26_drive_0014_sync\velodyne_points\data\0000000094.bin,True,True,375,1242,123676,val,E:\monodepth_project\data\kitti\depth_maps\2011_09_26_2011_09_26_drive_0014_sync_94.npy
2011_09_26,2011_09_26_drive_0014_sync,95,E:\monodepth_project\data\kitti\2011_09_26\2011_09_26_drive_0014_sync\image_02\data\0000000095.png,E:\monodepth_project\data\kitti\2011_09_26\2011_09_26_drive_0014_sync\velodyne_points\data\0000000095.bin,True,True,375,1242,123753,val,E:\monodepth_project\data\kitti\depth_maps\2011_09_26_2011_09_26_drive_0014_sync_95.npy
2011_09_26,2011_09_26_drive_0014_sync,96,E:\monodepth_project\data\kitti\2011_09_26\2011_09_26_drive_0014_sync\image_02\data\0000000096.png,E:\monodepth_project\data\kitti\2011_09_26\2011_09_26_drive_0014_sync\velodyne_points\data\0000000096.bin,True,True,375,1242,123733,val,E:\monodepth_project\data\kitti\depth_maps\2011_09_26_2011_09_26_drive_0014_sync_96.npy
2011_09_26,2011_09_26_drive_0014_sync,97,E:\monodepth_project\data\kitti\2011_09_26\2011_09_26_drive_0014_sync\image_02\data\0000000097.png,E:\monodepth_project\data\kitti\2011_09_26\2011_09_26_drive_0014_sync\velodyne_points\data\0000000097.bin,True,True,375,1242,123694,val,E:\monodepth_project\data\kitti\depth_maps\2011_09_26_2011_09_26_drive_0014_sync_97.npy
2011_09_26,2011_09_26_drive_0014_sync,98,E:\monodepth_project\data\kitti\2011_09_26\2011_09_26_drive_0014_sync\image_02\data\0000000098.png,E:\monodepth_project\data\kitti\2011_09_26\2011_09_26_drive_0014_sync\velodyne_points\data\0000000098.bin,True,True,375,1242,123640,val,E:\monodepth_project\data\kitti\depth_maps\2011_09_26_2011_09_26_drive_0014_sync_98.npy
2011_09_26,2011_09_26_drive_0014_sync,99,E:\monodepth_project\data\kitti\2011_09_26\2011_09_26_drive_0014_sync\image_02\data\0000000099.png,E:\monodepth_project\data\kitti\2011_09_26\2011_09_26_drive_0014_sync\velodyne_points\data\0000000099.bin,True,True,375,1242,123640,val,E:\monodepth_project\data\kitti\depth_maps\2011_09_26_2011_09_26_drive_0014_sync_99.npy
2011_09_26,2011_09_26_drive_0014_sync,100,E:\monodepth_project\data\kitti\2011_09_26\2011_09_26_drive_0014_sync\image_02\data\0000000100.png,E:\monodepth_project\data\kitti\2011_09_26\2011_09_26_drive_0014_sync\velodyne_points\data\0000000100.bin,True,True,375,1242,123878,val,E:\monodepth_project\data\kitti\depth_maps\2011_09_26_2011_09_26_drive_0014_sync_100.npy
2011_09_26,2011_09_26_drive_0014_sync,101,E:\monodepth_project\data\kitti\2011_09_26\2011_09_26_drive_0014_sync\image_02\data\0000000101.png,E:\monodepth_project\data\kitti\2011_09_26\2011_09_26_drive_0014_sync\velodyne_points\data\0000000101.bin,True,True,375,1242,123812,val,E:\monodepth_project\data\kitti\depth_maps\2011_09_26_2011_09_26_drive_0014_sync_101.npy
2011_09_26,2011_09_26_drive_0014_sync,102,E:\monodepth_project\data\kitti\2011_09_26\2011_09_26_drive_0014_sync\image_02\data\0000000102.png,E:\monodepth_project\data\kitti\2011_09_26\2011_09_26_drive_0014_sync\velodyne_points\data\0000000102.bin,True,True,375,1242,123784,val,E:\monodepth_project\data\kitti\depth_maps\2011_09_26_2011_09_26_drive_0014_sync_102.npy
2011_09_26,2011_09_26_drive_0014_sync,103,E:\monodepth_project\data\kitti\2011_09_26\2011_09_26_drive_0014_sync\image_02\data\0000000103.png,E:\monodepth_project\data\kitti\2011_09_26\2011_09_26_drive_0014_sync\velodyne_points\data\0000000103.bin,True,True,375,1242,123640,val,E:\monodepth_project\data\kitti\depth_maps\2011_09_26_2011_09_26_drive_0014_sync_103.npy
2011_09_26,2011_09_26_drive_0014_sync,104,E:\monodepth_project\data\kitti\2011_09_26\2011_09_26_drive_0014_sync\image_02\data\0000000104.png,E:\monodepth_project\data\kitti\2011_09_26\2011_09_26_drive_0014_sync\velodyne_points\data\0000000104.bin,True,True,375,1242,123436,val,E:\monodepth_project\data\kitti\depth_maps\2011_09_26_2011_09_26_drive_0014_sync_104.npy
2011_09_26,2011_09_26_drive_0014_sync,105,E:\monodepth_project\data\kitti\2011_09_26\2011_09_26_drive_0014_sync\image_02\data\0000000105.png,E:\monodepth_project\data\kitti\2011_09_26\2011_09_26_drive_0014_sync\velodyne_points\data\0000000105.bin,True,True,375,1242,123452,val,E:\monodepth_project\data\kitti\depth_maps\2011_09_26_2011_09_26_drive_0014_sync_105.npy
2011_09_26,2011_09_26_drive_0014_sync,106,E:\monodepth_project\data\kitti\2011_09_26\2011_09_26_drive_0014_sync\image_02\data\0000000106.png,E:\monodepth_project\data\kitti\2011_09_26\2011_09_26_drive_0014_sync\velodyne_points\data\0000000106.bin,True,True,375,1242,123359,val,E:\monodepth_project\data\kitti\depth_maps\2011_09_26_2011_09_26_drive_0014_sync_106.npy
2011_09_26,2011_09_26_drive_0014_sync,107,E:\monodepth_project\data\kitti\2011_09_26\2011_09_26_drive_0014_sync\image_02\data\0000000107.png,E:\monodepth_project\data\kitti\2011_09_26\2011_09_26_drive_0014_sync\velodyne_points\data\0000000107.bin,True,True,375,1242,123237,val,E:\monodepth_project\data\kitti\depth_maps\2011_09_26_2011_09_26_drive_0014_sync_107.npy
2011_09_26,2011_09_26_drive_0014_sync,108,E:\monodepth_project\data\kitti\2011_09_26\2011_09_26_drive_0014_sync\image_02\data\0000000108.png,E:\monodepth_project\data\kitti\2011_09_26\2011_09_26_drive_0014_sync\velodyne_points\data\0000000108.bin,True,True,375,1242,123109,val,E:\monodepth_project\data\kitti\depth_maps\2011_09_26_2011_09_26_drive_0014_sync_108.npy
2011_09_26,2011_09_26_drive_0014_sync,109,E:\monodepth_project\data\kitti\2011_09_26\2011_09_26_drive_0014_sync\image_02\data\0000000109.png,E:\monodepth_project\data\kitti\2011_09_26\2011_09_26_drive_0014_sync\velodyne_points\data\0000000109.bin,True,True,375,1242,122939,val,E:\monodepth_project\data\kitti\depth_maps\2011_09_26_2011_09_26_drive_0014_sync_109.npy
2011_09_26,2011_09_26_drive_0014_sync,110,E:\monodepth_project\data\kitti\2011_09_26\2011_09_26_drive_0014_sync\image_02\data\0000000110.png,E:\monodepth_project\data\kitti\2011_09_26\2011_09_26_drive_0014_sync\velodyne_points\data\0000000110.bin,True,True,375,1242,122906,val,E:\monodepth_project\data\kitti\depth_maps\2011_09_26_2011_09_26_drive_0014_sync_110.npy
2011_09_26,2011_09_26_drive_0014_sync,111,E:\monodepth_project\data\kitti\2011_09_26\2011_09_26_drive_0014_sync\image_02\data\0000000111.png,E:\monodepth_project\data\kitti\2011_09_26\2011_09_26_drive_0014_sync\velodyne_points\data\0000000111.bin,True,True,375,1242,122863,val,E:\monodepth_project\data\kitti\depth_maps\2011_09_26_2011_09_26_drive_0014_sync_111.npy
2011_09_26,2011_09_26_drive_0014_sync,112,E:\monodepth_project\data\kitti\2011_09_26\2011_09_26_drive_0014_sync\image_02\data\0000000112.png,E:\monodepth_project\data\kitti\2011_09_26\2011_09_26_drive_0014_sync\velodyne_points\data\0000000112.bin,True,True,375,1242,122634,val,E:\monodepth_project\data\kitti\depth_maps\2011_09_26_2011_09_26_drive_0014_sync_112.npy
2011_09_26,2011_09_26_drive_0014_sync,113,E:\monodepth_project\data\kitti\2011_09_26\2011_09_26_drive_0014_sync\image_02\data\0000000113.png,E:\monodepth_project\data\kitti\2011_09_26\2011_09_26_drive_0014_sync\velodyne_points\data\0000000113.bin,True,True,375,1242,122373,val,E:\monodepth_project\data\kitti\depth_maps\2011_09_26_2011_09_26_drive_0014_sync_113.npy
2011_09_26,2011_09_26_drive_0014_sync,114,E:\monodepth_project\data\kitti\2011_09_26\2011_09_26_drive_0014_sync\image_02\data\0000000114.png,E:\monodepth_project\data\kitti\2011_09_26\2011_09_26_drive_0014_sync\velodyne_points\data\0000000114.bin,True,True,375,1242,122310,val,E:\monodepth_project\data\kitti\depth_maps\2011_09_26_2011_09_26_drive_0014_sync_114.npy
2011_09_26,2011_09_26_drive_0014_sync,115,E:\monodepth_project\data\kitti\2011_09_26\2011_09_26_drive_0014_sync\image_02\data\0000000115.png,E:\monodepth_project\data\kitti\2011_09_26\2011_09_26_drive_0014_sync\velodyne_points\data\0000000115.bin,True,True,375,1242,122070,val,E:\monodepth_project\data\kitti\depth_maps\2011_09_26_2011_09_26_drive_0014_sync_115.npy
2011_09_26,2011_09_26_drive_0014_sync,116,E:\monodepth_project\data\kitti\2011_09_26\2011_09_26_drive_0014_sync\image_02\data\0000000116.png,E:\monodepth_project\data\kitti\2011_09_26\2011_09_26_drive_0014_sync\velodyne_points\data\0000000116.bin,True,True,375,1242,121739,val,E:\monodepth_project\data\kitti\depth_maps\2011_09_26_2011_09_26_drive_0014_sync_116.npy
2011_09_26,2011_09_26_drive_0014_sync,117,E:\monodepth_project\data\kitti\2011_09_26\2011_09_26_drive_0014_sync\image_02\data\0000000117.png,E:\monodepth_project\data\kitti\2011_09_26\2011_09_26_drive_0014_sync\velodyne_points\data\0000000117.bin,True,True,375,1242,121384,val,E:\monodepth_project\data\kitti\depth_maps\2011_09_26_2011_09_26_drive_0014_sync_117.npy
2011_09_26,2011_09_26_drive_0014_sync,118,E:\monodepth_project\data\kitti\2011_09_26\2011_09_26_drive_0014_sync\image_02\data\0000000118.png,E:\monodepth_project\data\kitti\2011_09_26\2011_09_26_drive_0014_sync\velodyne_points\data\0000000118.bin,True,True,375,1242,121059,val,E:\monodepth_project\data\kitti\depth_maps\2011_09_26_2011_09_26_drive_0014_sync_118.npy
2011_09_26,2011_09_26_drive_0014_sync,119,E:\monodepth_project\data\kitti\2011_09_26\2011_09_26_drive_0014_sync\image_02\data\0000000119.png,E:\monodepth_project\data\kitti\2011_09_26\2011_09_26_drive_0014_sync\velodyne_points\data\0000000119.bin,True,True,375,1242,121136,val,E:\monodepth_project\data\kitti\depth_maps\2011_09_26_2011_09_26_drive_0014_sync_119.npy
2011_09_26,2011_09_26_drive_0014_sync,120,E:\monodepth_project\data\kitti\2011_09_26\2011_09_26_drive_0014_sync\image_02\data\0000000120.png,E:\monodepth_project\data\kitti\2011_09_26\2011_09_26_drive_0014_sync\velodyne_points\data\0000000120.bin,True,True,375,1242,120867,val,E:\monodepth_project\data\kitti\depth_maps\2011_09_26_2011_09_26_drive_0014_sync_120.npy
2011_09_26,2011_09_26_drive_0014_sync,121,E:\monodepth_project\data\kitti\2011_09_26\2011_09_26_drive_0014_sync\image_02\data\0000000121.png,E:\monodepth_project\data\kitti\2011_09_26\2011_09_26_drive_0014_sync\velodyne_points\data\0000000121.bin,True,True,375,1242,120879,val,E:\monodepth_project\data\kitti\depth_maps\2011_09_26_2011_09_26_drive_0014_sync_121.npy
2011_09_26,2011_09_26_drive_0014_sync,122,E:\monodepth_project\data\kitti\2011_09_26\2011_09_26_drive_0014_sync\image_02\data\0000000122.png,E:\monodepth_project\data\kitti\2011_09_26\2011_09_26_drive_0014_sync\velodyne_points\data\0000000122.bin,True,True,375,1242,120931,val,E:\monodepth_project\data\kitti\depth_maps\2011_09_26_2011_09_26_drive_0014_sync_122.npy
2011_09_26,2011_09_26_drive_0014_sync,123,E:\monodepth_project\data\kitti\2011_09_26\2011_09_26_drive_0014_sync\image_02\data\0000000123.png,E:\monodepth_project\data\kitti\2011_09_26\2011_09_26_drive_0014_sync\velodyne_points\data\0000000123.bin,True,True,375,1242,120959,val,E:\monodepth_project\data\kitti\depth_maps\2011_09_26_2011_09_26_drive_0014_sync_123.npy
2011_09_26,2011_09_26_drive_0014_sync,124,E:\monodepth_project\data\kitti\2011_09_26\2011_09_26_drive_0014_sync\image_02\data\0000000124.png,E:\monodepth_project\data\kitti\2011_09_26\2011_09_26_drive_0014_sync\velodyne_points\data\0000000124.bin,True,True,375,1242,120842,val,E:\monodepth_project\data\kitti\depth_maps\2011_09_26_2011_09_26_drive_0014_sync_124.npy
2011_09_26,2011_09_26_drive_0014_sync,125,E:\monodepth_project\data\kitti\2011_09_26\2011_09_26_drive_0014_sync\image_02\data\0000000125.png,E:\monodepth_project\data\kitti\2011_09_26\2011_09_26_drive_0014_sync\velodyne_points\data\0000000125.bin,True,True,375,1242,120580,val,E:\monodepth_project\data\kitti\depth_maps\2011_09_26_2011_09_26_drive_0014_sync_125.npy
2011_09_26,2011_09_26_drive_0014_sync,126,E:\monodepth_project\data\kitti\2011_09_26\2011_09_26_drive_0014_sync\image_02\data\0000000126.png,E:\monodepth_project\data\kitti\2011_09_26\2011_09_26_drive_0014_sync\velodyne_points\data\0000000126.bin,True,True,375,1242,120733,val,E:\monodepth_project\data\kitti\depth_maps\2011_09_26_2011_09_26_drive_0014_sync_126.npy
2011_09_26,2011_09_26_drive_0014_sync,127,E:\monodepth_project\data\kitti\2011_09_26\2011_09_26_drive_0014_sync\image_02\data\0000000127.png,E:\monodepth_project\data\kitti\2011_09_26\2011_09_26_drive_0014_sync\velodyne_points\data\0000000127.bin,True,True,375,1242,120787,val,E:\monodepth_project\data\kitti\depth_maps\2011_09_26_2011_09_26_drive_0014_sync_127.npy
2011_09_26,2011_09_26_drive_0014_sync,128,E:\monodepth_project\data\kitti\2011_09_26\2011_09_26_drive_0014_sync\image_02\data\0000000128.png,E:\monodepth_project\data\kitti\2011_09_26\2011_09_26_drive_0014_sync\velodyne_points\data\0000000128.bin,True,True,375,1242,120901,val,E:\monodepth_project\data\kitti\depth_maps\2011_09_26_2011_09_26_drive_0014_sync_128.npy
2011_09_26,2011_09_26_drive_0014_sync,129,E:\monodepth_project\data\kitti\2011_09_26\2011_09_26_drive_0014_sync\image_02\data\0000000129.png,E:\monodepth_project\data\kitti\2011_09_26\2011_09_26_drive_0014_sync\velodyne_points\data\0000000129.bin,True,True,375,1242,121242,val,E:\monodepth_project\data\kitti\depth_maps\2011_09_26_2011_09_26_drive_0014_sync_129.npy
2011_09_26,2011_09_26_drive_0014_sync,130,E:\monodepth_project\data\kitti\2011_09_26\2011_09_26_drive_0014_sync\image_02\data\0000000130.png,E:\monodepth_project\data\kitti\2011_09_26\2011_09_26_drive_0014_sync\velodyne_points\data\0000000130.bin,True,True,375,1242,121240,val,E:\monodepth_project\data\kitti\depth_maps\2011_09_26_2011_09_26_drive_0014_sync_130.npy
2011_09_26,2011_09_26_drive_0014_sync,131,E:\monodepth_project\data\kitti\2011_09_26\2011_09_26_drive_0014_sync\image_02\data\0000000131.png,E:\monodepth_project\data\kitti\2011_09_26\2011_09_26_drive_0014_sync\velodyne_points\data\0000000131.bin,True,True,375,1242,121146,val,E:\monodepth_project\data\kitti\depth_maps\2011_09_26_2011_09_26_drive_0014_sync_131.npy
2011_09_26,2011_09_26_drive_0014_sync,132,E:\monodepth_project\data\kitti\2011_09_26\2011_09_26_drive_0014_sync\image_02\data\0000000132.png,E:\monodepth_project\data\kitti\2011_09_26\2011_09_26_drive_0014_sync\velodyne_points\data\0000000132.bin,True,True,375,1242,120969,val,E:\monodepth_project\data\kitti\depth_maps\2011_09_26_2011_09_26_drive_0014_sync_132.npy
2011_09_26,2011_09_26_drive_0014_sync,133,E:\monodepth_project\data\kitti\2011_09_26\2011_09_26_drive_0014_sync\image_02\data\0000000133.png,E:\monodepth_project\data\kitti\2011_09_26\2011_09_26_drive_0014_sync\velodyne_points\data\0000000133.bin,True,True,375,1242,120651,val,E:\monodepth_project\data\kitti\depth_maps\2011_09_26_2011_09_26_drive_0014_sync_133.npy
2011_09_26,2011_09_26_drive_0014_sync,134,E:\monodepth_project\data\kitti\2011_09_26\2011_09_26_drive_0014_sync\image_02\data\0000000134.png,E:\monodepth_project\data\kitti\2011_09_26\2011_09_26_drive_0014_sync\velodyne_points\data\0000000134.bin,True,True,375,1242,120156,val,E:\monodepth_project\data\kitti\depth_maps\2011_09_26_2011_09_26_drive_0014_sync_134.npy
2011_09_26,2011_09_26_drive_0014_sync,135,E:\monodepth_project\data\kitti\2011_09_26\2011_09_26_drive_0014_sync\image_02\data\0000000135.png,E:\monodepth_project\data\kitti\2011_09_26\2011_09_26_drive_0014_sync\velodyne_points\data\0000000135.bin,True,True,375,1242,120023,val,E:\monodepth_project\data\kitti\depth_maps\2011_09_26_2011_09_26_drive_0014_sync_135.npy
2011_09_26,2011_09_26_drive_0014_sync,136,E:\monodepth_project\data\kitti\2011_09_26\2011_09_26_drive_0014_sync\image_02\data\0000000136.png,E:\monodepth_project\data\kitti\2011_09_26\2011_09_26_drive_0014_sync\velodyne_points\data\0000000136.bin,True,True,375,1242,120193,val,E:\monodepth_project\data\kitti\depth_maps\2011_09_26_2011_09_26_drive_0014_sync_136.npy
2011_09_26,2011_09_26_drive_0014_sync,137,E:\monodepth_project\data\kitti\2011_09_26\2011_09_26_drive_0014_sync\image_02\data\0000000137.png,E:\monodepth_project\data\kitti\2011_09_26\2011_09_26_drive_0014_sync\velodyne_points\data\0000000137.bin,True,True,375,1242,120968,val,E:\monodepth_project\data\kitti\depth_maps\2011_09_26_2011_09_26_drive_0014_sync_137.npy
2011_09_26,2011_09_26_drive_0014_sync,138,E:\monodepth_project\data\kitti\2011_09_26\2011_09_26_drive_0014_sync\image_02\data\0000000138.png,E:\monodepth_project\data\kitti\2011_09_26\2011_09_26_drive_0014_sync\velodyne_points\data\0000000138.bin,True,True,375,1242,121372,val,E:\monodepth_project\data\kitti\depth_maps\2011_09_26_2011_09_26_drive_0014_sync_138.npy
2011_09_26,2011_09_26_drive_0014_sync,139,E:\monodepth_project\data\kitti\2011_09_26\2011_09_26_drive_0014_sync\image_02\data\0000000139.png,E:\monodepth_project\data\kitti\2011_09_26\2011_09_26_drive_0014_sync\velodyne_points\data\0000000139.bin,True,True,375,1242,121739,val,E:\monodepth_project\data\kitti\depth_maps\2011_09_26_2011_09_26_drive_0014_sync_139.npy
2011_09_26,2011_09_26_drive_0014_sync,140,E:\monodepth_project\data\kitti\2011_09_26\2011_09_26_drive_0014_sync\image_02\data\0000000140.png,E:\monodepth_project\data\kitti\2011_09_26\2011_09_26_drive_0014_sync\velodyne_points\data\0000000140.bin,True,True,375,1242,121969,val,E:\monodepth_project\data\kitti\depth_maps\2011_09_26_2011_09_26_drive_0014_sync_140.npy
2011_09_26,2011_09_26_drive_0014_sync,141,E:\monodepth_project\data\kitti\2011_09_26\2011_09_26_drive_0014_sync\image_02\data\0000000141.png,E:\monodepth_project\data\kitti\2011_09_26\2011_09_26_drive_0014_sync\velodyne_points\data\0000000141.bin,True,True,375,1242,122314,val,E:\monodepth_project\data\kitti\depth_maps\2011_09_26_2011_09_26_drive_0014_sync_141.npy
2011_09_26,2011_09_26_drive_0014_sync,142,E:\monodepth_project\data\kitti\2011_09_26\2011_09_26_drive_0014_sync\image_02\data\0000000142.png,E:\monodepth_project\data\kitti\2011_09_26\2011_09_26_drive_0014_sync\velodyne_points\data\0000000142.bin,True,True,375,1242,122476,val,E:\monodepth_project\data\kitti\depth_maps\2011_09_26_2011_09_26_drive_0014_sync_142.npy
2011_09_26,2011_09_26_drive_0014_sync,143,E:\monodepth_project\data\kitti\2011_09_26\2011_09_26_drive_0014_sync\image_02\data\0000000143.png,E:\monodepth_project\data\kitti\2011_09_26\2011_09_26_drive_0014_sync\velodyne_points\data\0000000143.bin,True,True,375,1242,122401,val,E:\monodepth_project\data\kitti\depth_maps\2011_09_26_2011_09_26_drive_0014_sync_143.npy
2011_09_26,2011_09_26_drive_0014_sync,144,E:\monodepth_project\data\kitti\2011_09_26\2011_09_26_drive_0014_sync\image_02\data\0000000144.png,E:\monodepth_project\data\kitti\2011_09_26\2011_09_26_drive_0014_sync\velodyne_points\data\0000000144.bin,True,True,375,1242,122214,val,E:\monodepth_project\data\kitti\depth_maps\2011_09_26_2011_09_26_drive_0014_sync_144.npy
2011_09_26,2011_09_26_drive_0014_sync,145,E:\monodepth_project\data\kitti\2011_09_26\2011_09_26_drive_0014_sync\image_02\data\0000000145.png,E:\monodepth_project\data\kitti\2011_09_26\2011_09_26_drive_0014_sync\velodyne_points\data\0000000145.bin,True,True,375,1242,122175,val,E:\monodepth_project\data\kitti\depth_maps\2011_09_26_2011_09_26_drive_0014_sync_145.npy
2011_09_26,2011_09_26_drive_0014_sync,146,E:\monodepth_project\data\kitti\2011_09_26\2011_09_26_drive_0014_sync\image_02\data\0000000146.png,E:\monodepth_project\data\kitti\2011_09_26\2011_09_26_drive_0014_sync\velodyne_points\data\0000000146.bin,True,True,375,1242,122329,val,E:\monodepth_project\data\kitti\depth_maps\2011_09_26_2011_09_26_drive_0014_sync_146.npy
2011_09_26,2011_09_26_drive_0014_sync,147,E:\monodepth_project\data\kitti\2011_09_26\2011_09_26_drive_0014_sync\image_02\data\0000000147.png,E:\monodepth_project\data\kitti\2011_09_26\2011_09_26_drive_0014_sync\velodyne_points\data\0000000147.bin,True,True,375,1242,122492,val,E:\monodepth_project\data\kitti\depth_maps\2011_09_26_2011_09_26_drive_0014_sync_147.npy
2011_09_26,2011_09_26_drive_0014_sync,148,E:\monodepth_project\data\kitti\2011_09_26\2011_09_26_drive_0014_sync\image_02\data\0000000148.png,E:\monodepth_project\data\kitti\2011_09_26\2011_09_26_drive_0014_sync\velodyne_points\data\0000000148.bin,True,True,375,1242,122152,val,E:\monodepth_project\data\kitti\depth_maps\2011_09_26_2011_09_26_drive_0014_sync_148.npy
2011_09_26,2011_09_26_drive_0014_sync,149,E:\monodepth_project\data\kitti\2011_09_26\2011_09_26_drive_0014_sync\image_02\data\0000000149.png,E:\monodepth_project\data\kitti\2011_09_26\2011_09_26_drive_0014_sync\velodyne_points\data\0000000149.bin,True,True,375,1242,122124,val,E:\monodepth_project\data\kitti\depth_maps\2011_09_26_2011_09_26_drive_0014_sync_149.npy
2011_09_26,2011_09_26_drive_0014_sync,150,E:\monodepth_project\data\kitti\2011_09_26\2011_09_26_drive_0014_sync\image_02\data\0000000150.png,E:\monodepth_project\data\kitti\2011_09_26\2011_09_26_drive_0014_sync\velodyne_points\data\0000000150.bin,True,True,375,1242,122147,val,E:\monodepth_project\data\kitti\depth_maps\2011_09_26_2011_09_26_drive_0014_sync_150.npy
2011_09_26,2011_09_26_drive_0014_sync,151,E:\monodepth_project\data\kitti\2011_09_26\2011_09_26_drive_0014_sync\image_02\data\0000000151.png,E:\monodepth_project\data\kitti\2011_09_26\2011_09_26_drive_0014_sync\velodyne_points\data\0000000151.bin,True,True,375,1242,122263,val,E:\monodepth_project\data\kitti\depth_maps\2011_09_26_2011_09_26_drive_0014_sync_151.npy
2011_09_26,2011_09_26_drive_0014_sync,152,E:\monodepth_project\data\kitti\2011_09_26\2011_09_26_drive_0014_sync\image_02\data\0000000152.png,E:\monodepth_project\data\kitti\2011_09_26\2011_09_26_drive_0014_sync\velodyne_points\data\0000000152.bin,True,True,375,1242,122441,val,E:\monodepth_project\data\kitti\depth_maps\2011_09_26_2011_09_26_drive_0014_sync_152.npy
2011_09_26,2011_09_26_drive_0014_sync,153,E:\monodepth_project\data\kitti\2011_09_26\2011_09_26_drive_0014_sync\image_02\data\0000000153.png,E:\monodepth_project\data\kitti\2011_09_26\2011_09_26_drive_0014_sync\velodyne_points\data\0000000153.bin,True,True,375,1242,122594,val,E:\monodepth_project\data\kitti\depth_maps\2011_09_26_2011_09_26_drive_0014_sync_153.npy
2011_09_26,2011_09_26_drive_0014_sync,154,E:\monodepth_project\data\kitti\2011_09_26\2011_09_26_drive_0014_sync\image_02\data\0000000154.png,E:\monodepth_project\data\kitti\2011_09_26\2011_09_26_drive_0014_sync\velodyne_points\data\0000000154.bin,True,True,375,1242,122647,val,E:\monodepth_project\data\kitti\depth_maps\2011_09_26_2011_09_26_drive_0014_sync_154.npy
2011_09_26,2011_09_26_drive_0014_sync,155,E:\monodepth_project\data\kitti\2011_09_26\2011_09_26_drive_0014_sync\image_02\data\0000000155.png,E:\monodepth_project\data\kitti\2011_09_26\2011_09_26_drive_0014_sync\velodyne_points\data\0000000155.bin,True,True,375,1242,122550,val,E:\monodepth_project\data\kitti\depth_maps\2011_09_26_2011_09_26_drive_0014_sync_155.npy
2011_09_26,2011_09_26_drive_0014_sync,156,E:\monodepth_project\data\kitti\2011_09_26\2011_09_26_drive_0014_sync\image_02\data\0000000156.png,E:\monodepth_project\data\kitti\2011_09_26\2011_09_26_drive_0014_sync\velodyne_points\data\0000000156.bin,True,True,375,1242,122424,val,E:\monodepth_project\data\kitti\depth_maps\2011_09_26_2011_09_26_drive_0014_sync_156.npy
2011_09_26,2011_09_26_drive_0014_sync,157,E:\monodepth_project\data\kitti\2011_09_26\2011_09_26_drive_0014_sync\image_02\data\0000000157.png,E:\monodepth_project\data\kitti\2011_09_26\2011_09_26_drive_0014_sync\velodyne_points\data\0000000157.bin,True,True,375,1242,122054,val,E:\monodepth_project\data\kitti\depth_maps\2011_09_26_2011_09_26_drive_0014_sync_157.npy
2011_09_26,2011_09_26_drive_0014_sync,158,E:\monodepth_project\data\kitti\2011_09_26\2011_09_26_drive_0014_sync\image_02\data\0000000158.png,E:\monodepth_project\data\kitti\2011_09_26\2011_09_26_drive_0014_sync\velodyne_points\data\0000000158.bin,True,True,375,1242,121867,val,E:\monodepth_project\data\kitti\depth_maps\2011_09_26_2011_09_26_drive_0014_sync_158.npy
2011_09_26,2011_09_26_drive_0014_sync,159,E:\monodepth_project\data\kitti\2011_09_26\2011_09_26_drive_0014_sync\image_02\data\0000000159.png,E:\monodepth_project\data\kitti\2011_09_26\2011_09_26_drive_0014_sync\velodyne_points\data\0000000159.bin,True,True,375,1242,121906,val,E:\monodepth_project\data\kitti\depth_maps\2011_09_26_2011_09_26_drive_0014_sync_159.npy
2011_09_26,2011_09_26_drive_0014_sync,160,E:\monodepth_project\data\kitti\2011_09_26\2011_09_26_drive_0014_sync\image_02\data\0000000160.png,E:\monodepth_project\data\kitti\2011_09_26\2011_09_26_drive_0014_sync\velodyne_points\data\0000000160.bin,True,True,375,1242,121847,val,E:\monodepth_project\data\kitti\depth_maps\2011_09_26_2011_09_26_drive_0014_sync_160.npy
2011_09_26,2011_09_26_drive_0014_sync,161,E:\monodepth_project\data\kitti\2011_09_26\2011_09_26_drive_0014_sync\image_02\data\0000000161.png,E:\monodepth_project\data\kitti\2011_09_26\2011_09_26_drive_0014_sync\velodyne_points\data\0000000161.bin,True,True,375,1242,121925,val,E:\monodepth_project\data\kitti\depth_maps\2011_09_26_2011_09_26_drive_0014_sync_161.npy
2011_09_26,2011_09_26_drive_0014_sync,162,E:\monodepth_project\data\kitti\2011_09_26\2011_09_26_drive_0014_sync\image_02\data\0000000162.png,E:\monodepth_project\data\kitti\2011_09_26\2011_09_26_drive_0014_sync\velodyne_points\data\0000000162.bin,True,True,375,1242,122095,val,E:\monodepth_project\data\kitti\depth_maps\2011_09_26_2011_09_26_drive_0014_sync_162.npy
2011_09_26,2011_09_26_drive_0014_sync,163,E:\monodepth_project\data\kitti\2011_09_26\2011_09_26_drive_0014_sync\image_02\data\0000000163.png,E:\monodepth_project\data\kitti\2011_09_26\2011_09_26_drive_0014_sync\velodyne_points\data\0000000163.bin,True,True,375,1242,122003,val,E:\monodepth_project\data\kitti\depth_maps\2011_09_26_2011_09_26_drive_0014_sync_163.npy
2011_09_26,2011_09_26_drive_0014_sync,164,E:\monodepth_project\data\kitti\2011_09_26\2011_09_26_drive_0014_sync\image_02\data\0000000164.png,E:\monodepth_project\data\kitti\2011_09_26\2011_09_26_drive_0014_sync\velodyne_points\data\0000000164.bin,True,True,375,1242,122144,val,E:\monodepth_project\data\kitti\depth_maps\2011_09_26_2011_09_26_drive_0014_sync_164.npy
2011_09_26,2011_09_26_drive_0014_sync,165,E:\monodepth_project\data\kitti\2011_09_26\2011_09_26_drive_0014_sync\image_02\data\0000000165.png,E:\monodepth_project\data\kitti\2011_09_26\2011_09_26_drive_0014_sync\velodyne_points\data\0000000165.bin,True,True,375,1242,122236,val,E:\monodepth_project\data\kitti\depth_maps\2011_09_26_2011_09_26_drive_0014_sync_165.npy
2011_09_26,2011_09_26_drive_0014_sync,166,E:\monodepth_project\data\kitti\2011_09_26\2011_09_26_drive_0014_sync\image_02\data\0000000166.png,E:\monodepth_project\data\kitti\2011_09_26\2011_09_26_drive_0014_sync\velodyne_points\data\0000000166.bin,True,True,375,1242,122199,val,E:\monodepth_project\data\kitti\depth_maps\2011_09_26_2011_09_26_drive_0014_sync_166.npy
2011_09_26,2011_09_26_drive_0014_sync,167,E:\monodepth_project\data\kitti\2011_09_26\2011_09_26_drive_0014_sync\image_02\data\0000000167.png,E:\monodepth_project\data\kitti\2011_09_26\2011_09_26_drive_0014_sync\velodyne_points\data\0000000167.bin,True,True,375,1242,122174,val,E:\monodepth_project\data\kitti\depth_maps\2011_09_26_2011_09_26_drive_0014_sync_167.npy
2011_09_26,2011_09_26_drive_0014_sync,168,E:\monodepth_project\data\kitti\2011_09_26\2011_09_26_drive_0014_sync\image_02\data\0000000168.png,E:\monodepth_project\data\kitti\2011_09_26\2011_09_26_drive_0014_sync\velodyne_points\data\0000000168.bin,True,True,375,1242,122207,val,E:\monodepth_project\data\kitti\depth_maps\2011_09_26_2011_09_26_drive_0014_sync_168.npy
2011_09_26,2011_09_26_drive_0014_sync,169,E:\monodepth_project\data\kitti\2011_09_26\2011_09_26_drive_0014_sync\image_02\data\0000000169.png,E:\monodepth_project\data\kitti\2011_09_26\2011_09_26_drive_0014_sync\velodyne_points\data\0000000169.bin,True,True,375,1242,122349,val,E:\monodepth_project\data\kitti\depth_maps\2011_09_26_2011_09_26_drive_0014_sync_169.npy
2011_09_26,2011_09_26_drive_0014_sync,170,E:\monodepth_project\data\kitti\2011_09_26\2011_09_26_drive_0014_sync\image_02\data\0000000170.png,E:\monodepth_project\data\kitti\2011_09_26\2011_09_26_drive_0014_sync\velodyne_points\data\0000000170.bin,True,True,375,1242,122255,val,E:\monodepth_project\data\kitti\depth_maps\2011_09_26_2011_09_26_drive_0014_sync_170.npy
2011_09_26,2011_09_26_drive_0014_sync,171,E:\monodepth_project\data\kitti\2011_09_26\2011_09_26_drive_0014_sync\image_02\data\0000000171.png,E:\monodepth_project\data\kitti\2011_09_26\2011_09_26_drive_0014_sync\velodyne_points\data\0000000171.bin,True,True,375,1242,122127,val,E:\monodepth_project\data\kitti\depth_maps\2011_09_26_2011_09_26_drive_0014_sync_171.npy
2011_09_26,2011_09_26_drive_0014_sync,172,E:\monodepth_project\data\kitti\2011_09_26\2011_09_26_drive_0014_sync\image_02\data\0000000172.png,E:\monodepth_project\data\kitti\2011_09_26\2011_09_26_drive_0014_sync\velodyne_points\data\0000000172.bin,True,True,375,1242,121843,val,E:\monodepth_project\data\kitti\depth_maps\2011_09_26_2011_09_26_drive_0014_sync_172.npy
2011_09_26,2011_09_26_drive_0014_sync,173,E:\monodepth_project\data\kitti\2011_09_26\2011_09_26_drive_0014_sync\image_02\data\0000000173.png,E:\monodepth_project\data\kitti\2011_09_26\2011_09_26_drive_0014_sync\velodyne_points\data\0000000173.bin,True,True,375,1242,121843,val,E:\monodepth_project\data\kitti\depth_maps\2011_09_26_2011_09_26_drive_0014_sync_173.npy
2011_09_26,2011_09_26_drive_0014_sync,174,E:\monodepth_project\data\kitti\2011_09_26\2011_09_26_drive_0014_sync\image_02\data\0000000174.png,E:\monodepth_project\data\kitti\2011_09_26\2011_09_26_drive_0014_sync\velodyne_points\data\0000000174.bin,True,True,375,1242,121613,val,E:\monodepth_project\data\kitti\depth_maps\2011_09_26_2011_09_26_drive_0014_sync_174.npy
2011_09_26,2011_09_26_drive_0014_sync,175,E:\monodepth_project\data\kitti\2011_09_26\2011_09_26_drive_0014_sync\image_02\data\0000000175.png,E:\monodepth_project\data\kitti\2011_09_26\2011_09_26_drive_0014_sync\velodyne_points\data\0000000175.bin,True,True,375,1242,121446,val,E:\monodepth_project\data\kitti\depth_maps\2011_09_26_2011_09_26_drive_0014_sync_175.npy
2011_09_26,2011_09_26_drive_0014_sync,176,E:\monodepth_project\data\kitti\2011_09_26\2011_09_26_drive_0014_sync\image_02\data\0000000176.png,E:\monodepth_project\data\kitti\2011_09_26\2011_09_26_drive_0014_sync\velodyne_points\data\0000000176.bin,True,True,375,1242,121672,val,E:\monodepth_project\data\kitti\depth_maps\2011_09_26_2011_09_26_drive_0014_sync_176.npy
2011_09_26,2011_09_26_drive_0014_sync,177,E:\monodepth_project\data\kitti\2011_09_26\2011_09_26_drive_0014_sync\image_02\data\0000000177.png,E:\monodepth_project\data\kitti\2011_09_26\2011_09_26_drive_0014_sync\velodyne_points\data\0000000177.bin,True,True,375,1242,121924,val,E:\monodepth_project\data\kitti\depth_maps\2011_09_26_2011_09_26_drive_0014_sync_177.npy
2011_09_26,2011_09_26_drive_0014_sync,178,E:\monodepth_project\data\kitti\2011_09_26\2011_09_26_drive_0014_sync\image_02\data\0000000178.png,E:\monodepth_project\data\kitti\2011_09_26\2011_09_26_drive_0014_sync\velodyne_points\data\0000000178.bin,True,True,375,1242,122058,val,E:\monodepth_project\data\kitti\depth_maps\2011_09_26_2011_09_26_drive_0014_sync_178.npy
2011_09_26,2011_09_26_drive_0014_sync,179,E:\monodepth_project\data\kitti\2011_09_26\2011_09_26_drive_0014_sync\image_02\data\0000000179.png,E:\monodepth_project\data\kitti\2011_09_26\2011_09_26_drive_0014_sync\velodyne_points\data\0000000179.bin,True,True,375,1242,122005,val,E:\monodepth_project\data\kitti\depth_maps\2011_09_26_2011_09_26_drive_0014_sync_179.npy
2011_09_26,2011_09_26_drive_0014_sync,180,E:\monodepth_project\data\kitti\2011_09_26\2011_09_26_drive_0014_sync\image_02\data\0000000180.png,E:\monodepth_project\data\kitti\2011_09_26\2011_09_26_drive_0014_sync\velodyne_points\data\0000000180.bin,True,True,375,1242,122055,val,E:\monodepth_project\data\kitti\depth_maps\2011_09_26_2011_09_26_drive_0014_sync_180.npy
2011_09_26,2011_09_26_drive_0014_sync,181,E:\monodepth_project\data\kitti\2011_09_26\2011_09_26_drive_0014_sync\image_02\data\0000000181.png,E:\monodepth_project\data\kitti\2011_09_26\2011_09_26_drive_0014_sync\velodyne_points\data\0000000181.bin,True,True,375,1242,121826,val,E:\monodepth_project\data\kitti\depth_maps\2011_09_26_2011_09_26_drive_0014_sync_181.npy
2011_09_26,2011_09_26_drive_0014_sync,182,E:\monodepth_project\data\kitti\2011_09_26\2011_09_26_drive_0014_sync\image_02\data\0000000182.png,E:\monodepth_project\data\kitti\2011_09_26\2011_09_26_drive_0014_sync\velodyne_points\data\0000000182.bin,True,True,375,1242,122083,val,E:\monodepth_project\data\kitti\depth_maps\2011_09_26_2011_09_26_drive_0014_sync_182.npy
2011_09_26,2011_09_26_drive_0014_sync,183,E:\monodepth_project\data\kitti\2011_09_26\2011_09_26_drive_0014_sync\image_02\data\0000000183.png,E:\monodepth_project\data\kitti\2011_09_26\2011_09_26_drive_0014_sync\velodyne_points\data\0000000183.bin,True,True,375,1242,122015,val,E:\monodepth_project\data\kitti\depth_maps\2011_09_26_2011_09_26_drive_0014_sync_183.npy
2011_09_26,2011_09_26_drive_0014_sync,184,E:\monodepth_project\data\kitti\2011_09_26\2011_09_26_drive_0014_sync\image_02\data\0000000184.png,E:\monodepth_project\data\kitti\2011_09_26\2011_09_26_drive_0014_sync\velodyne_points\data\0000000184.bin,True,True,375,1242,121842,val,E:\monodepth_project\data\kitti\depth_maps\2011_09_26_2011_09_26_drive_0014_sync_184.npy
2011_09_26,2011_09_26_drive_0014_sync,185,E:\monodepth_project\data\kitti\2011_09_26\2011_09_26_drive_0014_sync\image_02\data\0000000185.png,E:\monodepth_project\data\kitti\2011_09_26\2011_09_26_drive_0014_sync\velodyne_points\data\0000000185.bin,True,True,375,1242,121824,val,E:\monodepth_project\data\kitti\depth_maps\2011_09_26_2011_09_26_drive_0014_sync_185.npy
2011_09_26,2011_09_26_drive_0014_sync,186,E:\monodepth_project\data\kitti\2011_09_26\2011_09_26_drive_0014_sync\image_02\data\0000000186.png,E:\monodepth_project\data\kitti\2011_09_26\2011_09_26_drive_0014_sync\velodyne_points\data\0000000186.bin,True,True,375,1242,121927,val,E:\monodepth_project\data\kitti\depth_maps\2011_09_26_2011_09_26_drive_0014_sync_186.npy
2011_09_26,2011_09_26_drive_0014_sync,187,E:\monodepth_project\data\kitti\2011_09_26\2011_09_26_drive_0014_sync\image_02\data\0000000187.png,E:\monodepth_project\data\kitti\2011_09_26\2011_09_26_drive_0014_sync\velodyne_points\data\0000000187.bin,True,True,375,1242,121926,val,E:\monodepth_project\data\kitti\depth_maps\2011_09_26_2011_09_26_drive_0014_sync_187.npy
2011_09_26,2011_09_26_drive_0014_sync,188,E:\monodepth_project\data\kitti\2011_09_26\2011_09_26_drive_0014_sync\image_02\data\0000000188.png,E:\monodepth_project\data\kitti\2011_09_26\2011_09_26_drive_0014_sync\velodyne_points\data\0000000188.bin,True,True,375,1242,121700,val,E:\monodepth_project\data\kitti\depth_maps\2011_09_26_2011_09_26_drive_0014_sync_188.npy
2011_09_26,2011_09_26_drive_0014_sync,189,E:\monodepth_project\data\kitti\2011_09_26\2011_09_26_drive_0014_sync\image_02\data\0000000189.png,E:\monodepth_project\data\kitti\2011_09_26\2011_09_26_drive_0014_sync\velodyne_points\data\0000000189.bin,True,True,375,1242,121691,val,E:\monodepth_project\data\kitti\depth_maps\2011_09_26_2011_09_26_drive_0014_sync_189.npy
2011_09_26,2011_09_26_drive_0014_sync,190,E:\monodepth_project\data\kitti\2011_09_26\2011_09_26_drive_0014_sync\image_02\data\0000000190.png,E:\monodepth_project\data\kitti\2011_09_26\2011_09_26_drive_0014_sync\velodyne_points\data\0000000190.bin,True,True,375,1242,121608,val,E:\monodepth_project\data\kitti\depth_maps\2011_09_26_2011_09_26_drive_0014_sync_190.npy
2011_09_26,2011_09_26_drive_0014_sync,191,E:\monodepth_project\data\kitti\2011_09_26\2011_09_26_drive_0014_sync\image_02\data\0000000191.png,E:\monodepth_project\data\kitti\2011_09_26\2011_09_26_drive_0014_sync\velodyne_points\data\0000000191.bin,True,True,375,1242,121821,val,E:\monodepth_project\data\kitti\depth_maps\2011_09_26_2011_09_26_drive_0014_sync_191.npy
2011_09_26,2011_09_26_drive_0014_sync,192,E:\monodepth_project\data\kitti\2011_09_26\2011_09_26_drive_0014_sync\image_02\data\0000000192.png,E:\monodepth_project\data\kitti\2011_09_26\2011_09_26_drive_0014_sync\velodyne_points\data\0000000192.bin,True,True,375,1242,121784,val,E:\monodepth_project\data\kitti\depth_maps\2011_09_26_2011_09_26_drive_0014_sync_192.npy
2011_09_26,2011_09_26_drive_0014_sync,193,E:\monodepth_project\data\kitti\2011_09_26\2011_09_26_drive_0014_sync\image_02\data\0000000193.png,E:\monodepth_project\data\kitti\2011_09_26\2011_09_26_drive_0014_sync\velodyne_points\data\0000000193.bin,True,True,375,1242,121559,val,E:\monodepth_project\data\kitti\depth_maps\2011_09_26_2011_09_26_drive_0014_sync_193.npy
2011_09_26,2011_09_26_drive_0014_sync,194,E:\monodepth_project\data\kitti\2011_09_26\2011_09_26_drive_0014_sync\image_02\data\0000000194.png,E:\monodepth_project\data\kitti\2011_09_26\2011_09_26_drive_0014_sync\velodyne_points\data\0000000194.bin,True,True,375,1242,121339,val,E:\monodepth_project\data\kitti\depth_maps\2011_09_26_2011_09_26_drive_0014_sync_194.npy
2011_09_26,2011_09_26_drive_0014_sync,195,E:\monodepth_project\data\kitti\2011_09_26\2011_09_26_drive_0014_sync\image_02\data\0000000195.png,E:\monodepth_project\data\kitti\2011_09_26\2011_09_26_drive_0014_sync\velodyne_points\data\0000000195.bin,True,True,375,1242,120885,val,E:\monodepth_project\data\kitti\depth_maps\2011_09_26_2011_09_26_drive_0014_sync_195.npy
2011_09_26,2011_09_26_drive_0014_sync,196,E:\monodepth_project\data\kitti\2011_09_26\2011_09_26_drive_0014_sync\image_02\data\0000000196.png,E:\monodepth_project\data\kitti\2011_09_26\2011_09_26_drive_0014_sync\velodyne_points\data\0000000196.bin,True,True,375,1242,120561,val,E:\monodepth_project\data\kitti\depth_maps\2011_09_26_2011_09_26_drive_0014_sync_196.npy
2011_09_26,2011_09_26_drive_0014_sync,197,E:\monodepth_project\data\kitti\2011_09_26\2011_09_26_drive_0014_sync\image_02\data\0000000197.png,E:\monodepth_project\data\kitti\2011_09_26\2011_09_26_drive_0014_sync\velodyne_points\data\0000000197.bin,True,True,375,1242,120382,val,E:\monodepth_project\data\kitti\depth_maps\2011_09_26_2011_09_26_drive_0014_sync_197.npy
2011_09_26,2011_09_26_drive_0014_sync,198,E:\monodepth_project\data\kitti\2011_09_26\2011_09_26_drive_0014_sync\image_02\data\0000000198.png,E:\monodepth_project\data\kitti\2011_09_26\2011_09_26_drive_0014_sync\velodyne_points\data\0000000198.bin,True,True,375,1242,119600,val,E:\monodepth_project\data\kitti\depth_maps\2011_09_26_2011_09_26_drive_0014_sync_198.npy
2011_09_26,2011_09_26_drive_0014_sync,199,E:\monodepth_project\data\kitti\2011_09_26\2011_09_26_drive_0014_sync\image_02\data\0000000199.png,E:\monodepth_project\data\kitti\2011_09_26\2011_09_26_drive_0014_sync\velodyne_points\data\0000000199.bin,True,True,375,1242,118905,val,E:\monodepth_project\data\kitti\depth_maps\2011_09_26_2011_09_26_drive_0014_sync_199.npy
2011_09_26,2011_09_26_drive_0014_sync,200,E:\monodepth_project\data\kitti\2011_09_26\2011_09_26_drive_0014_sync\image_02\data\0000000200.png,E:\monodepth_project\data\kitti\2011_09_26\2011_09_26_drive_0014_sync\velodyne_points\data\0000000200.bin,True,True,375,1242,117084,val,E:\monodepth_project\data\kitti\depth_maps\2011_09_26_2011_09_26_drive_0014_sync_200.npy
2011_09_26,2011_09_26_drive_0014_sync,201,E:\monodepth_project\data\kitti\2011_09_26\2011_09_26_drive_0014_sync\image_02\data\0000000201.png,E:\monodepth_project\data\kitti\2011_09_26\2011_09_26_drive_0014_sync\velodyne_points\data\0000000201.bin,True,True,375,1242,114427,val,E:\monodepth_project\data\kitti\depth_maps\2011_09_26_2011_09_26_drive_0014_sync_201.npy
2011_09_26,2011_09_26_drive_0014_sync,202,E:\monodepth_project\data\kitti\2011_09_26\2011_09_26_drive_0014_sync\image_02\data\0000000202.png,E:\monodepth_project\data\kitti\2011_09_26\2011_09_26_drive_0014_sync\velodyne_points\data\0000000202.bin,True,True,375,1242,111447,val,E:\monodepth_project\data\kitti\depth_maps\2011_09_26_2011_09_26_drive_0014_sync_202.npy
2011_09_26,2011_09_26_drive_0014_sync,203,E:\monodepth_project\data\kitti\2011_09_26\2011_09_26_drive_0014_sync\image_02\data\0000000203.png,E:\monodepth_project\data\kitti\2011_09_26\2011_09_26_drive_0014_sync\velodyne_points\data\0000000203.bin,True,True,375,1242,111063,val,E:\monodepth_project\data\kitti\depth_maps\2011_09_26_2011_09_26_drive_0014_sync_203.npy
2011_09_26,2011_09_26_drive_0014_sync,204,E:\monodepth_project\data\kitti\2011_09_26\2011_09_26_drive_0014_sync\image_02\data\0000000204.png,E:\monodepth_project\data\kitti\2011_09_26\2011_09_26_drive_0014_sync\velodyne_points\data\0000000204.bin,True,True,375,1242,110465,val,E:\monodepth_project\data\kitti\depth_maps\2011_09_26_2011_09_26_drive_0014_sync_204.npy
2011_09_26,2011_09_26_drive_0014_sync,205,E:\monodepth_project\data\kitti\2011_09_26\2011_09_26_drive_0014_sync\image_02\data\0000000205.png,E:\monodepth_project\data\kitti\2011_09_26\2011_09_26_drive_0014_sync\velodyne_points\data\0000000205.bin,True,True,375,1242,110695,val,E:\monodepth_project\data\kitti\depth_maps\2011_09_26_2011_09_26_drive_0014_sync_205.npy
2011_09_26,2011_09_26_drive_0014_sync,206,E:\monodepth_project\data\kitti\2011_09_26\2011_09_26_drive_0014_sync\image_02\data\0000000206.png,E:\monodepth_project\data\kitti\2011_09_26\2011_09_26_drive_0014_sync\velodyne_points\data\0000000206.bin,True,True,375,1242,110977,val,E:\monodepth_project\data\kitti\depth_maps\2011_09_26_2011_09_26_drive_0014_sync_206.npy
2011_09_26,2011_09_26_drive_0014_sync,207,E:\monodepth_project\data\kitti\2011_09_26\2011_09_26_drive_0014_sync\image_02\data\0000000207.png,E:\monodepth_project\data\kitti\2011_09_26\2011_09_26_drive_0014_sync\velodyne_points\data\0000000207.bin,True,True,375,1242,113575,val,E:\monodepth_project\data\kitti\depth_maps\2011_09_26_2011_09_26_drive_0014_sync_207.npy
2011_09_26,2011_09_26_drive_0014_sync,208,E:\monodepth_project\data\kitti\2011_09_26\2011_09_26_drive_0014_sync\image_02\data\0000000208.png,E:\monodepth_project\data\kitti\2011_09_26\2011_09_26_drive_0014_sync\velodyne_points\data\0000000208.bin,True,True,375,1242,116241,val,E:\monodepth_project\data\kitti\depth_maps\2011_09_26_2011_09_26_drive_0014_sync_208.npy
2011_09_26,2011_09_26_drive_0014_sync,209,E:\monodepth_project\data\kitti\2011_09_26\2011_09_26_drive_0014_sync\image_02\data\0000000209.png,E:\monodepth_project\data\kitti\2011_09_26\2011_09_26_drive_0014_sync\velodyne_points\data\0000000209.bin,True,True,375,1242,118109,val,E:\monodepth_project\data\kitti\depth_maps\2011_09_26_2011_09_26_drive_0014_sync_209.npy
2011_09_26,2011_09_26_drive_0014_sync,210,E:\monodepth_project\data\kitti\2011_09_26\2011_09_26_drive_0014_sync\image_02\data\0000000210.png,E:\monodepth_project\data\kitti\2011_09_26\2011_09_26_drive_0014_sync\velodyne_points\data\0000000210.bin,True,True,375,1242,118874,val,E:\monodepth_project\data\kitti\depth_maps\2011_09_26_2011_09_26_drive_0014_sync_210.npy
2011_09_26,2011_09_26_drive_0014_sync,211,E:\monodepth_project\data\kitti\2011_09_26\2011_09_26_drive_0014_sync\image_02\data\0000000211.png,E:\monodepth_project\data\kitti\2011_09_26\2011_09_26_drive_0014_sync\velodyne_points\data\0000000211.bin,True,True,375,1242,119514,val,E:\monodepth_project\data\kitti\depth_maps\2011_09_26_2011_09_26_drive_0014_sync_211.npy
2011_09_26,2011_09_26_drive_0014_sync,212,E:\monodepth_project\data\kitti\2011_09_26\2011_09_26_drive_0014_sync\image_02\data\0000000212.png,E:\monodepth_project\data\kitti\2011_09_26\2011_09_26_drive_0014_sync\velodyne_points\data\0000000212.bin,True,True,375,1242,119927,val,E:\monodepth_project\data\kitti\depth_maps\2011_09_26_2011_09_26_drive_0014_sync_212.npy
2011_09_26,2011_09_26_drive_0014_sync,213,E:\monodepth_project\data\kitti\2011_09_26\2011_09_26_drive_0014_sync\image_02\data\0000000213.png,E:\monodepth_project\data\kitti\2011_09_26\2011_09_26_drive_0014_sync\velodyne_points\data\0000000213.bin,True,True,375,1242,120131,val,E:\monodepth_project\data\kitti\depth_maps\2011_09_26_2011_09_26_drive_0014_sync_213.npy
2011_09_26,2011_09_26_drive_0014_sync,214,E:\monodepth_project\data\kitti\2011_09_26\2011_09_26_drive_0014_sync\image_02\data\0000000214.png,E:\monodepth_project\data\kitti\2011_09_26\2011_09_26_drive_0014_sync\velodyne_points\data\0000000214.bin,True,True,375,1242,120168,val,E:\monodepth_project\data\kitti\depth_maps\2011_09_26_2011_09_26_drive_0014_sync_214.npy
2011_09_26,2011_09_26_drive_0014_sync,215,E:\monodepth_project\data\kitti\2011_09_26\2011_09_26_drive_0014_sync\image_02\data\0000000215.png,E:\monodepth_project\data\kitti\2011_09_26\2011_09_26_drive_0014_sync\velodyne_points\data\0000000215.bin,True,True,375,1242,119877,val,E:\monodepth_project\data\kitti\depth_maps\2011_09_26_2011_09_26_drive_0014_sync_215.npy
2011_09_26,2011_09_26_drive_0014_sync,216,E:\monodepth_project\data\kitti\2011_09_26\2011_09_26_drive_0014_sync\image_02\data\0000000216.png,E:\monodepth_project\data\kitti\2011_09_26\2011_09_26_drive_0014_sync\velodyne_points\data\0000000216.bin,True,True,375,1242,119664,val,E:\monodepth_project\data\kitti\depth_maps\2011_09_26_2011_09_26_drive_0014_sync_216.npy
2011_09_26,2011_09_26_drive_0014_sync,217,E:\monodepth_project\data\kitti\2011_09_26\2011_09_26_drive_0014_sync\image_02\data\0000000217.png,E:\monodepth_project\data\kitti\2011_09_26\2011_09_26_drive_0014_sync\velodyne_points\data\0000000217.bin,True,True,375,1242,119747,val,E:\monodepth_project\data\kitti\depth_maps\2011_09_26_2011_09_26_drive_0014_sync_217.npy
2011_09_26,2011_09_26_drive_0014_sync,218,E:\monodepth_project\data\kitti\2011_09_26\2011_09_26_drive_0014_sync\image_02\data\0000000218.png,E:\monodepth_project\data\kitti\2011_09_26\2011_09_26_drive_0014_sync\velodyne_points\data\0000000218.bin,True,True,375,1242,119864,val,E:\monodepth_project\data\kitti\depth_maps\2011_09_26_2011_09_26_drive_0014_sync_218.npy
2011_09_26,2011_09_26_drive_0014_sync,219,E:\monodepth_project\data\kitti\2011_09_26\2011_09_26_drive_0014_sync\image_02\data\0000000219.png,E:\monodepth_project\data\kitti\2011_09_26\2011_09_26_drive_0014_sync\velodyne_points\data\0000000219.bin,True,True,375,1242,120057,val,E:\monodepth_project\data\kitti\depth_maps\2011_09_26_2011_09_26_drive_0014_sync_219.npy
2011_09_26,2011_09_26_drive_0014_sync,220,E:\monodepth_project\data\kitti\2011_09_26\2011_09_26_drive_0014_sync\image_02\data\0000000220.png,E:\monodepth_project\data\kitti\2011_09_26\2011_09_26_drive_0014_sync\velodyne_points\data\0000000220.bin,True,True,375,1242,120107,val,E:\monodepth_project\data\kitti\depth_maps\2011_09_26_2011_09_26_drive_0014_sync_220.npy
2011_09_26,2011_09_26_drive_0014_sync,221,E:\monodepth_project\data\kitti\2011_09_26\2011_09_26_drive_0014_sync\image_02\data\0000000221.png,E:\monodepth_project\data\kitti\2011_09_26\2011_09_26_drive_0014_sync\velodyne_points\data\0000000221.bin,True,True,375,1242,120425,val,E:\monodepth_project\data\kitti\depth_maps\2011_09_26_2011_09_26_drive_0014_sync_221.npy
2011_09_26,2011_09_26_drive_0014_sync,222,E:\monodepth_project\data\kitti\2011_09_26\2011_09_26_drive_0014_sync\image_02\data\0000000222.png,E:\monodepth_project\data\kitti\2011_09_26\2011_09_26_drive_0014_sync\velodyne_points\data\0000000222.bin,True,True,375,1242,120305,val,E:\monodepth_project\data\kitti\depth_maps\2011_09_26_2011_09_26_drive_0014_sync_222.npy
2011_09_26,2011_09_26_drive_0014_sync,223,E:\monodepth_project\data\kitti\2011_09_26\2011_09_26_drive_0014_sync\image_02\data\0000000223.png,E:\monodepth_project\data\kitti\2011_09_26\2011_09_26_drive_0014_sync\velodyne_points\data\0000000223.bin,True,True,375,1242,119928,val,E:\monodepth_project\data\kitti\depth_maps\2011_09_26_2011_09_26_drive_0014_sync_223.npy
2011_09_26,2011_09_26_drive_0014_sync,224,E:\monodepth_project\data\kitti\2011_09_26\2011_09_26_drive_0014_sync\image_02\data\0000000224.png,E:\monodepth_project\data\kitti\2011_09_26\2011_09_26_drive_0014_sync\velodyne_points\data\0000000224.bin,True,True,375,1242,119829,val,E:\monodepth_project\data\kitti\depth_maps\2011_09_26_2011_09_26_drive_0014_sync_224.npy
2011_09_26,2011_09_26_drive_0014_sync,225,E:\monodepth_project\data\kitti\2011_09_26\2011_09_26_drive_0014_sync\image_02\data\0000000225.png,E:\monodepth_project\data\kitti\2011_09_26\2011_09_26_drive_0014_sync\velodyne_points\data\0000000225.bin,True,True,375,1242,120095,val,E:\monodepth_project\data\kitti\depth_maps\2011_09_26_2011_09_26_drive_0014_sync_225.npy
2011_09_26,2011_09_26_drive_0014_sync,226,E:\monodepth_project\data\kitti\2011_09_26\2011_09_26_drive_0014_sync\image_02\data\0000000226.png,E:\monodepth_project\data\kitti\2011_09_26\2011_09_26_drive_0014_sync\velodyne_points\data\0000000226.bin,True,True,375,1242,120236,val,E:\monodepth_project\data\kitti\depth_maps\2011_09_26_2011_09_26_drive_0014_sync_226.npy
2011_09_26,2011_09_26_drive_0014_sync,227,E:\monodepth_project\data\kitti\2011_09_26\2011_09_26_drive_0014_sync\image_02\data\0000000227.png,E:\monodepth_project\data\kitti\2011_09_26\2011_09_26_drive_0014_sync\velodyne_points\data\0000000227.bin,True,True,375,1242,120226,val,E:\monodepth_project\data\kitti\depth_maps\2011_09_26_2011_09_26_drive_0014_sync_227.npy
2011_09_26,2011_09_26_drive_0014_sync,228,E:\monodepth_project\data\kitti\2011_09_26\2011_09_26_drive_0014_sync\image_02\data\0000000228.png,E:\monodepth_project\data\kitti\2011_09_26\2011_09_26_drive_0014_sync\velodyne_points\data\0000000228.bin,True,True,375,1242,120255,val,E:\monodepth_project\data\kitti\depth_maps\2011_09_26_2011_09_26_drive_0014_sync_228.npy
2011_09_26,2011_09_26_drive_0014_sync,229,E:\monodepth_project\data\kitti\2011_09_26\2011_09_26_drive_0014_sync\image_02\data\0000000229.png,E:\monodepth_project\data\kitti\2011_09_26\2011_09_26_drive_0014_sync\velodyne_points\data\0000000229.bin,True,True,375,1242,120231,val,E:\monodepth_project\data\kitti\depth_maps\2011_09_26_2011_09_26_drive_0014_sync_229.npy
2011_09_26,2011_09_26_drive_0014_sync,230,E:\monodepth_project\data\kitti\2011_09_26\2011_09_26_drive_0014_sync\image_02\data\0000000230.png,E:\monodepth_project\data\kitti\2011_09_26\2011_09_26_drive_0014_sync\velodyne_points\data\0000000230.bin,True,True,375,1242,120299,val,E:\monodepth_project\data\kitti\depth_maps\2011_09_26_2011_09_26_drive_0014_sync_230.npy
2011_09_26,2011_09_26_drive_0014_sync,231,E:\monodepth_project\data\kitti\2011_09_26\2011_09_26_drive_0014_sync\image_02\data\0000000231.png,E:\monodepth_project\data\kitti\2011_09_26\2011_09_26_drive_0014_sync\velodyne_points\data\0000000231.bin,True,True,375,1242,120213,val,E:\monodepth_project\data\kitti\depth_maps\2011_09_26_2011_09_26_drive_0014_sync_231.npy
2011_09_26,2011_09_26_drive_0014_sync,232,E:\monodepth_project\data\kitti\2011_09_26\2011_09_26_drive_0014_sync\image_02\data\0000000232.png,E:\monodepth_project\data\kitti\2011_09_26\2011_09_26_drive_0014_sync\velodyne_points\data\0000000232.bin,True,True,375,1242,120120,val,E:\monodepth_project\data\kitti\depth_maps\2011_09_26_2011_09_26_drive_0014_sync_232.npy
2011_09_26,2011_09_26_drive_0014_sync,233,E:\monodepth_project\data\kitti\2011_09_26\2011_09_26_drive_0014_sync\image_02\data\0000000233.png,E:\monodepth_project\data\kitti\2011_09_26\2011_09_26_drive_0014_sync\velodyne_points\data\0000000233.bin,True,True,375,1242,120233,val,E:\monodepth_project\data\kitti\depth_maps\2011_09_26_2011_09_26_drive_0014_sync_233.npy
2011_09_26,2011_09_26_drive_0014_sync,234,E:\monodepth_project\data\kitti\2011_09_26\2011_09_26_drive_0014_sync\image_02\data\0000000234.png,E:\monodepth_project\data\kitti\2011_09_26\2011_09_26_drive_0014_sync\velodyne_points\data\0000000234.bin,True,True,375,1242,120295,val,E:\monodepth_project\data\kitti\depth_maps\2011_09_26_2011_09_26_drive_0014_sync_234.npy
2011_09_26,2011_09_26_drive_0014_sync,235,E:\monodepth_project\data\kitti\2011_09_26\2011_09_26_drive_0014_sync\image_02\data\0000000235.png,E:\monodepth_project\data\kitti\2011_09_26\2011_09_26_drive_0014_sync\velodyne_points\data\0000000235.bin,True,True,375,1242,120244,val,E:\monodepth_project\data\kitti\depth_maps\2011_09_26_2011_09_26_drive_0014_sync_235.npy
2011_09_26,2011_09_26_drive_0014_sync,236,E:\monodepth_project\data\kitti\2011_09_26\2011_09_26_drive_0014_sync\image_02\data\0000000236.png,E:\monodepth_project\data\kitti\2011_09_26\2011_09_26_drive_0014_sync\velodyne_points\data\0000000236.bin,True,True,375,1242,120092,val,E:\monodepth_project\data\kitti\depth_maps\2011_09_26_2011_09_26_drive_0014_sync_236.npy
2011_09_26,2011_09_26_drive_0014_sync,237,E:\monodepth_project\data\kitti\2011_09_26\2011_09_26_drive_0014_sync\image_02\data\0000000237.png,E:\monodepth_project\data\kitti\2011_09_26\2011_09_26_drive_0014_sync\velodyne_points\data\0000000237.bin,True,True,375,1242,119906,val,E:\monodepth_project\data\kitti\depth_maps\2011_09_26_2011_09_26_drive_0014_sync_237.npy
2011_09_26,2011_09_26_drive_0014_sync,238,E:\monodepth_project\data\kitti\2011_09_26\2011_09_26_drive_0014_sync\image_02\data\0000000238.png,E:\monodepth_project\data\kitti\2011_09_26\2011_09_26_drive_0014_sync\velodyne_points\data\0000000238.bin,True,True,375,1242,119775,val,E:\monodepth_project\data\kitti\depth_maps\2011_09_26_2011_09_26_drive_0014_sync_238.npy
2011_09_26,2011_09_26_drive_0014_sync,239,E:\monodepth_project\data\kitti\2011_09_26\2011_09_26_drive_0014_sync\image_02\data\0000000239.png,E:\monodepth_project\data\kitti\2011_09_26\2011_09_26_drive_0014_sync\velodyne_points\data\0000000239.bin,True,True,375,1242,119813,val,E:\monodepth_project\data\kitti\depth_maps\2011_09_26_2011_09_26_drive_0014_sync_239.npy
2011_09_26,2011_09_26_drive_0014_sync,240,E:\monodepth_project\data\kitti\2011_09_26\2011_09_26_drive_0014_sync\image_02\data\0000000240.png,E:\monodepth_project\data\kitti\2011_09_26\2011_09_26_drive_0014_sync\velodyne_points\data\0000000240.bin,True,True,375,1242,119884,val,E:\monodepth_project\data\kitti\depth_maps\2011_09_26_2011_09_26_drive_0014_sync_240.npy
2011_09_26,2011_09_26_drive_0014_sync,241,E:\monodepth_project\data\kitti\2011_09_26\2011_09_26_drive_0014_sync\image_02\data\0000000241.png,E:\monodepth_project\data\kitti\2011_09_26\2011_09_26_drive_0014_sync\velodyne_points\data\0000000241.bin,True,True,375,1242,119848,val,E:\monodepth_project\data\kitti\depth_maps\2011_09_26_2011_09_26_drive_0014_sync_241.npy
2011_09_26,2011_09_26_drive_0014_sync,242,E:\monodepth_project\data\kitti\2011_09_26\2011_09_26_drive_0014_sync\image_02\data\0000000242.png,E:\monodepth_project\data\kitti\2011_09_26\2011_09_26_drive_0014_sync\velodyne_points\data\0000000242.bin,True,True,375,1242,119613,val,E:\monodepth_project\data\kitti\depth_maps\2011_09_26_2011_09_26_drive_0014_sync_242.npy
2011_09_26,2011_09_26_drive_0014_sync,243,E:\monodepth_project\data\kitti\2011_09_26\2011_09_26_drive_0014_sync\image_02\data\0000000243.png,E:\monodepth_project\data\kitti\2011_09_26\2011_09_26_drive_0014_sync\velodyne_points\data\0000000243.bin,True,True,375,1242,119262,val,E:\monodepth_project\data\kitti\depth_maps\2011_09_26_2011_09_26_drive_0014_sync_243.npy
2011_09_26,2011_09_26_drive_0014_sync,244,E:\monodepth_project\data\kitti\2011_09_26\2011_09_26_drive_0014_sync\image_02\data\0000000244.png,E:\monodepth_project\data\kitti\2011_09_26\2011_09_26_drive_0014_sync\velodyne_points\data\0000000244.bin,True,True,375,1242,118599,val,E:\monodepth_project\data\kitti\depth_maps\2011_09_26_2011_09_26_drive_0014_sync_244.npy
2011_09_26,2011_09_26_drive_0014_sync,245,E:\monodepth_project\data\kitti\2011_09_26\2011_09_26_drive_0014_sync\image_02\data\0000000245.png,E:\monodepth_project\data\kitti\2011_09_26\2011_09_26_drive_0014_sync\velodyne_points\data\0000000245.bin,True,True,375,1242,118384,val,E:\monodepth_project\data\kitti\depth_maps\2011_09_26_2011_09_26_drive_0014_sync_245.npy
2011_09_26,2011_09_26_drive_0014_sync,246,E:\monodepth_project\data\kitti\2011_09_26\2011_09_26_drive_0014_sync\image_02\data\0000000246.png,E:\monodepth_project\data\kitti\2011_09_26\2011_09_26_drive_0014_sync\velodyne_points\data\0000000246.bin,True,True,375,1242,118396,val,E:\monodepth_project\data\kitti\depth_maps\2011_09_26_2011_09_26_drive_0014_sync_246.npy
2011_09_26,2011_09_26_drive_0014_sync,247,E:\monodepth_project\data\kitti\2011_09_26\2011_09_26_drive_0014_sync\image_02\data\0000000247.png,E:\monodepth_project\data\kitti\2011_09_26\2011_09_26_drive_0014_sync\velodyne_points\data\0000000247.bin,True,True,375,1242,118080,val,E:\monodepth_project\data\kitti\depth_maps\2011_09_26_2011_09_26_drive_0014_sync_247.npy
2011_09_26,2011_09_26_drive_0014_sync,248,E:\monodepth_project\data\kitti\2011_09_26\2011_09_26_drive_0014_sync\image_02\data\0000000248.png,E:\monodepth_project\data\kitti\2011_09_26\2011_09_26_drive_0014_sync\velodyne_points\data\0000000248.bin,True,True,375,1242,117970,val,E:\monodepth_project\data\kitti\depth_maps\2011_09_26_2011_09_26_drive_0014_sync_248.npy
2011_09_26,2011_09_26_drive_0014_sync,249,E:\monodepth_project\data\kitti\2011_09_26\2011_09_26_drive_0014_sync\image_02\data\0000000249.png,E:\monodepth_project\data\kitti\2011_09_26\2011_09_26_drive_0014_sync\velodyne_points\data\0000000249.bin,True,True,375,1242,118262,val,E:\monodepth_project\data\kitti\depth_maps\2011_09_26_2011_09_26_drive_0014_sync_249.npy
2011_09_26,2011_09_26_drive_0014_sync,250,E:\monodepth_project\data\kitti\2011_09_26\2011_09_26_drive_0014_sync\image_02\data\0000000250.png,E:\monodepth_project\data\kitti\2011_09_26\2011_09_26_drive_0014_sync\velodyne_points\data\0000000250.bin,True,True,375,1242,118357,val,E:\monodepth_project\data\kitti\depth_maps\2011_09_26_2011_09_26_drive_0014_sync_250.npy
2011_09_26,2011_09_26_drive_0014_sync,251,E:\monodepth_project\data\kitti\2011_09_26\2011_09_26_drive_0014_sync\image_02\data\0000000251.png,E:\monodepth_project\data\kitti\2011_09_26\2011_09_26_drive_0014_sync\velodyne_points\data\0000000251.bin,True,True,375,1242,118103,val,E:\monodepth_project\data\kitti\depth_maps\2011_09_26_2011_09_26_drive_0014_sync_251.npy
2011_09_26,2011_09_26_drive_0014_sync,252,E:\monodepth_project\data\kitti\2011_09_26\2011_09_26_drive_0014_sync\image_02\data\0000000252.png,E:\monodepth_project\data\kitti\2011_09_26\2011_09_26_drive_0014_sync\velodyne_points\data\0000000252.bin,True,True,375,1242,118555,val,E:\monodepth_project\data\kitti\depth_maps\2011_09_26_2011_09_26_drive_0014_sync_252.npy
2011_09_26,2011_09_26_drive_0014_sync,253,E:\monodepth_project\data\kitti\2011_09_26\2011_09_26_drive_0014_sync\image_02\data\0000000253.png,E:\monodepth_project\data\kitti\2011_09_26\2011_09_26_drive_0014_sync\velodyne_points\data\0000000253.bin,True,True,375,1242,118481,val,E:\monodepth_project\data\kitti\depth_maps\2011_09_26_2011_09_26_drive_0014_sync_253.npy
2011_09_26,2011_09_26_drive_0014_sync,254,E:\monodepth_project\data\kitti\2011_09_26\2011_09_26_drive_0014_sync\image_02\data\0000000254.png,E:\monodepth_project\data\kitti\2011_09_26\2011_09_26_drive_0014_sync\velodyne_points\data\0000000254.bin,True,True,375,1242,118383,val,E:\monodepth_project\data\kitti\depth_maps\2011_09_26_2011_09_26_drive_0014_sync_254.npy
2011_09_26,2011_09_26_drive_0014_sync,255,E:\monodepth_project\data\kitti\2011_09_26\2011_09_26_drive_0014_sync\image_02\data\0000000255.png,E:\monodepth_project\data\kitti\2011_09_26\2011_09_26_drive_0014_sync\velodyne_points\data\0000000255.bin,True,True,375,1242,118359,val,E:\monodepth_project\data\kitti\depth_maps\2011_09_26_2011_09_26_drive_0014_sync_255.npy
2011_09_26,2011_09_26_drive_0014_sync,256,E:\monodepth_project\data\kitti\2011_09_26\2011_09_26_drive_0014_sync\image_02\data\0000000256.png,E:\monodepth_project\data\kitti\2011_09_26\2011_09_26_drive_0014_sync\velodyne_points\data\0000000256.bin,True,True,375,1242,118480,val,E:\monodepth_project\data\kitti\depth_maps\2011_09_26_2011_09_26_drive_0014_sync_256.npy
2011_09_26,2011_09_26_drive_0014_sync,257,E:\monodepth_project\data\kitti\2011_09_26\2011_09_26_drive_0014_sync\image_02\data\0000000257.png,E:\monodepth_project\data\kitti\2011_09_26\2011_09_26_drive_0014_sync\velodyne_points\data\0000000257.bin,True,True,375,1242,118551,val,E:\monodepth_project\data\kitti\depth_maps\2011_09_26_2011_09_26_drive_0014_sync_257.npy
2011_09_26,2011_09_26_drive_0014_sync,258,E:\monodepth_project\data\kitti\2011_09_26\2011_09_26_drive_0014_sync\image_02\data\0000000258.png,E:\monodepth_project\data\kitti\2011_09_26\2011_09_26_drive_0014_sync\velodyne_points\data\0000000258.bin,True,True,375,1242,118669,val,E:\monodepth_project\data\kitti\depth_maps\2011_09_26_2011_09_26_drive_0014_sync_258.npy
2011_09_26,2011_09_26_drive_0014_sync,259,E:\monodepth_project\data\kitti\2011_09_26\2011_09_26_drive_0014_sync\image_02\data\0000000259.png,E:\monodepth_project\data\kitti\2011_09_26\2011_09_26_drive_0014_sync\velodyne_points\data\0000000259.bin,True,True,375,1242,118579,val,E:\monodepth_project\data\kitti\depth_maps\2011_09_26_2011_09_26_drive_0014_sync_259.npy
2011_09_26,2011_09_26_drive_0014_sync,260,E:\monodepth_project\data\kitti\2011_09_26\2011_09_26_drive_0014_sync\image_02\data\0000000260.png,E:\monodepth_project\data\kitti\2011_09_26\2011_09_26_drive_0014_sync\velodyne_points\data\0000000260.bin,True,True,375,1242,118644,val,E:\monodepth_project\data\kitti\depth_maps\2011_09_26_2011_09_26_drive_0014_sync_260.npy
2011_09_26,2011_09_26_drive_0014_sync,261,E:\monodepth_project\data\kitti\2011_09_26\2011_09_26_drive_0014_sync\image_02\data\0000000261.png,E:\monodepth_project\data\kitti\2011_09_26\2011_09_26_drive_0014_sync\velodyne_points\data\0000000261.bin,True,True,375,1242,118882,val,E:\monodepth_project\data\kitti\depth_maps\2011_09_26_2011_09_26_drive_0014_sync_261.npy
2011_09_26,2011_09_26_drive_0014_sync,262,E:\monodepth_project\data\kitti\2011_09_26\2011_09_26_drive_0014_sync\image_02\data\0000000262.png,E:\monodepth_project\data\kitti\2011_09_26\2011_09_26_drive_0014_sync\velodyne_points\data\0000000262.bin,True,True,375,1242,119006,val,E:\monodepth_project\data\kitti\depth_maps\2011_09_26_2011_09_26_drive_0014_sync_262.npy
2011_09_26,2011_09_26_drive_0014_sync,263,E:\monodepth_project\data\kitti\2011_09_26\2011_09_26_drive_0014_sync\image_02\data\0000000263.png,E:\monodepth_project\data\kitti\2011_09_26\2011_09_26_drive_0014_sync\velodyne_points\data\0000000263.bin,True,True,375,1242,118940,val,E:\monodepth_project\data\kitti\depth_maps\2011_09_26_2011_09_26_drive_0014_sync_263.npy
2011_09_26,2011_09_26_drive_0014_sync,264,E:\monodepth_project\data\kitti\2011_09_26\2011_09_26_drive_0014_sync\image_02\data\0000000264.png,E:\monodepth_project\data\kitti\2011_09_26\2011_09_26_drive_0014_sync\velodyne_points\data\0000000264.bin,True,True,375,1242,119053,val,E:\monodepth_project\data\kitti\depth_maps\2011_09_26_2011_09_26_drive_0014_sync_264.npy
2011_09_26,2011_09_26_drive_0014_sync,265,E:\monodepth_project\data\kitti\2011_09_26\2011_09_26_drive_0014_sync\image_02\data\0000000265.png,E:\monodepth_project\data\kitti\2011_09_26\2011_09_26_drive_0014_sync\velodyne_points\data\0000000265.bin,True,True,375,1242,118944,val,E:\monodepth_project\data\kitti\depth_maps\2011_09_26_2011_09_26_drive_0014_sync_265.npy
2011_09_26,2011_09_26_drive_0014_sync,266,E:\monodepth_project\data\kitti\2011_09_26\2011_09_26_drive_0014_sync\image_02\data\0000000266.png,E:\monodepth_project\data\kitti\2011_09_26\2011_09_26_drive_0014_sync\velodyne_points\data\0000000266.bin,True,True,375,1242,118705,val,E:\monodepth_project\data\kitti\depth_maps\2011_09_26_2011_09_26_drive_0014_sync_266.npy
2011_09_26,2011_09_26_drive_0014_sync,267,E:\monodepth_project\data\kitti\2011_09_26\2011_09_26_drive_0014_sync\image_02\data\0000000267.png,E:\monodepth_project\data\kitti\2011_09_26\2011_09_26_drive_0014_sync\velodyne_points\data\0000000267.bin,True,True,375,1242,118578,val,E:\monodepth_project\data\kitti\depth_maps\2011_09_26_2011_09_26_drive_0014_sync_267.npy
2011_09_26,2011_09_26_drive_0014_sync,268,E:\monodepth_project\data\kitti\2011_09_26\2011_09_26_drive_0014_sync\image_02\data\0000000268.png,E:\monodepth_project\data\kitti\2011_09_26\2011_09_26_drive_0014_sync\velodyne_points\data\0000000268.bin,True,True,375,1242,118571,val,E:\monodepth_project\data\kitti\depth_maps\2011_09_26_2011_09_26_drive_0014_sync_268.npy
2011_09_26,2011_09_26_drive_0014_sync,269,E:\monodepth_project\data\kitti\2011_09_26\2011_09_26_drive_0014_sync\image_02\data\0000000269.png,E:\monodepth_project\data\kitti\2011_09_26\2011_09_26_drive_0014_sync\velodyne_points\data\0000000269.bin,True,True,375,1242,118477,val,E:\monodepth_project\data\kitti\depth_maps\2011_09_26_2011_09_26_drive_0014_sync_269.npy
2011_09_26,2011_09_26_drive_0014_sync,270,E:\monodepth_project\data\kitti\2011_09_26\2011_09_26_drive_0014_sync\image_02\data\0000000270.png,E:\monodepth_project\data\kitti\2011_09_26\2011_09_26_drive_0014_sync\velodyne_points\data\0000000270.bin,True,True,375,1242,118469,val,E:\monodepth_project\data\kitti\depth_maps\2011_09_26_2011_09_26_drive_0014_sync_270.npy
2011_09_26,2011_09_26_drive_0014_sync,271,E:\monodepth_project\data\kitti\2011_09_26\2011_09_26_drive_0014_sync\image_02\data\0000000271.png,E:\monodepth_project\data\kitti\2011_09_26\2011_09_26_drive_0014_sync\velodyne_points\data\0000000271.bin,True,True,375,1242,118438,val,E:\monodepth_project\data\kitti\depth_maps\2011_09_26_2011_09_26_drive_0014_sync_271.npy
2011_09_26,2011_09_26_drive_0014_sync,272,E:\monodepth_project\data\kitti\2011_09_26\2011_09_26_drive_0014_sync\image_02\data\0000000272.png,E:\monodepth_project\data\kitti\2011_09_26\2011_09_26_drive_0014_sync\velodyne_points\data\0000000272.bin,True,True,375,1242,118325,val,E:\monodepth_project\data\kitti\depth_maps\2011_09_26_2011_09_26_drive_0014_sync_272.npy
2011_09_26,2011_09_26_drive_0014_sync,273,E:\monodepth_project\data\kitti\2011_09_26\2011_09_26_drive_0014_sync\image_02\data\0000000273.png,E:\monodepth_project\data\kitti\2011_09_26\2011_09_26_drive_0014_sync\velodyne_points\data\0000000273.bin,True,True,375,1242,118443,val,E:\monodepth_project\data\kitti\depth_maps\2011_09_26_2011_09_26_drive_0014_sync_273.npy
2011_09_26,2011_09_26_drive_0014_sync,274,E:\monodepth_project\data\kitti\2011_09_26\2011_09_26_drive_0014_sync\image_02\data\0000000274.png,E:\monodepth_project\data\kitti\2011_09_26\2011_09_26_drive_0014_sync\velodyne_points\data\0000000274.bin,True,True,375,1242,118412,val,E:\monodepth_project\data\kitti\depth_maps\2011_09_26_2011_09_26_drive_0014_sync_274.npy
2011_09_26,2011_09_26_drive_0014_sync,275,E:\monodepth_project\data\kitti\2011_09_26\2011_09_26_drive_0014_sync\image_02\data\0000000275.png,E:\monodepth_project\data\kitti\2011_09_26\2011_09_26_drive_0014_sync\velodyne_points\data\0000000275.bin,True,True,375,1242,118506,val,E:\monodepth_project\data\kitti\depth_maps\2011_09_26_2011_09_26_drive_0014_sync_275.npy
2011_09_26,2011_09_26_drive_0014_sync,276,E:\monodepth_project\data\kitti\2011_09_26\2011_09_26_drive_0014_sync\image_02\data\0000000276.png,E:\monodepth_project\data\kitti\2011_09_26\2011_09_26_drive_0014_sync\velodyne_points\data\0000000276.bin,True,True,375,1242,118166,val,E:\monodepth_project\data\kitti\depth_maps\2011_09_26_2011_09_26_drive_0014_sync_276.npy
2011_09_26,2011_09_26_drive_0014_sync,277,E:\monodepth_project\data\kitti\2011_09_26\2011_09_26_drive_0014_sync\image_02\data\0000000277.png,E:\monodepth_project\data\kitti\2011_09_26\2011_09_26_drive_0014_sync\velodyne_points\data\0000000277.bin,True,True,375,1242,118127,val,E:\monodepth_project\data\kitti\depth_maps\2011_09_26_2011_09_26_drive_0014_sync_277.npy
2011_09_26,2011_09_26_drive_0014_sync,278,E:\monodepth_project\data\kitti\2011_09_26\2011_09_26_drive_0014_sync\image_02\data\0000000278.png,E:\monodepth_project\data\kitti\2011_09_26\2011_09_26_drive_0014_sync\velodyne_points\data\0000000278.bin,True,True,375,1242,117940,val,E:\monodepth_project\data\kitti\depth_maps\2011_09_26_2011_09_26_drive_0014_sync_278.npy
2011_09_26,2011_09_26_drive_0014_sync,279,E:\monodepth_project\data\kitti\2011_09_26\2011_09_26_drive_0014_sync\image_02\data\0000000279.png,E:\monodepth_project\data\kitti\2011_09_26\2011_09_26_drive_0014_sync\velodyne_points\data\0000000279.bin,True,True,375,1242,117653,val,E:\monodepth_project\data\kitti\depth_maps\2011_09_26_2011_09_26_drive_0014_sync_279.npy
2011_09_26,2011_09_26_drive_0014_sync,280,E:\monodepth_project\data\kitti\2011_09_26\2011_09_26_drive_0014_sync\image_02\data\0000000280.png,E:\monodepth_project\data\kitti\2011_09_26\2011_09_26_drive_0014_sync\velodyne_points\data\0000000280.bin,True,True,375,1242,117545,val,E:\monodepth_project\data\kitti\depth_maps\2011_09_26_2011_09_26_drive_0014_sync_280.npy
2011_09_26,2011_09_26_drive_0014_sync,281,E:\monodepth_project\data\kitti\2011_09_26\2011_09_26_drive_0014_sync\image_02\data\0000000281.png,E:\monodepth_project\data\kitti\2011_09_26\2011_09_26_drive_0014_sync\velodyne_points\data\0000000281.bin,True,True,375,1242,117397,val,E:\monodepth_project\data\kitti\depth_maps\2011_09_26_2011_09_26_drive_0014_sync_281.npy
2011_09_26,2011_09_26_drive_0014_sync,282,E:\monodepth_project\data\kitti\2011_09_26\2011_09_26_drive_0014_sync\image_02\data\0000000282.png,E:\monodepth_project\data\kitti\2011_09_26\2011_09_26_drive_0014_sync\velodyne_points\data\0000000282.bin,True,True,375,1242,116989,val,E:\monodepth_project\data\kitti\depth_maps\2011_09_26_2011_09_26_drive_0014_sync_282.npy
2011_09_26,2011_09_26_drive_0014_sync,283,E:\monodepth_project\data\kitti\2011_09_26\2011_09_26_drive_0014_sync\image_02\data\0000000283.png,E:\monodepth_project\data\kitti\2011_09_26\2011_09_26_drive_0014_sync\velodyne_points\data\0000000283.bin,True,True,375,1242,117438,val,E:\monodepth_project\data\kitti\depth_maps\2011_09_26_2011_09_26_drive_0014_sync_283.npy
2011_09_26,2011_09_26_drive_0014_sync,284,E:\monodepth_project\data\kitti\2011_09_26\2011_09_26_drive_0014_sync\image_02\data\0000000284.png,E:\monodepth_project\data\kitti\2011_09_26\2011_09_26_drive_0014_sync\velodyne_points\data\0000000284.bin,True,True,375,1242,117457,val,E:\monodepth_project\data\kitti\depth_maps\2011_09_26_2011_09_26_drive_0014_sync_284.npy
2011_09_26,2011_09_26_drive_0014_sync,285,E:\monodepth_project\data\kitti\2011_09_26\2011_09_26_drive_0014_sync\image_02\data\0000000285.png,E:\monodepth_project\data\kitti\2011_09_26\2011_09_26_drive_0014_sync\velodyne_points\data\0000000285.bin,True,True,375,1242,117509,val,E:\monodepth_project\data\kitti\depth_maps\2011_09_26_2011_09_26_drive_0014_sync_285.npy
2011_09_26,2011_09_26_drive_0014_sync,286,E:\monodepth_project\data\kitti\2011_09_26\2011_09_26_drive_0014_sync\image_02\data\0000000286.png,E:\monodepth_project\data\kitti\2011_09_26\2011_09_26_drive_0014_sync\velodyne_points\data\0000000286.bin,True,True,375,1242,117533,val,E:\monodepth_project\data\kitti\depth_maps\2011_09_26_2011_09_26_drive_0014_sync_286.npy
2011_09_26,2011_09_26_drive_0014_sync,287,E:\monodepth_project\data\kitti\2011_09_26\2011_09_26_drive_0014_sync\image_02\data\0000000287.png,E:\monodepth_project\data\kitti\2011_09_26\2011_09_26_drive_0014_sync\velodyne_points\data\0000000287.bin,True,True,375,1242,117546,val,E:\monodepth_project\data\kitti\depth_maps\2011_09_26_2011_09_26_drive_0014_sync_287.npy
2011_09_26,2011_09_26_drive_0014_sync,288,E:\monodepth_project\data\kitti\2011_09_26\2011_09_26_drive_0014_sync\image_02\data\0000000288.png,E:\monodepth_project\data\kitti\2011_09_26\2011_09_26_drive_0014_sync\velodyne_points\data\0000000288.bin,True,True,375,1242,117554,val,E:\monodepth_project\data\kitti\depth_maps\2011_09_26_2011_09_26_drive_0014_sync_288.npy
2011_09_26,2011_09_26_drive_0014_sync,289,E:\monodepth_project\data\kitti\2011_09_26\2011_09_26_drive_0014_sync\image_02\data\0000000289.png,E:\monodepth_project\data\kitti\2011_09_26\2011_09_26_drive_0014_sync\velodyne_points\data\0000000289.bin,True,True,375,1242,117306,val,E:\monodepth_project\data\kitti\depth_maps\2011_09_26_2011_09_26_drive_0014_sync_289.npy
2011_09_26,2011_09_26_drive_0014_sync,290,E:\monodepth_project\data\kitti\2011_09_26\2011_09_26_drive_0014_sync\image_02\data\0000000290.png,E:\monodepth_project\data\kitti\2011_09_26\2011_09_26_drive_0014_sync\velodyne_points\data\0000000290.bin,True,True,375,1242,117190,val,E:\monodepth_project\data\kitti\depth_maps\2011_09_26_2011_09_26_drive_0014_sync_290.npy
2011_09_26,2011_09_26_drive_0014_sync,291,E:\monodepth_project\data\kitti\2011_09_26\2011_09_26_drive_0014_sync\image_02\data\0000000291.png,E:\monodepth_project\data\kitti\2011_09_26\2011_09_26_drive_0014_sync\velodyne_points\data\0000000291.bin,True,True,375,1242,116906,val,E:\monodepth_project\data\kitti\depth_maps\2011_09_26_2011_09_26_drive_0014_sync_291.npy
2011_09_26,2011_09_26_drive_0014_sync,292,E:\monodepth_project\data\kitti\2011_09_26\2011_09_26_drive_0014_sync\image_02\data\0000000292.png,E:\monodepth_project\data\kitti\2011_09_26\2011_09_26_drive_0014_sync\velodyne_points\data\0000000292.bin,True,True,375,1242,116584,val,E:\monodepth_project\data\kitti\depth_maps\2011_09_26_2011_09_26_drive_0014_sync_292.npy
2011_09_26,2011_09_26_drive_0014_sync,293,E:\monodepth_project\data\kitti\2011_09_26\2011_09_26_drive_0014_sync\image_02\data\0000000293.png,E:\monodepth_project\data\kitti\2011_09_26\2011_09_26_drive_0014_sync\velodyne_points\data\0000000293.bin,True,True,375,1242,116446,val,E:\monodepth_project\data\kitti\depth_maps\2011_09_26_2011_09_26_drive_0014_sync_293.npy
2011_09_26,2011_09_26_drive_0014_sync,294,E:\monodepth_project\data\kitti\2011_09_26\2011_09_26_drive_0014_sync\image_02\data\0000000294.png,E:\monodepth_project\data\kitti\2011_09_26\2011_09_26_drive_0014_sync\velodyne_points\data\0000000294.bin,True,True,375,1242,116349,val,E:\monodepth_project\data\kitti\depth_maps\2011_09_26_2011_09_26_drive_0014_sync_294.npy
2011_09_26,2011_09_26_drive_0014_sync,295,E:\monodepth_project\data\kitti\2011_09_26\2011_09_26_drive_0014_sync\image_02\data\0000000295.png,E:\monodepth_project\data\kitti\2011_09_26\2011_09_26_drive_0014_sync\velodyne_points\data\0000000295.bin,True,True,375,1242,116345,val,E:\monodepth_project\data\kitti\depth_maps\2011_09_26_2011_09_26_drive_0014_sync_295.npy
2011_09_26,2011_09_26_drive_0014_sync,296,E:\monodepth_project\data\kitti\2011_09_26\2011_09_26_drive_0014_sync\image_02\data\0000000296.png,E:\monodepth_project\data\kitti\2011_09_26\2011_09_26_drive_0014_sync\velodyne_points\data\0000000296.bin,True,True,375,1242,116397,val,E:\monodepth_project\data\kitti\depth_maps\2011_09_26_2011_09_26_drive_0014_sync_296.npy
2011_09_26,2011_09_26_drive_0014_sync,297,E:\monodepth_project\data\kitti\2011_09_26\2011_09_26_drive_0014_sync\image_02\data\0000000297.png,E:\monodepth_project\data\kitti\2011_09_26\2011_09_26_drive_0014_sync\velodyne_points\data\0000000297.bin,True,True,375,1242,116139,val,E:\monodepth_project\data\kitti\depth_maps\2011_09_26_2011_09_26_drive_0014_sync_297.npy
2011_09_26,2011_09_26_drive_0014_sync,298,E:\monodepth_project\data\kitti\2011_09_26\2011_09_26_drive_0014_sync\image_02\data\0000000298.png,E:\monodepth_project\data\kitti\2011_09_26\2011_09_26_drive_0014_sync\velodyne_points\data\0000000298.bin,True,True,375,1242,116351,val,E:\monodepth_project\data\kitti\depth_maps\2011_09_26_2011_09_26_drive_0014_sync_298.npy
2011_09_26,2011_09_26_drive_0014_sync,299,E:\monodepth_project\data\kitti\2011_09_26\2011_09_26_drive_0014_sync\image_02\data\0000000299.png,E:\monodepth_project\data\kitti\2011_09_26\2011_09_26_drive_0014_sync\velodyne_points\data\0000000299.bin,True,True,375,1242,116058,val,E:\monodepth_project\data\kitti\depth_maps\2011_09_26_2011_09_26_drive_0014_sync_299.npy
2011_09_26,2011_09_26_drive_0014_sync,300,E:\monodepth_project\data\kitti\2011_09_26\2011_09_26_drive_0014_sync\image_02\data\0000000300.png,E:\monodepth_project\data\kitti\2011_09_26\2011_09_26_drive_0014_sync\velodyne_points\data\0000000300.bin,True,True,375,1242,116102,val,E:\monodepth_project\data\kitti\depth_maps\2011_09_26_2011_09_26_drive_0014_sync_300.npy
2011_09_26,2011_09_26_drive_0014_sync,301,E:\monodepth_project\data\kitti\2011_09_26\2011_09_26_drive_0014_sync\image_02\data\0000000301.png,E:\monodepth_project\data\kitti\2011_09_26\2011_09_26_drive_0014_sync\velodyne_points\data\0000000301.bin,True,True,375,1242,116147,val,E:\monodepth_project\data\kitti\depth_maps\2011_09_26_2011_09_26_drive_0014_sync_301.npy
2011_09_26,2011_09_26_drive_0014_sync,302,E:\monodepth_project\data\kitti\2011_09_26\2011_09_26_drive_0014_sync\image_02\data\0000000302.png,E:\monodepth_project\data\kitti\2011_09_26\2011_09_26_drive_0014_sync\velodyne_points\data\0000000302.bin,True,True,375,1242,116091,val,E:\monodepth_project\data\kitti\depth_maps\2011_09_26_2011_09_26_drive_0014_sync_302.npy
2011_09_26,2011_09_26_drive_0014_sync,303,E:\monodepth_project\data\kitti\2011_09_26\2011_09_26_drive_0014_sync\image_02\data\0000000303.png,E:\monodepth_project\data\kitti\2011_09_26\2011_09_26_drive_0014_sync\velodyne_points\data\0000000303.bin,True,True,375,1242,116067,val,E:\monodepth_project\data\kitti\depth_maps\2011_09_26_2011_09_26_drive_0014_sync_303.npy
2011_09_26,2011_09_26_drive_0014_sync,304,E:\monodepth_project\data\kitti\2011_09_26\2011_09_26_drive_0014_sync\image_02\data\0000000304.png,E:\monodepth_project\data\kitti\2011_09_26\2011_09_26_drive_0014_sync\velodyne_points\data\0000000304.bin,True,True,375,1242,116090,val,E:\monodepth_project\data\kitti\depth_maps\2011_09_26_2011_09_26_drive_0014_sync_304.npy
2011_09_26,2011_09_26_drive_0014_sync,305,E:\monodepth_project\data\kitti\2011_09_26\2011_09_26_drive_0014_sync\image_02\data\0000000305.png,E:\monodepth_project\data\kitti\2011_09_26\2011_09_26_drive_0014_sync\velodyne_points\data\0000000305.bin,True,True,375,1242,116076,val,E:\monodepth_project\data\kitti\depth_maps\2011_09_26_2011_09_26_drive_0014_sync_305.npy
2011_09_26,2011_09_26_drive_0014_sync,306,E:\monodepth_project\data\kitti\2011_09_26\2011_09_26_drive_0014_sync\image_02\data\0000000306.png,E:\monodepth_project\data\kitti\2011_09_26\2011_09_26_drive_0014_sync\velodyne_points\data\0000000306.bin,True,True,375,1242,115911,val,E:\monodepth_project\data\kitti\depth_maps\2011_09_26_2011_09_26_drive_0014_sync_306.npy
2011_09_26,2011_09_26_drive_0014_sync,307,E:\monodepth_project\data\kitti\2011_09_26\2011_09_26_drive_0014_sync\image_02\data\0000000307.png,E:\monodepth_project\data\kitti\2011_09_26\2011_09_26_drive_0014_sync\velodyne_points\data\0000000307.bin,True,True,375,1242,115914,val,E:\monodepth_project\data\kitti\depth_maps\2011_09_26_2011_09_26_drive_0014_sync_307.npy
2011_09_26,2011_09_26_drive_0014_sync,308,E:\monodepth_project\data\kitti\2011_09_26\2011_09_26_drive_0014_sync\image_02\data\0000000308.png,E:\monodepth_project\data\kitti\2011_09_26\2011_09_26_drive_0014_sync\velodyne_points\data\0000000308.bin,True,True,375,1242,115853,val,E:\monodepth_project\data\kitti\depth_maps\2011_09_26_2011_09_26_drive_0014_sync_308.npy
2011_09_26,2011_09_26_drive_0014_sync,309,E:\monodepth_project\data\kitti\2011_09_26\2011_09_26_drive_0014_sync\image_02\data\0000000309.png,E:\monodepth_project\data\kitti\2011_09_26\2011_09_26_drive_0014_sync\velodyne_points\data\0000000309.bin,True,True,375,1242,115902,val,E:\monodepth_project\data\kitti\depth_maps\2011_09_26_2011_09_26_drive_0014_sync_309.npy
2011_09_26,2011_09_26_drive_0014_sync,310,E:\monodepth_project\data\kitti\2011_09_26\2011_09_26_drive_0014_sync\image_02\data\0000000310.png,E:\monodepth_project\data\kitti\2011_09_26\2011_09_26_drive_0014_sync\velodyne_points\data\0000000310.bin,True,True,375,1242,115804,val,E:\monodepth_project\data\kitti\depth_maps\2011_09_26_2011_09_26_drive_0014_sync_310.npy
2011_09_26,2011_09_26_drive_0014_sync,311,E:\monodepth_project\data\kitti\2011_09_26\2011_09_26_drive_0014_sync\image_02\data\0000000311.png,E:\monodepth_project\data\kitti\2011_09_26\2011_09_26_drive_0014_sync\velodyne_points\data\0000000311.bin,True,True,375,1242,115929,val,E:\monodepth_project\data\kitti\depth_maps\2011_09_26_2011_09_26_drive_0014_sync_311.npy
2011_09_26,2011_09_26_drive_0014_sync,312,E:\monodepth_project\data\kitti\2011_09_26\2011_09_26_drive_0014_sync\image_02\data\0000000312.png,E:\monodepth_project\data\kitti\2011_09_26\2011_09_26_drive_0014_sync\velodyne_points\data\0000000312.bin,True,True,375,1242,115846,val,E:\monodepth_project\data\kitti\depth_maps\2011_09_26_2011_09_26_drive_0014_sync_312.npy
2011_09_26,2011_09_26_drive_0014_sync,313,E:\monodepth_project\data\kitti\2011_09_26\2011_09_26_drive_0014_sync\image_02\data\0000000313.png,E:\monodepth_project\data\kitti\2011_09_26\2011_09_26_drive_0014_sync\velodyne_points\data\0000000313.bin,True,True,375,1242,107205,val,E:\monodepth_project\data\kitti\depth_maps\2011_09_26_2011_09_26_drive_0014_sync_313.npy
