tag,step,value,smoothed
da/a1,0,0.28318220376968384,0.28318220376968384
da/a1,0,0.30533838272094727,0.29426029324531555
da/a1,250,0.4133273661136627,0.3339493175347646
da/a1,250,0.5218312740325928,0.38091980665922165
da/a1,500,0.47824153304100037,0.4003841519355774
da/a1,500,0.5149432420730591,0.41947733362515766
da/a1,750,0.6194639205932617,0.44804684604917255
da/a1,750,0.6504351496696472,0.4733453840017319
da/a1,1000,0.6575718522071838,0.49381499158011544
da/a1,1000,0.6115020513534546,0.5055836975574494
da/a1,1171,0.7235991954803467,0.5254032882777128
da/a1,1171,0.7742952108383179,0.5461442818244299
da/a1,1421,0.7419325113296509,0.5612049148632929
da/a1,1421,0.676086962223053,0.5694107753889901
da/a1,1671,0.7258524298667908,0.5798402190208435
da/a1,1671,0.7582120299339294,0.5909884572029114
da/a1,1921,0.6621236205101013,0.5951728785739225
da/a1,1921,0.7423412799835205,0.6033489008744558
da/a1,2000,0.7331099510192871,0.6101784298294469
da/a1,2000,0.7549380660057068,0.6174164116382599
da/a1,2171,0.6980721950531006,0.6212571632294428
da/a1,2171,0.7876178026199341,0.6288190104744651
da/a1,2342,0.7459982633590698,0.6339137605998827
da/a1,2342,0.70399409532547,0.6368337745467821
da/a1,2592,0.7539008855819702,0.6415164589881897
da/a1,2592,0.7841709852218628,0.6470031715356387
da/a1,2842,0.7944833040237427,0.6524653986648277
da/a1,2842,0.7825998663902283,0.6571130582264492
da/a1,3092,0.780478835105896,0.661367050532637
da/a1,3092,0.8016535639762878,0.6660432676474254
da/a1,3342,0.8054441809654236,0.6705400713028447
da/a1,3342,0.7971106767654419,0.6744954027235508
da/a1,3513,0.7278929352760315,0.6761135097705957
da/a1,3513,0.780695915222168,0.6791894628721125
da/a1,3763,0.7893499135971069,0.682336904321398
da/a1,3763,0.7836735844612122,0.6851518121030595
da/a1,4000,0.7810208201408386,0.6877428663743509
da/a1,4000,0.8009782433509827,0.6907227447158412
da/a1,4013,0.8140617609024048,0.6938852835924197
da/a1,4013,0.8361416459083557,0.6974416926503182
da/a1,4263,0.7494144439697266,0.6987093207312793
da/a1,4263,0.7909111380577087,0.7009046020961943
da/a1,4513,0.7637763619422913,0.7023667360461036
da/a1,4513,0.8238375186920166,0.7051274356516924
da/a1,4684,0.8455578684806824,0.7082481119367812
da/a1,4684,0.8242381811141968,0.7107696351797684
da/a1,4934,0.8089286088943481,0.7128581239822063
da/a1,4934,0.8572151064872742,0.7158655611177286
da/a1,5184,0.8281983733177185,0.7181580674891569
da/a1,5184,0.8164116144180298,0.7201231384277343
da/a1,5434,0.7758129239082336,0.7299757528305054
da/a1,5434,0.8133271336555481,0.7401355278491973
da/a1,5684,0.8233241438865662,0.7483354634046555
da/a1,5684,0.7707107067108154,0.7533130520582199
da/a1,5855,0.7987757325172424,0.7597237360477448
da/a1,5855,0.8104720711708069,0.7656343126296997
da/a1,6000,0.828515887260437,0.7698153519630432
da/a1,6000,0.8295649290084839,0.7733979475498199
da/a1,6105,0.8170135021209717,0.7765867805480957
da/a1,6105,0.8715187311172485,0.7817871141433715
da/a1,6355,0.7651955485343933,0.7826190412044525
da/a1,6355,0.8352627158164978,0.7838383913040161
da/a1,6605,0.8219952583312988,0.785439646244049
da/a1,6605,0.8053159713745117,0.7880242264270783
da/a1,6855,0.7792583703994751,0.789092345237732
da/a1,6855,0.8024476170539856,0.7899770569801331
da/a1,7026,0.8435561656951904,0.7936057078838349
da/a1,7026,0.828292191028595,0.7953247261047364
da/a1,7276,0.8142126202583313,0.7969467794895172
da/a1,7276,0.7804008722305298,0.7974560356140137
da/a1,7526,0.8071624636650085,0.7996378409862518
da/a1,7526,0.867132306098938,0.8012281310558319
da/a1,7776,0.7921110987663269,0.8021503877639771
da/a1,7776,0.8114415407180786,0.8042993366718292
da/a1,8000,0.8395046591758728,0.8060114121437073
da/a1,8000,0.832429051399231,0.8069765734672546
da/a1,8026,0.8523454666137695,0.8081338167190552
da/a1,8026,0.8488734364509583,0.8094592881202698
da/a1,8276,0.7874764204025269,0.8095992398262024
da/a1,8276,0.8444396257400513,0.8104549610614776
da/a1,8526,0.7870340347290039,0.8100867581367492
da/a1,8526,0.85204017162323,0.8111853480339051
da/a1,8776,0.7686010599136353,0.8119995105266571
da/a1,8776,0.8466651439666748,0.8133188951015472
da/a1,9026,0.8576003909111023,0.8146839046478271
da/a1,9026,0.8550553321838379,0.8161115396022797
da/a1,9276,0.7979991436004639,0.8164511060714722
da/a1,9276,0.8503039479255676,0.8174376201629638
da/a1,9447,0.8169875741004944,0.8174961364269256
da/a1,9447,0.7985509037971497,0.8167443215847016
da/a1,9697,0.8121206760406494,0.81799844622612
da/a1,9697,0.8651323318481445,0.8194828701019287
da/a1,9947,0.8367819786071777,0.8209429824352265
da/a1,9947,0.8235953450202942,0.820938138961792
da/a1,10197,0.7845824360847473,0.8197186303138733
da/a1,10197,0.8413586616516113,0.8200610399246215
da/a1,10276,0.8328253030776978,0.8205389738082886
da/a1,10276,0.763337254524231,0.8186614167690277
da/a1,10447,0.8248485922813416,0.8185944211483002
da/a1,10447,0.8430356979370117,0.8191269028186798
da/a1,10618,0.8064261078834534,0.8197391664981842
da/a1,10618,0.8236576318740845,0.819945776462555
da/a1,10868,0.8526113629341125,0.8205315208435059
da/a1,10868,0.8401095271110535,0.8219194972515106
da/a1,11118,0.85626620054245,0.8230693066120147
da/a1,11118,0.8644843101501465,0.8241495513916015
da/a1,11368,0.8498685359954834,0.8245766043663025
da/a1,11368,0.8542046546936035,0.8250693988800049
da/a1,11618,0.8059239983558655,0.8248476088047028
da/a1,11618,0.8598026633262634,0.8246132874488831
da/a1,11789,0.8363181352615356,0.8260357391834259
da/a1,11789,0.792128324508667,0.8251730513572693
da/a1,12039,0.8536121845245361,0.825805389881134
da/a1,12039,0.8091377019882202,0.8258818244934082
da/a1,12276,0.8570800423622131,0.827438257932663
da/a1,12276,0.8140987157821655,0.8276712799072266
da/a1,12289,0.8367100954055786,0.8275343585014343
da/a1,12289,0.8199273347854614,0.8273670613765717
da/a1,12539,0.8455811738967896,0.8279944324493408
da/a1,12539,0.827467143535614,0.8289357578754425
da/a1,12789,0.8210886716842651,0.8292142820358276
da/a1,12789,0.8334018588066101,0.8285396730899811
da/a1,12960,0.8516106605529785,0.8297296643257142
da/a1,12960,0.8326083421707153,0.8301530003547668
da/a1,13210,0.7994452118873596,0.8293518114089966
da/a1,13210,0.8067912459373474,0.8288390552997589
da/a1,13460,0.8738833665847778,0.829269813299179
da/a1,13460,0.8471435904502869,0.8292352163791656
da/a1,13710,0.8370257616043091,0.8302262032032013
da/a1,13710,0.8345760703086853,0.830028932094574
da/a1,13960,0.8214557766914368,0.8307173669338226
da/a1,13960,0.8137582540512085,0.8299517285823822
da/a1,14131,0.7821522951126099,0.8302227532863617
da/a1,14131,0.8528317809104919,0.8303460860252381
da/a1,14276,0.8210567235946655,0.8296152126789093
da/a1,14276,0.860728919506073,0.829728684425354
da/a1,14381,0.8789686560630798,0.8313480746746064
da/a1,14381,0.8685972690582275,0.8317139410972595
da/a1,14631,0.8101599812507629,0.8315773892402649
da/a1,14631,0.8744024634361267,0.8330944204330444
da/a1,14881,0.8399074077606201,0.8336501550674439
da/a1,14881,0.8346731066703796,0.8330409705638886
da/a1,15131,0.8924059867858887,0.8341534507274627
da/a1,15131,0.875575840473175,0.8351930606365204
da/a1,15302,0.8521599769592285,0.83654461145401
da/a1,15302,0.8407229781150818,0.8365318977832794
da/a1,15552,0.7954842448234558,0.8357850766181946
da/a1,15552,0.8611775636672974,0.8377418828010559
da/a1,15802,0.8309740424156189,0.8378643918037415
da/a1,15802,0.8508180975914001,0.8380200397968293
da/a1,16052,0.8208789229393005,0.8383090960979461
da/a1,16052,0.8241055607795715,0.8383180546760559
da/a1,16276,0.8542305827140808,0.8383504390716553
da/a1,16276,0.8596917986869812,0.8387420845031738
da/a1,16302,0.8535445928573608,0.8386876523494721
da/a1,16302,0.820917010307312,0.8378163063526154
da/a1,16473,0.8377514481544495,0.8375739645957947
da/a1,16473,0.7742606401443481,0.8359750843048096
da/a1,16723,0.8856622576713562,0.8375698494911193
da/a1,16723,0.8470926880836487,0.8373156499862671
da/a1,16973,0.8622416257858276,0.8378341197967529
da/a1,16973,0.809814989566803,0.8381878530979157
da/a1,17223,0.8623302578926086,0.8383622145652772
da/a1,17223,0.8609267473220825,0.8393979954719544
da/a1,17473,0.8469922542572021,0.8391962397098541
da/a1,17473,0.8292797803878784,0.8394998610019684
da/a1,17723,0.8628853559494019,0.8400233662128449
da/a1,17723,0.8650389313697815,0.8409255981445313
da/a1,17973,0.8597287535667419,0.8412085497379302
da/a1,17973,0.8762959241867065,0.8421851253509521
da/a1,18223,0.8952958583831787,0.8436692690849305
da/a1,18223,0.8255095481872559,0.8435114228725433
da/a1,18473,0.864177942276001,0.8437627685070038
da/a1,18473,0.8487410545349121,0.8440854227542878
da/a1,18723,0.8929434418678284,0.8459553873538971
da/a1,18723,0.8384572863578796,0.8465887081623077
da/a1,18894,0.8514276742935181,0.8461395943164826
da/a1,18894,0.8410189151763916,0.8460171008110047
da/a1,19144,0.8517186641693115,0.8463109588623047
da/a1,19144,0.8123642206192017,0.845866721868515
da/a1,19394,0.8373569250106812,0.8461847448348999
da/a1,19394,0.8393926024436951,0.8466974318027496
da/a1,19644,0.8209944367408752,0.847474274635315
da/a1,19644,0.800297200679779,0.8464235830307006
da/a1,19723,0.8192687630653381,0.8463878238201141
da/a1,19723,0.8771176934242249,0.8467155992984772
da/a1,19894,0.834599494934082,0.8458282160758972
da/a1,19894,0.8759575486183167,0.845975421667099
da/a1,20065,0.8407943844795227,0.8465881097316742
da/a1,20065,0.8568746447563171,0.846237553358078
da/a1,20315,0.8853408694267273,0.8471462225914002
da/a1,20315,0.8613593578338623,0.8476799476146698
da/a1,20565,0.8681450486183167,0.8471947288513184
da/a1,20565,0.8531643152236938,0.8467464983463288
da/a1,20815,0.8646803498268127,0.8469969058036804
da/a1,20815,0.8697278499603271,0.8475770032405854
da/a1,21065,0.8403897881507874,0.848475114107132
da/a1,21065,0.8298648595809937,0.8478488600254059
da/a1,21236,0.8692484498023987,0.8486143481731415
da/a1,21236,0.8147886395454407,0.8478937590122223
da/a1,21486,0.8299864530563354,0.848075909614563
da/a1,21486,0.9010578989982605,0.8496149563789368
da/a1,21723,0.8630374670028687,0.8497910940647125
da/a1,21723,0.870300829410553,0.8500032746791839
da/a1,21736,0.8733680248260498,0.8503997433185577
da/a1,21736,0.8546648621559143,0.8510747003555298
da/a1,21986,0.9022461175918579,0.852364593744278
da/a1,21986,0.8417421579360962,0.8537142241001129
da/a1,22236,0.8476471304893494,0.8529539215564728
da/a1,22236,0.8646650314331055,0.8533053684234619
da/a1,22407,0.881191611289978,0.8536843681335449
da/a1,22407,0.8526569604873657,0.8545412075519562
da/a1,22657,0.8427145481109619,0.8541488933563233
da/a1,22657,0.8042691946029663,0.8530157423019409
da/a1,22907,0.8245591521263123,0.8525670802593232
da/a1,22907,0.848594605922699,0.8529533767700195
da/a1,23157,0.8600751757621765,0.852897173166275
da/a1,23157,0.8264336585998535,0.8521250677108765
da/a1,23407,0.8599892854690552,0.8521302783489227
da/a1,23407,0.8339808583259583,0.8512839770317078
da/a1,23578,0.8469728827476501,0.8503175175189972
da/a1,23578,0.8310443758964539,0.8504282140731811
da/a1,23723,0.8595420122146606,0.8503354954719543
da/a1,23723,0.8189834356307983,0.849740343093872
da/a1,23828,0.8828768730163574,0.8495390117168427
da/a1,23828,0.8424668312072754,0.8496192026138306
da/a1,24078,0.8620787262916565,0.8498322236537933
da/a1,24078,0.8362693786621094,0.8497372329235077
da/a1,24328,0.8218246102333069,0.8491393518447876
da/a1,24328,0.8345507979393005,0.8495830833911896
da/a1,24578,0.8595863580703735,0.8500276720523834
da/a1,24578,0.8695467710494995,0.8506307554244995
da/a1,24749,0.872104287147522,0.8516529524326324
da/a1,24749,0.8270695805549622,0.8521884000301361
da/a1,24999,0.8649565577507019,0.8531021559238434
da/a1,24999,0.8305324912071228,0.8521704518795014
da/a1,25249,0.87570720911026,0.8529926061630249
da/a1,25249,0.8771400451660156,0.8530162560939789
da/a1,25499,0.8985700011253357,0.8541717684268951
da/a1,25499,0.8287175893783569,0.853608627319336
da/a1,25723,0.8841301202774048,0.8535844123363495
da/a1,25723,0.8424698710441589,0.8532066226005555
da/a1,25749,0.874311089515686,0.8533299434185028
da/a1,25749,0.8365374803543091,0.8529974067211151
da/a1,25920,0.812132716178894,0.8519464540481567
da/a1,25920,0.8508360385894775,0.8515686178207398
da/a1,26170,0.8589947819709778,0.8519407176971435
da/a1,26170,0.7933012843132019,0.8512094461917877
da/a1,26420,0.8966217041015625,0.851756911277771
da/a1,26420,0.79920893907547,0.8514453172683716
da/a1,26670,0.8432728052139282,0.8517110443115234
da/a1,26670,0.804373025894165,0.8497773468494415
da/a1,26920,0.8621872067451477,0.8497603416442872
da/a1,26920,0.8216096758842468,0.848786518573761
da/a1,27091,0.8745983839035034,0.84881112575531
da/a1,27091,0.8230485320091248,0.8481787991523743
da/a1,27341,0.8731723427772522,0.8475973236560822
da/a1,27341,0.8866750597953796,0.8484959816932678
da/a1,27591,0.8112632036209106,0.847768303155899
da/a1,27591,0.8023059964179993,0.846521122455597
da/a1,27723,0.8661799430847168,0.8462208890914917
da/a1,27723,0.8690609931945801,0.846548969745636
da/a1,27841,0.8370765447616577,0.8464362096786499
da/a1,27841,0.827911913394928,0.8469090640544892
da/a1,28091,0.8662176728248596,0.8477422344684601
da/a1,28091,0.8268350958824158,0.8473070442676545
da/a1,28262,0.8704278469085693,0.8475140976905823
da/a1,28262,0.8598635196685791,0.8481826949119567
da/a1,28512,0.9034957885742188,0.8490528249740601
da/a1,28512,0.8227190971374512,0.8488275897502899
da/a1,28762,0.8731827139854431,0.8493517863750458
da/a1,28762,0.8557166457176208,0.8498452317714691
da/a1,29012,0.863261342048645,0.8499196183681488
da/a1,29012,0.8743054866790771,0.8510260593891144
da/a1,29262,0.9003035426139832,0.8513745927810669
da/a1,29262,0.8230764865875244,0.8509867858886718
da/a1,29433,0.8750225901603699,0.8512456631660461
da/a1,29433,0.8686038851737976,0.8518923532962799
da/a1,29683,0.8912593722343445,0.8532810485363007
da/a1,29683,0.8319501280784607,0.8532290351390839
da/a1,29723,0.8887764811515808,0.853812837600708
da/a1,29723,0.8498810529708862,0.8534195232391357
da/a1,29933,0.8533394932746887,0.8530442273616791
da/a1,29933,0.832482099533081,0.8531524777412415
da/a1,30183,0.8879402875900269,0.853612152338028
da/a1,30183,0.8473508358001709,0.8539485192298889
da/a1,30433,0.88798588514328,0.8541940927505494
da/a1,30433,0.8506047129631042,0.8536633861064911
da/a1,30604,0.8380832076072693,0.8524536502361297
da/a1,30604,0.8475173115730286,0.8528296446800232
da/a1,30854,0.9058305025100708,0.8532636523246765
da/a1,30854,0.8307726979255676,0.8530297088623047
da/a1,31104,0.9176403880119324,0.8538962948322296
da/a1,31104,0.8432244062423706,0.8540300333499908
da/a1,31354,0.8654001355171204,0.8550953817367554
da/a1,31354,0.8556479811668396,0.8551916205883026
da/a1,31604,0.8217138648033142,0.8544460022449494
da/a1,31604,0.8574080467224121,0.8557281374931336
da/a1,31723,0.8842755556106567,0.8554812145233154
da/a1,31723,0.8817539811134338,0.8571321153640747
da/a1,31775,0.8896139860153198,0.8580589389801025
da/a1,31775,0.8275784254074097,0.8585230469703674
da/a1,32025,0.8967638611793518,0.8592145800590515
da/a1,32025,0.8428667783737183,0.859639722108841
da/a1,32275,0.8462441563606262,0.8590726375579834
da/a1,32275,0.8591812252998352,0.8597952914237976
da/a1,32525,0.8925924301147461,0.8601836931705474
da/a1,32525,0.8293067812919617,0.8590363276004791
da/a1,32775,0.9021819233894348,0.8608547019958496
da/a1,32775,0.8657950162887573,0.8621244823932648
da/a1,32946,0.87259840965271,0.8622528517246246
da/a1,32946,0.843757152557373,0.8617467749118805
da/a1,33196,0.8688752055168152,0.8623827481269837
da/a1,33196,0.861882209777832,0.8630621540546417
da/a1,33446,0.9071870446205139,0.8638815414905548
da/a1,33446,0.8569891452789307,0.8644846224784851
da/a1,33696,0.8205689191818237,0.8634874439239502
da/a1,33696,0.8827958703041077,0.8639460909366607
da/a1,33723,0.837388813495636,0.8626239514350891
da/a1,33723,0.8640384674072266,0.8634503388404846
da/a1,33946,0.8970770835876465,0.8639282262325287
da/a1,33946,0.8152586221694946,0.8631190657615662
da/a1,34117,0.8950501680374146,0.8637548422813416
da/a1,34117,0.8716294169425964,0.8637013208866119
da/a1,34367,0.8508122563362122,0.8627114951610565
da/a1,34367,0.8657296895980835,0.8635645592212677
da/a1,34617,0.8560546636581421,0.8631852006912232
da/a1,34617,0.8509259819984436,0.8628316426277161
da/a1,34867,0.8021639585494995,0.8610497343540192
da/a1,34867,0.836032509803772,0.8611313819885253
da/a1,35117,0.8896457552909851,0.8611487674713135
da/a1,35117,0.8658427596092224,0.8614680016040802
da/a1,35288,0.8901569247245789,0.862204350233078
da/a1,35288,0.849869430065155,0.8625520968437195
da/a1,35538,0.8780322074890137,0.8623539352416992
da/a1,35538,0.8805779218673706,0.8630184769630432
da/a1,35723,0.8713512420654297,0.8626857841014862
da/a1,35723,0.8512634038925171,0.8626989579200744
da/a1,35788,0.8029960989952087,0.8619972157478333
da/a1,35788,0.8647140264511108,0.8623411500453949
da/a1,36038,0.8968918919563293,0.86216237783432
da/a1,36038,0.8377814888954163,0.862302553653717
da/a1,36288,0.8699625134468079,0.8613489961624146
da/a1,36288,0.8518202900886536,0.8615209138393403
da/a2,0,0.5537422299385071,0.5537422299385071
da/a2,0,0.5439156293869019,0.5488289296627045
da/a2,250,0.7236289978027344,0.6070956190427145
da/a2,250,0.808810830116272,0.6575244218111038
da/a2,500,0.815845787525177,0.6891886949539184
da/a2,500,0.8694663643836975,0.719234973192215
da/a2,750,0.8697898983955383,0.7407428196498326
da/a2,750,0.8705311417579651,0.7569663599133492
da/a2,1000,0.8669806122779846,0.769190165731642
da/a2,1000,0.8820747137069702,0.7804786205291748
da/a2,1171,0.909762442111969,0.7922316952185198
da/a2,1171,0.9222683906555176,0.8030680865049362
da/a2,1421,0.9064192175865173,0.8110181735112116
da/a2,1421,0.9058369398117065,0.8177909425326756
da/a2,1671,0.9262519478797913,0.8250216762224833
da/a2,1671,0.914420485496521,0.8306091018021107
da/a2,1921,0.8603895306587219,0.8323608917348525
da/a2,1921,0.9294546246528625,0.8377549880080752
da/a2,2000,0.9024065136909485,0.8411576998861212
da/a2,2000,0.9377004504203796,0.8459848374128341
da/a2,2171,0.9312062859535217,0.8500430016290574
da/a2,2171,0.958143413066864,0.8549566566944122
da/a2,2342,0.9223036170005798,0.8578847854033761
da/a2,2342,0.8984021544456482,0.8595730091134707
da/a2,2592,0.921632707118988,0.8620553970336914
da/a2,2592,0.9165372252464294,0.8641508519649506
da/a2,2842,0.9455220699310303,0.8671646007785091
da/a2,2842,0.9430386424064636,0.8698743879795074
da/a2,3092,0.9350927472114563,0.8721232969185402
da/a2,3092,0.9191813468933105,0.8736918985843658
da/a2,3342,0.9459441304206848,0.8760226157403761
da/a2,3342,0.946846067905426,0.8782358486205339
da/a2,3513,0.9198057651519775,0.8794955430608807
da/a2,3513,0.9559226632118225,0.8817433995359084
da/a2,3763,0.9531401991844177,0.8837833080972944
da/a2,3763,0.9457734227180481,0.8855052557256486
da/a2,4000,0.9321728944778442,0.8867665432594918
da/a2,4000,0.9470694661140442,0.88835346228198
da/a2,4013,0.9381358623504639,0.8896299340786078
da/a2,4013,0.9514451026916504,0.8911753132939338
da/a2,4263,0.9342731237411499,0.8922264794024025
da/a2,4263,0.9070490598678589,0.8925793979849134
da/a2,4513,0.9248995780944824,0.8933310300804848
da/a2,4513,0.9474615454673767,0.8945612690665505
da/a2,4684,0.9641261696815491,0.8961071557468838
da/a2,4684,0.9446816444396973,0.8971631228923798
da/a2,4934,0.9376427531242371,0.8980243916207171
da/a2,4934,0.9565531015396118,0.8992437397440275
da/a2,5184,0.9544562697410583,0.9003705260704975
da/a2,5184,0.9597426056861877,0.9015579676628113
da/a2,5434,0.9140598773956299,0.9087643206119538
da/a2,5434,0.9410324096679688,0.9167066562175751
da/a2,5684,0.9436067938804626,0.9211062121391297
da/a2,5684,0.9288219809532166,0.9235064351558685
da/a2,5855,0.9386762976646423,0.9259630453586578
da/a2,5855,0.9480567574501038,0.927534853219986
da/a2,6000,0.9601662158966064,0.9293423795700073
da/a2,6000,0.9432419538497925,0.9307965958118438
da/a2,6105,0.931424617767334,0.9320854759216308
da/a2,6105,0.9766941070556641,0.9339778637886047
da/a2,6355,0.9149087071418762,0.9340807890892029
da/a2,6355,0.9468592405319214,0.934572606086731
da/a2,6605,0.9577886462211609,0.9355999946594238
da/a2,6605,0.9456377029418945,0.9363960099220275
da/a2,6855,0.9444352388381958,0.9367596757411957
da/a2,6855,0.95709228515625,0.9376131117343902
da/a2,7026,0.961013674736023,0.9396255946159363
da/a2,7026,0.9414682388305664,0.9398658668994904
da/a2,7276,0.9381360411643982,0.9405804574489594
da/a2,7276,0.9383217692375183,0.9405928838253022
da/a2,7526,0.9427698254585266,0.9408241546154023
da/a2,7526,0.9632257223129272,0.9409258008003235
da/a2,7776,0.935766875743866,0.9411950659751892
da/a2,7776,0.9570904970169067,0.9423688328266144
da/a2,8000,0.9507938623428345,0.9429520559310913
da/a2,8000,0.9468895196914673,0.943559101819992
da/a2,8026,0.9618383646011353,0.9438854277133941
da/a2,8026,0.9500295519828796,0.9440252459049225
da/a2,8276,0.9360424280166626,0.9440442395210266
da/a2,8276,0.9546363949775696,0.9447533404827118
da/a2,8526,0.940055787563324,0.9446355736255646
da/a2,8526,0.9620175957679749,0.9449390041828155
da/a2,8776,0.9395849108695984,0.945334587097168
da/a2,8776,0.9511117935180664,0.9452383697032929
da/a2,9026,0.9615038633346558,0.9454056429862976
da/a2,9026,0.9680109024047852,0.9458503925800323
da/a2,9276,0.9423419237136841,0.9460537731647491
da/a2,9276,0.9503282308578491,0.9461189484596253
da/a2,9447,0.951269268989563,0.9463816165924073
da/a2,9447,0.921838104724884,0.9457894766330719
da/a2,9697,0.9371140599250793,0.9458462953567505
da/a2,9697,0.9605899453163147,0.9469171130657196
da/a2,9947,0.9447429180145264,0.9473139798641205
da/a2,9947,0.951145589351654,0.947387660741806
da/a2,10197,0.9331401586532593,0.9467679405212402
da/a2,10197,0.9520149827003479,0.9469146072864533
da/a2,10276,0.9490022659301758,0.947141797542572
da/a2,10276,0.9276203513145447,0.9465631425380707
da/a2,10447,0.9399521350860596,0.9462730598449707
da/a2,10447,0.9450857043266296,0.9459799218177796
da/a2,10618,0.9356962442398071,0.946412649154663
da/a2,10618,0.946695864200592,0.9465259182453155
da/a2,10868,0.9599452018737793,0.9468526864051818
da/a2,10868,0.9558656811714172,0.9473935604095459
da/a2,11118,0.9618650078773499,0.9478573346138001
da/a2,11118,0.955362856388092,0.9480034565925598
da/a2,11368,0.9534144997596741,0.9478684222698212
da/a2,11368,0.9635440707206726,0.9482744646072387
da/a2,11618,0.9426062703132629,0.9484980976581574
da/a2,11618,0.9639572501182556,0.9482433605194092
da/a2,11789,0.9520660042762756,0.9489865064620971
da/a2,11789,0.9313066601753235,0.9486754548549652
da/a2,12039,0.9595388770103455,0.948710459470749
da/a2,12039,0.92503422498703,0.9482983899116516
da/a2,12276,0.9604673385620117,0.948619031906128
da/a2,12276,0.9429513216018677,0.9483362126350403
da/a2,12289,0.9404795169830322,0.9479255294799804
da/a2,12289,0.9515682458877563,0.9481275296211242
da/a2,12539,0.9553349614143372,0.948471508026123
da/a2,12539,0.9576261043548584,0.9488575947284699
da/a2,12789,0.944546639919281,0.9488931310176849
da/a2,12789,0.9572762846946716,0.9487741422653199
da/a2,12960,0.9532536864280701,0.9491238784790039
da/a2,12960,0.9347667694091797,0.9486774039268494
da/a2,13210,0.9364356398582458,0.9483902394771576
da/a2,13210,0.9394428730010986,0.9482413065433503
da/a2,13460,0.9616230130195618,0.9482369995117188
da/a2,13460,0.951246976852417,0.9482613480091096
da/a2,13710,0.945950448513031,0.9484595084190368
da/a2,13710,0.9530153870582581,0.9484270882606506
da/a2,13960,0.9286775588989258,0.9481995236873627
da/a2,13960,0.9611544609069824,0.9481822609901428
da/a2,14131,0.9435089826583862,0.9482607424259186
da/a2,14131,0.9479438662528992,0.9481973838806153
da/a2,14276,0.943991482257843,0.947847136259079
da/a2,14276,0.9526634216308594,0.9475401866436005
da/a2,14381,0.9563442468643188,0.9478202331066131
da/a2,14381,0.9673842191696167,0.9481613528728485
da/a2,14631,0.9364004731178284,0.9478639769554138
da/a2,14631,0.9612197875976562,0.9486516106128693
da/a2,14881,0.9431281089782715,0.9487718915939332
da/a2,14881,0.9395332932472229,0.9483507585525512
da/a2,15131,0.9690935611724854,0.9488377714157105
da/a2,15131,0.963344156742096,0.9490817427635193
da/a2,15302,0.9500976204872131,0.9494208920001984
da/a2,15302,0.9433272480964661,0.9492471373081207
da/a2,15552,0.9301534295082092,0.9488701605796814
da/a2,15552,0.9500507712364197,0.9493187689781188
da/a2,15802,0.9400825500488281,0.9493213772773743
da/a2,15802,0.9418879151344299,0.9492574214935303
da/a2,16052,0.9314077496528625,0.9491716516017914
da/a2,16052,0.9469313621520996,0.9491763615608215
da/a2,16276,0.9630652070045471,0.9492387616634369
da/a2,16276,0.9603989720344543,0.9493294274806976
da/a2,16302,0.9513493776321411,0.9491191148757935
da/a2,16302,0.9411430954933167,0.9488347196578979
da/a2,16473,0.9496693015098572,0.9487598156929016
da/a2,16473,0.9198867678642273,0.9478866696357727
da/a2,16723,0.9653401374816895,0.9483413469791412
da/a2,16723,0.9398090839385986,0.9478583836555481
da/a2,16973,0.9540709853172302,0.9478984832763672
da/a2,16973,0.9406266212463379,0.9480848824977874
da/a2,17223,0.9612957835197449,0.9481200206279755
da/a2,17223,0.9574543237686157,0.9487684226036072
da/a2,17473,0.960102915763855,0.9487611341476441
da/a2,17473,0.944054126739502,0.9487831902503967
da/a2,17723,0.9533822536468506,0.9490412449836731
da/a2,17723,0.9596121311187744,0.9492021226882934
da/a2,17973,0.9574808478355408,0.9492450404167175
da/a2,17973,0.9629470109939575,0.9493514585494995
da/a2,18223,0.9653615951538086,0.9497677576541901
da/a2,18223,0.9540204405784607,0.9497026407718658
da/a2,18473,0.9528470635414124,0.9496945083141327
da/a2,18473,0.956022322177887,0.9501196193695068
da/a2,18723,0.9670591950416565,0.9507320904731751
da/a2,18723,0.9419524669647217,0.9507822823524475
da/a2,18894,0.9457290768623352,0.950464403629303
da/a2,18894,0.9555695056915283,0.9505508542060852
da/a2,19144,0.9514631628990173,0.9506611084938049
da/a2,19144,0.9481344223022461,0.9505634891986847
da/a2,19394,0.9642460346221924,0.95127485871315
da/a2,19394,0.9464849233627319,0.950981467962265
da/a2,19644,0.9411304593086243,0.9509338974952698
da/a2,19644,0.9307622909545898,0.9505902659893036
da/a2,19723,0.949165403842926,0.9506937444210053
da/a2,19723,0.9645092487335205,0.9509306609630584
da/a2,19894,0.9519811272621155,0.9508433985710144
da/a2,19894,0.9710008502006531,0.9509157311916351
da/a2,20065,0.9305206537246704,0.950798134803772
da/a2,20065,0.952152669429779,0.9506167924404144
da/a2,20315,0.9703589677810669,0.9511614096164703
da/a2,20315,0.9457825422286987,0.9512863945960999
da/a2,20565,0.9559447765350342,0.9510234189033508
da/a2,20565,0.9524348378181458,0.9508052325248718
da/a2,20815,0.9473124742507935,0.9507495296001435
da/a2,20815,0.968834400177002,0.9512596726417542
da/a2,21065,0.9460180401802063,0.951576964855194
da/a2,21065,0.9449445605278015,0.9514748406410217
da/a2,21236,0.9582641124725342,0.9518384718894959
da/a2,21236,0.939383327960968,0.9517883801460266
da/a2,21486,0.9535478353500366,0.9522311818599701
da/a2,21486,0.9692326188087463,0.952677206993103
da/a2,21723,0.9575294256210327,0.9525664913654327
da/a2,21723,0.9692580699920654,0.952743673324585
da/a2,21736,0.9636845588684082,0.9529903769493103
da/a2,21736,0.9566280841827393,0.9533000767230988
da/a2,21986,0.9659396409988403,0.9536254835128785
da/a2,21986,0.9585354924201965,0.9543984580039978
da/a2,22236,0.9432408213615417,0.9539564716815948
da/a2,22236,0.962764322757721,0.9544155764579773
da/a2,22407,0.9613133668899536,0.9545604240894318
da/a2,22407,0.9668236970901489,0.9550843656063079
da/a2,22657,0.9517237544059753,0.9548929250240326
da/a2,22657,0.9434429407119751,0.9546126973628998
da/a2,22907,0.9297521114349365,0.9540056812763215
da/a2,22907,0.9544140100479126,0.9542128789424896
da/a2,23157,0.9402450919151306,0.9539501357078553
da/a2,23157,0.9321413040161133,0.953400719165802
da/a2,23407,0.9651363492012024,0.9535538291931153
da/a2,23407,0.946455717086792,0.9532240033149719
da/a2,23578,0.9534138441085815,0.9529850482940674
da/a2,23578,0.9371987581253052,0.9526486146450043
da/a2,23723,0.9598554968833923,0.9527887833118439
da/a2,23723,0.9399381279945374,0.9524670994281769
da/a2,23828,0.9682703614234924,0.9524913227558136
da/a2,23828,0.9576515555381775,0.9528053045272827
da/a2,24078,0.956208348274231,0.9530148899555206
da/a2,24078,0.9483257532119751,0.9528700149059296
da/a2,24328,0.924329400062561,0.9523273396492005
da/a2,24328,0.9546394348144531,0.9524574398994445
da/a2,24578,0.9463741779327393,0.9521000027656555
da/a2,24578,0.9666572213172913,0.9525034487247467
da/a2,24749,0.951128363609314,0.9527034068107605
da/a2,24749,0.9375712275505066,0.9528395855426788
da/a2,24999,0.9590200781822205,0.9530366790294648
da/a2,24999,0.9357986450195312,0.9524624669551849
da/a2,25249,0.9530848860740662,0.952484542131424
da/a2,25249,0.9519546627998352,0.9521036183834076
da/a2,25499,0.9679561257362366,0.9528523278236389
da/a2,25499,0.9503705501556396,0.9528166854381561
da/a2,25723,0.9625272750854492,0.9526600515842438
da/a2,25723,0.9566566944122314,0.9528775346279145
da/a2,25749,0.9453844428062439,0.9526663279533386
da/a2,25749,0.946358859539032,0.9525448083877563
da/a2,25920,0.9362471699714661,0.9523235023021698
da/a2,25920,0.9649898409843445,0.9522466111183167
da/a2,26170,0.9398685097694397,0.9521236205101014
da/a2,26170,0.9355044960975647,0.9519348192214966
da/a2,26420,0.969872236251831,0.9521669816970825
da/a2,26420,0.9249832034111023,0.9518789792060852
da/a2,26670,0.9481781721115112,0.9517715859413147
da/a2,26670,0.9287530183792114,0.950961993932724
da/a2,26920,0.9538782238960266,0.9508889698982239
da/a2,26920,0.9503816366195679,0.9505114412307739
da/a2,27091,0.9598726034164429,0.9504352021217346
da/a2,27091,0.9498996138572693,0.9503006327152252
da/a2,27341,0.9485669732093811,0.949953179359436
da/a2,27341,0.959244966506958,0.9499673688411713
da/a2,27591,0.9255572557449341,0.9496136975288391
da/a2,27591,0.9445062875747681,0.9492485368251801
da/a2,27723,0.94728684425354,0.9489680063724518
da/a2,27723,0.9587185382843018,0.9488059031963348
da/a2,27841,0.9477323293685913,0.9487260746955871
da/a2,27841,0.9574567079544067,0.9490063500404358
da/a2,28091,0.9566800594329834,0.9495449090003967
da/a2,28091,0.9288395643234253,0.949033420085907
da/a2,28262,0.9522960186004639,0.9492744386196137
da/a2,28262,0.9620696902275085,0.9498730063438415
da/a2,28512,0.9615981578826904,0.9498022425174714
da/a2,28512,0.9255397915840149,0.9493839240074158
da/a2,28762,0.9534199237823486,0.9493840456008911
da/a2,28762,0.9605667591094971,0.9498514056205749
da/a2,29012,0.9574717283248901,0.9498037302494049
da/a2,29012,0.9707015156745911,0.950418998003006
da/a2,29262,0.9633055329322815,0.9503197014331818
da/a2,29262,0.9445525407791138,0.9500577211380005
da/a2,29433,0.9555928707122803,0.9500454115867615
da/a2,29433,0.9549954533576965,0.9501788055896759
da/a2,29683,0.9608542919158936,0.9509093034267425
da/a2,29683,0.9479321241378784,0.950775157213211
da/a2,29723,0.9556728601455688,0.9509611308574677
da/a2,29723,0.9571350812911987,0.9507706880569458
da/a2,29933,0.9550199508666992,0.9508485198020935
da/a2,29933,0.9200624227523804,0.950498343706131
da/a2,30183,0.9699112176895142,0.9507161664962769
da/a2,30183,0.9471606612205505,0.9509434068202972
da/a2,30433,0.967068612575531,0.9512230813503265
da/a2,30433,0.9479741454124451,0.9511434710025788
da/a2,30604,0.9456399083137512,0.9506971466541291
da/a2,30604,0.9513639211654663,0.9507170140743255
da/a2,30854,0.9649298191070557,0.9507650649547577
da/a2,30854,0.9564467668533325,0.9507608664035797
da/a2,31104,0.9770107865333557,0.951393393278122
da/a2,31104,0.952450156211853,0.9515152192115783
da/a2,31354,0.9528759121894836,0.9518477940559387
da/a2,31354,0.9482384324073792,0.9515127658843994
da/a2,31604,0.9240833520889282,0.9511970627307892
da/a2,31604,0.949766993522644,0.9514823126792907
da/a2,31723,0.9615981578826904,0.951316831111908
da/a2,31723,0.9676334857940674,0.9521698367595672
da/a2,31775,0.9647506475448608,0.9525012862682343
da/a2,31775,0.942802369594574,0.9527822732925415
da/a2,32025,0.9669685959815979,0.953044080734253
da/a2,32025,0.959412157535553,0.9532246911525726
da/a2,32275,0.9341928958892822,0.9527110970020294
da/a2,32275,0.959233820438385,0.9528977811336518
da/a2,32525,0.9596751928329468,0.953119945526123
da/a2,32525,0.9477190375328064,0.95288942694664
da/a2,32775,0.9657366275787354,0.953693014383316
da/a2,32775,0.964989185333252,0.9541026723384857
da/a2,32946,0.960497260093689,0.9543668806552887
da/a2,32946,0.9437754154205322,0.9540680181980133
da/a2,33196,0.9556962847709656,0.9542272973060608
da/a2,33196,0.9610058069229126,0.9542982792854309
da/a2,33446,0.97358638048172,0.9546364057064056
da/a2,33446,0.9537851810455322,0.9551353180408477
da/a2,33696,0.9360988140106201,0.9548113739490509
da/a2,33696,0.960869312286377,0.9547873663902283
da/a2,33723,0.9412846565246582,0.9543810963630677
da/a2,33723,0.9664500951766968,0.9551993024349212
da/a2,33946,0.9696217179298401,0.9555233383178711
da/a2,33946,0.9391517043113708,0.9550950372219086
da/a2,34117,0.9640324115753174,0.9552262508869171
da/a2,34117,0.9556053876876831,0.954924328327179
da/a2,34367,0.9583808183670044,0.9548258340358734
da/a2,34367,0.9557881951332092,0.9550505471229553
da/a2,34617,0.9610705375671387,0.9551601004600525
da/a2,34617,0.9527553915977478,0.9551152992248535
da/a2,34867,0.9072266221046448,0.9540427458286286
da/a2,34867,0.9484571218490601,0.9540532457828522
da/a2,35117,0.9679718613624573,0.95429922580719
da/a2,35117,0.9528989195823669,0.9542145025730133
da/a2,35288,0.9607977867126465,0.9543300592899322
da/a2,35288,0.9469684362411499,0.9548681795597076
da/a2,35538,0.9637559652328491,0.9547450745105743
da/a2,35538,0.9636936187744141,0.9550757336616517
da/a2,35723,0.9488374590873718,0.9547111105918884
da/a2,35723,0.9386343359947205,0.9545243144035339
da/a2,35788,0.9292524456977844,0.9541965651512146
da/a2,35788,0.9740532636642456,0.9546503520011902
da/a2,36038,0.9565079212188721,0.9544819140434265
da/a2,36038,0.9440260529518127,0.9542334997653961
da/a2,36288,0.9557687640190125,0.9538086593151093
da/a2,36288,0.950079083442688,0.953761237859726
da/a3,0,0.781682014465332,0.781682014465332
da/a3,0,0.7604992389678955,0.7710906267166138
da/a3,250,0.88543301820755,0.8092047572135925
da/a3,250,0.9297049641609192,0.8393298089504242
da/a3,500,0.9355765581130981,0.858579158782959
da/a3,500,0.9568935036659241,0.8749648829301199
da/a3,750,0.9589735865592957,0.8869661263057164
da/a3,750,0.9580766558647156,0.8958549425005913
da/a3,1000,0.9549878239631653,0.9024252626630995
da/a3,1000,0.9616087675094604,0.9083436131477356
da/a3,1171,0.974732518196106,0.9143789681521329
da/a3,1171,0.9745689034461975,0.919394796093305
da/a3,1421,0.9659658074378967,0.9229771815813504
da/a3,1421,0.968488872051239,0.9262280166149139
da/a3,1671,0.9790717959403992,0.929750935236613
da/a3,1671,0.9711108803749084,0.9323359318077564
da/a3,1921,0.9553036689758301,0.9336869751705843
da/a3,1921,0.981112539768219,0.9363217287593417
da/a3,2000,0.9639173150062561,0.9377741280354952
da/a3,2000,0.9838534593582153,0.9400780946016312
da/a3,2171,0.9793299436569214,0.9419472302709307
da/a3,2171,0.9900263547897339,0.9441326450217854
da/a3,2342,0.9757919311523438,0.945509135723114
da/a3,2342,0.9513860940933228,0.9457540089885393
da/a3,2592,0.975639283657074,0.9469494199752808
da/a3,2592,0.9682856798171997,0.9477700453538161
da/a3,2842,0.984669029712677,0.9491366744041443
da/a3,2842,0.9836485981941223,0.9503692431109292
da/a3,3092,0.979147732257843,0.9513616048056504
da/a3,3092,0.9631794691085815,0.951755533615748
da/a3,3342,0.9825201630592346,0.9527479410171509
da/a3,3342,0.9891523718833923,0.9538855794817209
da/a3,3513,0.9777140617370605,0.9546076547015797
da/a3,3513,0.9898790121078491,0.95564504756647
da/a3,3763,0.9855849146842957,0.956500472341265
da/a3,3763,0.9831602573394775,0.9572410219245486
da/a3,4000,0.9752655625343323,0.9577281716707591
da/a3,4000,0.986534833908081,0.9584862417296359
da/a3,4013,0.9822724461555481,0.9590961444072235
da/a3,4013,0.9804255366325378,0.9596293792128563
da/a3,4263,0.9772593975067139,0.960059379659048
da/a3,4263,0.9628337621688843,0.9601254363854727
da/a3,4513,0.9810006618499756,0.9606109067451122
da/a3,4513,0.979498028755188,0.9610401595180685
da/a3,4684,0.9892197251319885,0.9616663720872667
da/a3,4684,0.9745040535926819,0.9619454521199932
da/a3,4934,0.981279730796814,0.9623568197514148
da/a3,4934,0.9834873676300049,0.9627970394988855
da/a3,5184,0.9827558398246765,0.9632043619545139
da/a3,5184,0.9904216527938843,0.9637487077713013
da/a3,5434,0.9649034738540649,0.9674131369590759
da/a3,5434,0.9834853410720825,0.9718728590011597
da/a3,5684,0.9796481132507324,0.9737571609020234
da/a3,5684,0.9713477492332458,0.9745900166034699
da/a3,5855,0.9797788262367249,0.9754740619659423
da/a3,5855,0.9813947081565857,0.9759640860557556
da/a3,6000,0.9849426746368408,0.9764834678173065
da/a3,6000,0.9765512943267822,0.9768529605865478
da/a3,6105,0.9723906517028809,0.9772010171413421
da/a3,6105,0.995909571647644,0.9778870332241059
da/a3,6355,0.9600001573562622,0.9775923860073089
da/a3,6355,0.9789187908172607,0.9776793837547302
da/a3,6605,0.9876654148101807,0.978113375902176
da/a3,6605,0.9798842668533325,0.9783412837982177
da/a3,6855,0.9802037477493286,0.9783639228343963
da/a3,6855,0.9892076253890991,0.9787258577346801
da/a3,7026,0.9861814975738525,0.9793434143066406
da/a3,7026,0.9770359992980957,0.9792618834972382
da/a3,7276,0.9820851683616638,0.9796252405643463
da/a3,7276,0.9779822826385498,0.979507817029953
da/a3,7526,0.9779115915298462,0.9794794499874115
da/a3,7526,0.9846020340919495,0.9793709635734558
da/a3,7776,0.9707359671592712,0.9792698442935943
da/a3,7776,0.9868152737617493,0.9799784278869629
da/a3,8000,0.9827232956886292,0.980120108127594
da/a3,8000,0.9816983938217163,0.9803883624076843
da/a3,8026,0.9857608675956726,0.9804101991653442
da/a3,8026,0.9771496653556824,0.9802802205085754
da/a3,8276,0.9741193652153015,0.9801796531677246
da/a3,8276,0.9826872944831848,0.9805698096752167
da/a3,8526,0.9779960513114929,0.9804793274402619
da/a3,8526,0.9872192740440369,0.9804406654834747
da/a3,8776,0.9783278703689575,0.9804529416561126
da/a3,8776,0.9840919971466064,0.9803372013568878
da/a3,9026,0.9876407980918884,0.9803783190250397
da/a3,9026,0.9911154508590698,0.9805374228954316
da/a3,9276,0.9754092693328857,0.9805402970314026
da/a3,9276,0.9786701202392578,0.9803830027580261
da/a3,9447,0.9785897135734558,0.9803093481063843
da/a3,9447,0.9652215242385864,0.9800052678585053
da/a3,9697,0.978347659111023,0.9800270330905915
da/a3,9697,0.9902091026306152,0.980574539899826
da/a3,9947,0.9778140187263489,0.9805108070373535
da/a3,9947,0.9823375344276428,0.9805675971508027
da/a3,10197,0.9763384461402893,0.9803099715709687
da/a3,10197,0.9844076037406921,0.9805080425739289
da/a3,10276,0.9796791076660156,0.9804760301113129
da/a3,10276,0.9737025499343872,0.9802803337574005
da/a3,10447,0.9742088913917542,0.980109394788742
da/a3,10447,0.976574182510376,0.9798324453830719
da/a3,10618,0.9750963449478149,0.9800363028049469
da/a3,10618,0.9852827787399292,0.9800722515583038
da/a3,10868,0.9852093458175659,0.9801834762096405
da/a3,10868,0.9826186895370483,0.9804088950157166
da/a3,11118,0.9859923124313354,0.9805331647396087
da/a3,11118,0.9831427335739136,0.9805681252479553
da/a3,11368,0.9835700392723083,0.9805406725406647
da/a3,11368,0.9886540770530701,0.9807827281951904
da/a3,11618,0.9779300093650818,0.9808935153484345
da/a3,11618,0.9851506948471069,0.9806783378124238
da/a3,11789,0.9769508838653564,0.9810173523426056
da/a3,11789,0.97386634349823,0.9809163033962249
da/a3,12039,0.9842677712440491,0.9808483505249024
da/a3,12039,0.9701468348503113,0.980653601884842
da/a3,12276,0.9835031032562256,0.9807195889949799
da/a3,12276,0.97416752576828,0.9804187870025635
da/a3,12289,0.9764052033424377,0.9802232611179352
da/a3,12289,0.9826324582099915,0.9803351902961731
da/a3,12539,0.9848431348800659,0.9803903496265411
da/a3,12539,0.9851470589637756,0.9805336451530456
da/a3,12789,0.9738457798957825,0.9804523289203644
da/a3,12789,0.9829133749008179,0.9804185557365418
da/a3,12960,0.9818687438964844,0.980641211271286
da/a3,12960,0.9680703282356262,0.9802663123607636
da/a3,13210,0.9778982996940613,0.9801698124408722
da/a3,13210,0.9822566509246826,0.9801809775829315
da/a3,13460,0.9836331605911255,0.9801384234428405
da/a3,13460,0.9812636375427246,0.9802207028865815
da/a3,13710,0.979655921459198,0.9803314340114594
da/a3,13710,0.9835818409919739,0.9803493249416352
da/a3,13960,0.962900698184967,0.9800474178791047
da/a3,13960,0.9872850179672241,0.9800487327575683
da/a3,14131,0.9774351119995117,0.9800308775901795
da/a3,14131,0.9830257296562195,0.9800095522403717
da/a3,14276,0.9716073274612427,0.9796888828277588
da/a3,14276,0.9816809296607971,0.9795001924037934
da/a3,14381,0.9825357794761658,0.979642722606659
da/a3,14381,0.9872060418128967,0.9798134410381317
da/a3,14631,0.9749596118927002,0.9797408390045166
da/a3,14631,0.9862337708473206,0.9801610839366913
da/a3,14881,0.9777556657791138,0.9801492440700531
da/a3,14881,0.9739654660224915,0.9798243713378906
da/a3,15131,0.9891695976257324,0.9800514829158783
da/a3,15131,0.9857161045074463,0.9801190543174744
da/a3,15302,0.9835289716720581,0.9802628648281098
da/a3,15302,0.9747570157051086,0.980069853067398
da/a3,15552,0.9706173539161682,0.9798886179924011
da/a3,15552,0.9741314053535461,0.9798971951007843
da/a3,15802,0.9709641337394714,0.9798322999477387
da/a3,15802,0.9740157723426819,0.9797811317443847
da/a3,16052,0.9752482771873474,0.9797841703891754
da/a3,16052,0.9777325391769409,0.9796331655979157
da/a3,16276,0.9874232411384583,0.9796774435043335
da/a3,16276,0.9830341935157776,0.9796857535839081
da/a3,16302,0.9791995882987976,0.9795498991012573
da/a3,16302,0.9768688082695007,0.9794244205951691
da/a3,16473,0.9786154627799988,0.9793253290653229
da/a3,16473,0.9739494323730469,0.9790312361717224
da/a3,16723,0.9860990643501282,0.9791946172714233
da/a3,16723,0.9743732213973999,0.9789790678024292
da/a3,16973,0.9831063151359558,0.9791021764278411
da/a3,16973,0.9773741960525513,0.9791723334789276
da/a3,17223,0.9834986329078674,0.979156950712204
da/a3,17223,0.9811384677886963,0.9793767833709717
da/a3,17473,0.9854941368103027,0.9794166040420532
da/a3,17473,0.9787265658378601,0.9795077848434448
da/a3,17723,0.9827057123184204,0.9796337950229644
da/a3,17723,0.9845231771469116,0.9796716094017028
da/a3,17973,0.9825444221496582,0.9796256351470948
da/a3,17973,0.9841316342353821,0.9796053266525269
da/a3,18223,0.9866607189178467,0.9798616254329682
da/a3,18223,0.9824859499931335,0.9798530769348145
da/a3,18473,0.9819548726081848,0.9798547995090484
da/a3,18473,0.9808046817779541,0.980109486579895
da/a3,18723,0.9858811497688293,0.9802691435813904
da/a3,18723,0.9752030372619629,0.980128071308136
da/a3,18894,0.9807592630386353,0.9800705933570861
da/a3,18894,0.982947051525116,0.980104261636734
da/a3,19144,0.9783059358596802,0.9800772619247436
da/a3,19144,0.9821917414665222,0.9800494599342346
da/a3,19394,0.9875088930130005,0.9805416238307952
da/a3,19394,0.9748131036758423,0.9802921855449677
da/a3,19644,0.9732034206390381,0.9802075517177582
da/a3,19644,0.968379557132721,0.9799146282672883
da/a3,19723,0.9783892631530762,0.9800502669811249
da/a3,19723,0.9849019050598145,0.9801146864891053
da/a3,19894,0.9817167520523071,0.9800983059406281
da/a3,19894,0.990561842918396,0.980165421962738
da/a3,20065,0.9681503772735596,0.9800292372703552
da/a3,20065,0.9834156632423401,0.9799728751182556
da/a3,20315,0.9873822331428528,0.9801654064655304
da/a3,20315,0.9769605398178101,0.9802253079414368
da/a3,20565,0.9801645278930664,0.9800452065467834
da/a3,20565,0.9793602824211121,0.9799180901050568
da/a3,20815,0.9781246185302734,0.9798100030422211
da/a3,20815,0.9877585172653198,0.9800700330734253
da/a3,21065,0.9761132597923279,0.9801799511909485
da/a3,21065,0.9796499013900757,0.9802903211116791
da/a3,21236,0.9814381003379822,0.9804998004436493
da/a3,21236,0.9749424457550049,0.9805183339118958
da/a3,21486,0.9839112758636475,0.9806915938854217
da/a3,21486,0.9878489375114441,0.9808939218521118
da/a3,21723,0.9849303960800171,0.980844064950943
da/a3,21723,0.9895312190055847,0.9809740054607391
da/a3,21736,0.9875690340995789,0.9811413943767547
da/a3,21736,0.9829163551330566,0.9812623453140259
da/a3,21986,0.986577033996582,0.9814215767383575
da/a3,21986,0.9852452874183655,0.9816474938392639
da/a3,22236,0.9758899211883545,0.9814433109760284
da/a3,22236,0.9853085875511169,0.9816620182991028
da/a3,22407,0.984084963798523,0.9816815912723541
da/a3,22407,0.9900922775268555,0.9819359529018402
da/a3,22657,0.9780823588371277,0.9818276274204254
da/a3,22657,0.975925087928772,0.9817233598232269
da/a3,22907,0.9698820114135742,0.9814111173152924
da/a3,22907,0.9817848801612854,0.9814722836017609
da/a3,23157,0.9769331812858582,0.9813568329811097
da/a3,23157,0.9763132333755493,0.9811926341056824
da/a3,23407,0.9855645895004272,0.9812530374526978
da/a3,23407,0.983160674571991,0.9812336182594299
da/a3,23578,0.9846704602241516,0.981193813085556
da/a3,23578,0.9697350859642029,0.9809387958049774
da/a3,23723,0.9837106466293335,0.9809739112854003
da/a3,23723,0.9725605249404907,0.9808090281486511
da/a3,23828,0.9879780411720276,0.9808509659767151
da/a3,23828,0.9803951382637024,0.9809548079967498
da/a3,24078,0.9818405508995056,0.9809764337539673
da/a3,24078,0.9800349473953247,0.9809181916713715
da/a3,24328,0.9626039862632751,0.9806041526794433
da/a3,24328,0.9822375178337097,0.9806050682067871
da/a3,24578,0.9808981418609619,0.9804728531837463
da/a3,24578,0.9879037737846375,0.9807346665859222
da/a3,24749,0.9861725568771362,0.9809940493106842
da/a3,24749,0.9756714701652527,0.9811398875713349
da/a3,24999,0.9840309619903564,0.9812527215480804
da/a3,24999,0.9688021540641785,0.9809307265281677
da/a3,25249,0.9774792194366455,0.9808459758758545
da/a3,25249,0.9801475405693054,0.9806376898288727
da/a3,25499,0.9868809580802917,0.9810123014450073
da/a3,25499,0.9800081849098206,0.9809441518783569
da/a3,25723,0.9848610162734985,0.9808937275409698
da/a3,25723,0.9834798574447632,0.981024113893509
da/a3,25749,0.9809257984161377,0.9810393393039704
da/a3,25749,0.9735115766525269,0.9809223651885987
da/a3,25920,0.976759672164917,0.9808950662612915
da/a3,25920,0.9862779974937439,0.9808654558658599
da/a3,26170,0.975468635559082,0.9808525633811951
da/a3,26170,0.9743418097496033,0.9807464015483857
da/a3,26420,0.9886837601661682,0.9808913147449494
da/a3,26420,0.9829297065734863,0.9810510599613189
da/a3,26670,0.9771744012832642,0.9809163224697113
da/a3,26670,0.9644580483436584,0.9804485046863556
da/a3,26920,0.9785723686218262,0.9803213441371917
da/a3,26920,0.9806371927261353,0.9801434636116028
da/a3,27091,0.9862920641899109,0.9801179242134094
da/a3,27091,0.9814768433570862,0.98008913397789
da/a3,27341,0.978070080280304,0.9799189949035645
da/a3,27341,0.9835540652275085,0.9798851704597473
da/a3,27591,0.961408257484436,0.9795955371856689
da/a3,27591,0.98166424036026,0.9795226502418518
da/a3,27723,0.975741446018219,0.9793557798862458
da/a3,27723,0.9816181659698486,0.9791862976551056
da/a3,27841,0.9773569703102112,0.9791717898845672
da/a3,27841,0.9891524910926819,0.9794363379478455
da/a3,28091,0.9843763709068298,0.9797262251377106
da/a3,28091,0.9682246446609497,0.9794550204277038
da/a3,28262,0.9812644720077515,0.9795416462421417
da/a3,28262,0.9839345812797546,0.9796940732002258
da/a3,28512,0.9787276983261108,0.9795573353767395
da/a3,28512,0.9761463403701782,0.9794170486927033
da/a3,28762,0.9783768653869629,0.9792911767959595
da/a3,28762,0.9837686419487,0.9795718479156494
da/a3,29012,0.9836713075637817,0.9795710611343383
da/a3,29012,0.9911417365074158,0.9799426853656769
da/a3,29262,0.9830194711685181,0.9798435139656066
da/a3,29262,0.9817565083503723,0.9798707413673401
da/a3,29433,0.9806910753250122,0.9798477518558503
da/a3,29433,0.9786344170570374,0.9798197412490844
da/a3,29683,0.9857358336448669,0.9802823781967163
da/a3,29683,0.9872217774391174,0.9803820633888245
da/a3,29723,0.9767196774482727,0.9802984941005707
da/a3,29723,0.9842666387557983,0.9802257513999939
da/a3,29933,0.9774469137191772,0.9800512385368347
da/a3,29933,0.9709275364875793,0.9799563598632812
da/a3,30183,0.9888311624526978,0.980052363872528
da/a3,30183,0.9870947599411011,0.9804182159900665
da/a3,30433,0.9846320152282715,0.980561271905899
da/a3,30433,0.9790733456611633,0.9805397880077362
da/a3,30604,0.9761022329330444,0.9803242135047913
da/a3,30604,0.9846211671829224,0.9804164731502533
da/a3,30854,0.9828288555145264,0.9803758299350739
da/a3,30854,0.9836318492889404,0.9803788697719574
da/a3,31104,0.9914066195487976,0.9805884861946106
da/a3,31104,0.9800687432289124,0.9807196295261383
da/a3,31354,0.98289954662323,0.9808424270153046
da/a3,31354,0.9757259488105774,0.9806313860416412
da/a3,31604,0.962462306022644,0.9803712594509125
da/a3,31604,0.9796757102012634,0.9804779374599457
da/a3,31723,0.9837355017662048,0.9803789722919464
da/a3,31723,0.9899251461029053,0.9805188810825348
da/a3,31775,0.9855028986930847,0.9806854510307312
da/a3,31775,0.9802813529968262,0.9810019171237946
da/a3,32025,0.984908938407898,0.981128648519516
da/a3,32025,0.9876803755760193,0.9812695121765137
da/a3,32275,0.9672365784645081,0.9808884024620056
da/a3,32275,0.9833999276161194,0.9809268641471863
da/a3,32525,0.9803584814071655,0.9809726321697235
da/a3,32525,0.9783944487571716,0.9808694398403168
da/a3,32775,0.9849094152450562,0.9813394629955292
da/a3,32775,0.9882128238677979,0.98147043466568
da/a3,32946,0.984135627746582,0.9816383183002472
da/a3,32946,0.977091372013092,0.9815477824211121
da/a3,33196,0.975562334060669,0.9815118896961212
da/a3,33196,0.9836829900741577,0.9814024996757508
da/a3,33446,0.9915576577186584,0.9815461254119873
da/a3,33446,0.9859846830368042,0.9819013261795044
da/a3,33696,0.9684110283851624,0.9816442573070526
da/a3,33696,0.9810550212860107,0.9815866661071777
da/a3,33723,0.9723559021949768,0.981459230184555
da/a3,33723,0.9882732629776001,0.9817017686367034
da/a3,33946,0.9878004193305969,0.9818902397155762
da/a3,33946,0.9803532361984253,0.9818219316005706
da/a3,34117,0.985211968421936,0.9818527448177338
da/a3,34117,0.9768424034118652,0.9815667581558227
da/a3,34367,0.9808179140090942,0.9815227270126343
da/a3,34367,0.9803088307380676,0.9814937734603881
da/a3,34617,0.9805376529693604,0.9814907050132752
da/a3,34617,0.9796172380447388,0.9815103614330292
da/a3,34867,0.9590231776237488,0.9809761083126068
da/a3,34867,0.9800148606300354,0.9808319699764252
da/a3,35117,0.9854143261909485,0.9810058629512787
da/a3,35117,0.9781567454338074,0.9808836650848388
da/a3,35288,0.9820309281349182,0.9809753453731537
da/a3,35288,0.9738608598709106,0.9810340118408203
da/a3,35538,0.9835487604141235,0.9809283638000488
da/a3,35538,0.984611451625824,0.9808786976337432
da/a3,35723,0.9734413027763367,0.9806548833847046
da/a3,35723,0.9732334017753601,0.9805380845069885
da/a3,35788,0.9695366621017456,0.9804067730903625
da/a3,35788,0.9930873513221741,0.9805760967731476
da/a3,36038,0.9755330085754395,0.9804301798343659
da/a3,36038,0.981964111328125,0.9803968250751496
da/a3,36288,0.9806532859802246,0.9801817584037781
da/a3,36288,0.982574462890625,0.9802318727970123
de/abs_rel,0,0.4710710942745209,0.4710710942745209
de/abs_rel,0,0.443659245967865,0.45736517012119293
de/abs_rel,250,0.3696551024913788,0.4281284809112549
de/abs_rel,250,0.30050843954086304,0.3962234705686569
de/abs_rel,500,0.2970332205295563,0.3763854205608368
de/abs_rel,500,0.2619442641735077,0.3573118944962819
de/abs_rel,750,0.22754397988319397,0.33877362098012653
de/abs_rel,750,0.202928826212883,0.3217930216342211
de/abs_rel,1000,0.20883812010288239,0.30924247701962787
de/abs_rel,1000,0.20834015309810638,0.29915224462747575
de/abs_rel,1171,0.18974512815475464,0.28920614312995563
de/abs_rel,1171,0.1598786860704422,0.27842885504166287
de/abs_rel,1421,0.16962037980556488,0.2700589723311938
de/abs_rel,1421,0.18730677664279938,0.2641481012105942
de/abs_rel,1671,0.18779762089252472,0.25905806918938956
de/abs_rel,1671,0.17365002632141113,0.2537200665101409
de/abs_rel,1921,0.22300663590431213,0.2519133941215627
de/abs_rel,1921,0.16875554621219635,0.2472935136821535
de/abs_rel,2000,0.17278140783309937,0.2433718239006243
de/abs_rel,2000,0.15745756030082703,0.23907611072063445
de/abs_rel,2171,0.18941321969032288,0.23671121114776247
de/abs_rel,2171,0.14453551173210144,0.2325214066288688
de/abs_rel,2342,0.18741826713085175,0.2305604005637376
de/abs_rel,2342,0.19166354835033417,0.22893969838817915
de/abs_rel,2592,0.17685775458812714,0.22685642063617706
de/abs_rel,2592,0.16893090307712555,0.22462851611467508
de/abs_rel,2842,0.14791066944599152,0.22178711438620533
de/abs_rel,2842,0.14489050209522247,0.2190408068043845
de/abs_rel,3092,0.16590844094753265,0.2172086562575965
de/abs_rel,3092,0.14155973494052887,0.2146870255470276
de/abs_rel,3342,0.14696229994297028,0.21250235697915476
de/abs_rel,3342,0.14536936581134796,0.2104044510051608
de/abs_rel,3513,0.17915970087051392,0.20945764039502
de/abs_rel,3513,0.1406470239162445,0.20743379873387954
de/abs_rel,3763,0.14585360884666443,0.20567436473710196
de/abs_rel,3763,0.15677542984485626,0.20431606099009514
de/abs_rel,4000,0.16042108833789825,0.2031297103778736
de/abs_rel,4000,0.13869434595108032,0.201434042892958
de/abs_rel,4013,0.14119386672973633,0.1998894229913369
de/abs_rel,4013,0.1388436108827591,0.19836327768862247
de/abs_rel,4263,0.16977974772453308,0.19766611842120566
de/abs_rel,4263,0.1600138545036316,0.19676963594697772
de/abs_rel,4513,0.1657673865556717,0.19604865340299385
de/abs_rel,4513,0.13207462430000305,0.1945946981961077
de/abs_rel,4684,0.12648464739322662,0.19308114151159922
de/abs_rel,4684,0.13464365899562836,0.1918107614569042
de/abs_rel,4934,0.1508159041404724,0.19093853045017162
de/abs_rel,4934,0.12219654768705368,0.18950640580927333
de/abs_rel,5184,0.13451385498046875,0.18838410885358342
de/abs_rel,5184,0.13819731771945953,0.18738037303090097
de/abs_rel,5434,0.1792641431093216,0.18154423400759698
de/abs_rel,5434,0.1439453810453415,0.1755499567091465
de/abs_rel,5684,0.13604867458343506,0.17087782815098762
de/abs_rel,5684,0.15290383994579315,0.16792573615908624
de/abs_rel,5855,0.1602289080619812,0.16518964990973473
de/abs_rel,5855,0.13948330283164978,0.16274043068289756
de/abs_rel,6000,0.14028124511241913,0.16099517598748206
de/abs_rel,6000,0.13893450796604156,0.15971528962254525
de/abs_rel,6105,0.14607100188732147,0.15845994725823404
de/abs_rel,6105,0.1179121807217598,0.1566513878107071
de/abs_rel,6355,0.1670205146074295,0.1561968955397606
de/abs_rel,6355,0.1340429186820984,0.1556801801919937
de/abs_rel,6605,0.13834968209266663,0.15505476623773576
de/abs_rel,6605,0.13329064846038818,0.15397444367408752
de/abs_rel,6855,0.16807067394256592,0.15357990473508834
de/abs_rel,6855,0.14469070732593536,0.15300071835517884
de/abs_rel,7026,0.13368235528469086,0.15121423274278642
de/abs_rel,7026,0.12864816188812256,0.15041208505630493
de/abs_rel,7276,0.1478324979543686,0.14991310685873033
de/abs_rel,7276,0.15047214925289154,0.14977339863777162
de/abs_rel,7526,0.15960654616355896,0.14917726516723634
de/abs_rel,7526,0.12402485311031342,0.14876705199480056
de/abs_rel,7776,0.15341943502426147,0.14808707535266877
de/abs_rel,7776,0.13656356930732727,0.14698507577180864
de/abs_rel,8000,0.13242730498313904,0.14609646677970886
de/abs_rel,8000,0.12165467441082001,0.14515094220638275
de/abs_rel,8026,0.13063843548297882,0.1448054975271225
de/abs_rel,8026,0.13267801702022552,0.14456124782562255
de/abs_rel,8276,0.17081256210803986,0.1446593302488327
de/abs_rel,8276,0.12691937386989594,0.14436652302742004
de/abs_rel,8526,0.1613369882106781,0.1446540167927742
de/abs_rel,8526,0.11794529110193253,0.14410553529858589
de/abs_rel,8776,0.1648072749376297,0.1438184867799282
de/abs_rel,8776,0.12088847160339355,0.14342331573367118
de/abs_rel,9026,0.1187129095196724,0.14288050174713135
de/abs_rel,9026,0.11627869307994843,0.14207056701183318
de/abs_rel,9276,0.15654632449150085,0.14199307173490525
de/abs_rel,9276,0.11703378707170486,0.14155986055731773
de/abs_rel,9447,0.14609874784946442,0.1416579581797123
de/abs_rel,9447,0.14448177814483643,0.14177072152495385
de/abs_rel,9697,0.1410868912935257,0.1411968643963337
de/abs_rel,9697,0.11281772702932358,0.14025294184684753
de/abs_rel,9947,0.14966757595539093,0.13993094563484193
de/abs_rel,9947,0.13766330480575562,0.14004271924495698
de/abs_rel,10197,0.15681809186935425,0.14064938813447952
de/abs_rel,10197,0.12089740484952927,0.14037446305155754
de/abs_rel,10276,0.14155109226703644,0.14018916681408883
de/abs_rel,10276,0.15943089127540588,0.14093385368585587
de/abs_rel,10447,0.13501080870628357,0.14094379276037217
de/abs_rel,10447,0.11703886836767197,0.1405206237733364
de/abs_rel,10618,0.15060216188430786,0.13994738414883615
de/abs_rel,10618,0.13105425238609314,0.13968956157565116
de/abs_rel,10868,0.1303444653749466,0.1395754773914814
de/abs_rel,10868,0.1280929446220398,0.13907925948500632
de/abs_rel,11118,0.1374746710062027,0.13862417474389077
de/abs_rel,11118,0.11022987216711044,0.13803910613059997
de/abs_rel,11368,0.11392378807067871,0.13751195698976518
de/abs_rel,11368,0.12155275791883469,0.13716432198882103
de/abs_rel,11618,0.1509530246257782,0.13726196244359015
de/abs_rel,11618,0.11804961413145065,0.13726471111178398
de/abs_rel,11789,0.13843601942062378,0.13669302120804785
de/abs_rel,11789,0.14752992987632751,0.13696276143193245
de/abs_rel,12039,0.1338062882423401,0.1368718935549259
de/abs_rel,12039,0.14380885660648346,0.13708225771784782
de/abs_rel,12276,0.13013723492622375,0.13632358893752097
de/abs_rel,12276,0.13496147096157074,0.1361290042102337
de/abs_rel,12289,0.13137149810791016,0.13608278706669807
de/abs_rel,12289,0.1331857442855835,0.1361735387146473
de/abs_rel,12539,0.12191111594438553,0.13565511107444764
de/abs_rel,12539,0.11730317771434784,0.13499173164367675
de/abs_rel,12789,0.14595769345760345,0.13471875458955765
de/abs_rel,12789,0.14264445006847382,0.13509114652872087
de/abs_rel,12960,0.12684199213981628,0.13455959767103196
de/abs_rel,12960,0.1323642134666443,0.1344756105542183
de/abs_rel,13210,0.16133926808834076,0.13505384981632232
de/abs_rel,13210,0.1390048712491989,0.1354008537530899
de/abs_rel,13460,0.1207781732082367,0.13520364850759506
de/abs_rel,13460,0.12300104647874832,0.13501010909676553
de/abs_rel,13710,0.1307007372379303,0.13420787259936331
de/abs_rel,13710,0.1267632395029068,0.13420474991202355
de/abs_rel,13960,0.1625133901834488,0.13422827795147896
de/abs_rel,13960,0.1302085965871811,0.13447354406118392
de/abs_rel,14131,0.15925665199756622,0.13436253160238265
de/abs_rel,14131,0.12813742458820343,0.13450751066207886
de/abs_rel,14276,0.15070636570453644,0.13514737978577615
de/abs_rel,14276,0.11905874311923981,0.13520298078656195
de/abs_rel,14381,0.11431122571229935,0.13435827881097795
de/abs_rel,14381,0.10632316768169403,0.13414406642317772
de/abs_rel,14631,0.1612567901611328,0.13444722726941108
de/abs_rel,14631,0.11367318779230118,0.13383105546236038
de/abs_rel,14881,0.13201750814914703,0.13364966779947282
de/abs_rel,14881,0.14280064404010773,0.13424932613968849
de/abs_rel,15131,0.10164912790060043,0.13328895717859268
de/abs_rel,15131,0.11097928881645203,0.13275527685880661
de/abs_rel,15302,0.12485085427761078,0.13211593210697173
de/abs_rel,15302,0.12326885014772415,0.13216336101293563
de/abs_rel,15552,0.1533604860305786,0.1323995488882065
de/abs_rel,15552,0.12386869639158249,0.13168830499053003
de/abs_rel,15802,0.13129755854606628,0.13161403998732568
de/abs_rel,15802,0.11817077547311783,0.13163667812943458
de/abs_rel,16052,0.15008577704429626,0.13162635043263435
de/abs_rel,16052,0.13796062767505646,0.13176447793841362
de/abs_rel,16276,0.14011478424072266,0.13195988431572914
de/abs_rel,16276,0.1207866370677948,0.13181375816464425
de/abs_rel,16302,0.1378360092639923,0.13182098492980004
de/abs_rel,16302,0.13594797253608704,0.13233534693717958
de/abs_rel,16473,0.13585546612739563,0.1327739804983139
de/abs_rel,16473,0.16434834897518158,0.13362989231944084
de/abs_rel,16723,0.10862869024276733,0.13278340563178062
de/abs_rel,16723,0.12166261672973633,0.13285566568374635
de/abs_rel,16973,0.12708111107349396,0.13262856751680374
de/abs_rel,16973,0.13370482623577118,0.1323520654439926
de/abs_rel,17223,0.13392692804336548,0.13235447824001312
de/abs_rel,17223,0.1140710785984993,0.13175972267985345
de/abs_rel,17473,0.13758239150047302,0.13190862581133841
de/abs_rel,17473,0.12919051945209503,0.13179320678114892
de/abs_rel,17723,0.12138178944587708,0.13159341260790824
de/abs_rel,17723,0.10265960544347763,0.13098288983106612
de/abs_rel,17973,0.1293383240699768,0.13113143399357796
de/abs_rel,17973,0.11041334271430969,0.1309936372935772
de/abs_rel,18223,0.11166281998157501,0.13030773982405663
de/abs_rel,18223,0.1303800493478775,0.1300624518096447
de/abs_rel,18473,0.1229538768529892,0.12998468950390815
de/abs_rel,18473,0.12409805506467819,0.12981936633586882
de/abs_rel,18723,0.105284683406353,0.12869827464222908
de/abs_rel,18723,0.13038605451583862,0.12852589830756186
de/abs_rel,18894,0.12304414063692093,0.12857121765613555
de/abs_rel,18894,0.12716826796531677,0.12865456208586692
de/abs_rel,19144,0.1455712467432022,0.12895197227597235
de/abs_rel,19144,0.13455337285995483,0.12910777494311332
de/abs_rel,19394,0.12747031450271606,0.12840691342949867
de/abs_rel,19394,0.12960262596607208,0.12839479401707649
de/abs_rel,19644,0.14111903309822083,0.12803204163908957
de/abs_rel,19644,0.13760212063789368,0.1282213355600834
de/abs_rel,19723,0.1571517288684845,0.12835024282336235
de/abs_rel,19723,0.11352866888046265,0.1282396413385868
de/abs_rel,19894,0.13708917796611786,0.12869520038366317
de/abs_rel,19894,0.10918073356151581,0.12875235170125962
de/abs_rel,20065,0.14717070758342743,0.1284706300497055
de/abs_rel,20065,0.11276816576719284,0.12845252960920334
de/abs_rel,20315,0.11396487802267075,0.1280914770066738
de/abs_rel,20315,0.13747917115688324,0.12798504754900933
de/abs_rel,20565,0.12640011310577393,0.12848006725311278
de/abs_rel,20565,0.13178429007530212,0.12889616727828979
de/abs_rel,20815,0.12440019100904465,0.12888715401291848
de/abs_rel,20815,0.11173030734062195,0.12865638315677644
de/abs_rel,21065,0.13036349415779114,0.12819644331932067
de/abs_rel,21065,0.14016568660736084,0.12852238312363626
de/abs_rel,21236,0.12721331417560577,0.12844069823622703
de/abs_rel,21236,0.13451150059700012,0.12876751273870468
de/abs_rel,21486,0.137736514210701,0.12852052748203277
de/abs_rel,21486,0.09128636121749878,0.12758704215288164
de/abs_rel,21723,0.1335621476173401,0.12745598942041397
de/abs_rel,21723,0.11204956471920013,0.1272812479734421
de/abs_rel,21736,0.11464782804250717,0.12681748434901238
de/abs_rel,21736,0.12395542114973068,0.12657763332128524
de/abs_rel,21986,0.10372811555862427,0.12593508630990982
de/abs_rel,21986,0.12090501934289932,0.12506621971726417
de/abs_rel,22236,0.13401761651039124,0.12557399824261664
de/abs_rel,22236,0.1146291121840477,0.12543332815170288
de/abs_rel,22407,0.11737427860498428,0.12523919150233268
de/abs_rel,22407,0.11255981028079987,0.12481629118323326
de/abs_rel,22657,0.14431452751159668,0.12502404317259788
de/abs_rel,22657,0.13856558501720428,0.125513933300972
de/abs_rel,22907,0.14558209478855133,0.12567392736673355
de/abs_rel,22907,0.12194503098726273,0.1255290175974369
de/abs_rel,23157,0.11744235455989838,0.12545022889971733
de/abs_rel,23157,0.1245284304022789,0.12588760539889335
de/abs_rel,23407,0.1270231455564499,0.12584130182862283
de/abs_rel,23407,0.12536022067070007,0.12614023938775062
de/abs_rel,23578,0.13579103350639343,0.126622803658247
de/abs_rel,23578,0.12503091990947723,0.12651582106947898
de/abs_rel,23723,0.12461426854133606,0.12654902890324593
de/abs_rel,23723,0.14079397916793823,0.12688294738531114
de/abs_rel,23828,0.10463552922010422,0.12686996430158615
de/abs_rel,23828,0.11409743875265121,0.1265441919863224
de/abs_rel,24078,0.13327556848526,0.12674882054328918
de/abs_rel,24078,0.13973473012447357,0.1270001497864723
de/abs_rel,24328,0.14635786414146423,0.12701588213443757
de/abs_rel,24328,0.14260633289813995,0.12717694133520127
de/abs_rel,24578,0.12136804312467575,0.12705489590764046
de/abs_rel,24578,0.11276369541883469,0.12671811729669571
de/abs_rel,24749,0.11561138927936554,0.1262079644203186
de/abs_rel,24749,0.13566425442695618,0.12616920709609986
de/abs_rel,24999,0.13804136216640472,0.12578699976205826
de/abs_rel,24999,0.13001590967178345,0.1261167445778847
de/abs_rel,25249,0.12335647642612457,0.1258420905470848
de/abs_rel,25249,0.11152109503746033,0.1258888977766037
de/abs_rel,25499,0.11303013563156128,0.12520608633756639
de/abs_rel,25499,0.12263797223567963,0.1254034824669361
de/abs_rel,25723,0.11283556371927261,0.12538089618086815
de/abs_rel,25723,0.12359841912984848,0.12510328114032745
de/abs_rel,25749,0.11640843003988266,0.12490344747900962
de/abs_rel,25749,0.1280234307050705,0.124828230291605
de/abs_rel,25920,0.1479988545179367,0.12530020356178284
de/abs_rel,25920,0.1333703249692917,0.12573300391435624
de/abs_rel,26170,0.12408822774887085,0.1256074985861778
de/abs_rel,26170,0.14938507974147797,0.12579188644886016
de/abs_rel,26420,0.11243674904108047,0.12549635514616966
de/abs_rel,26420,0.1468033641576767,0.1257421924173832
de/abs_rel,26670,0.14690707623958588,0.1259256036579609
de/abs_rel,26670,0.1558731198310852,0.12721733883023262
de/abs_rel,26920,0.12755993008613586,0.12709729447960855
de/abs_rel,26920,0.1409725397825241,0.12767575398087502
de/abs_rel,27091,0.1183226928114891,0.12774925127625467
de/abs_rel,27091,0.1405973583459854,0.12808209002017976
de/abs_rel,27341,0.1245298981666565,0.1284981256723404
de/abs_rel,27341,0.11198356747627258,0.12831969663500786
de/abs_rel,27591,0.16504593193531036,0.12894026294350625
de/abs_rel,27591,0.14570976793766022,0.1295618760585785
de/abs_rel,27723,0.1365397870540619,0.12994518622756004
de/abs_rel,27723,0.1174575611948967,0.130043141245842
de/abs_rel,27841,0.14100320637226105,0.12997691482305526
de/abs_rel,27841,0.13776768743991852,0.12996095687150955
de/abs_rel,28091,0.12134251743555069,0.12947616532444953
de/abs_rel,28091,0.13489581644535065,0.12973518103361129
de/abs_rel,28262,0.12053916603326797,0.1297971172630787
de/abs_rel,28262,0.10775890946388245,0.12946172684431076
de/abs_rel,28512,0.10430027544498444,0.12900726944208146
de/abs_rel,28512,0.13679896295070648,0.12923604428768157
de/abs_rel,28762,0.12688609957695007,0.1290579456090927
de/abs_rel,28762,0.11581563204526901,0.12887363985180855
de/abs_rel,29012,0.12458579987287521,0.12887307047843932
de/abs_rel,29012,0.11094959825277328,0.12827618286013603
de/abs_rel,29262,0.10153958201408386,0.12821426391601562
de/abs_rel,29262,0.13470962643623352,0.12862650766968728
de/abs_rel,29433,0.13126564025878906,0.12858630910515786
de/abs_rel,29433,0.11132309585809708,0.12801807641983032
de/abs_rel,29683,0.11082199960947037,0.12730735912919044
de/abs_rel,29683,0.1233413890004158,0.12692206025123595
de/abs_rel,29723,0.11482428759336472,0.12679118514060975
de/abs_rel,29723,0.12311996519565582,0.12699831053614616
de/abs_rel,29933,0.12220500409603119,0.12713018283247948
de/abs_rel,29933,0.1301194578409195,0.12701928690075875
de/abs_rel,30183,0.10860621929168701,0.12643058404326438
de/abs_rel,30183,0.12152058631181717,0.12626067757606507
de/abs_rel,30433,0.11627978831529617,0.1261191438138485
de/abs_rel,30433,0.11880473047494888,0.12626481652259827
de/abs_rel,30604,0.13476955890655518,0.12669960498809815
de/abs_rel,30604,0.1248135045170784,0.12674311563372612
de/abs_rel,30854,0.10774162411689758,0.1266412368416786
de/abs_rel,30854,0.12802161276340485,0.12672970071434975
de/abs_rel,31104,0.09894446283578873,0.12638042137026786
de/abs_rel,31104,0.12378081679344177,0.1262955690920353
de/abs_rel,31354,0.13090276718139648,0.12595364734530448
de/abs_rel,31354,0.1297687292098999,0.12588161543011667
de/abs_rel,31604,0.15232379734516144,0.12644632682204246
de/abs_rel,31604,0.11793920397758484,0.1258174093067646
de/abs_rel,31723,0.11880670487880707,0.12594480842351913
de/abs_rel,31723,0.10718376934528351,0.12515241652727127
de/abs_rel,31775,0.10672762244939804,0.12434882745146751
de/abs_rel,31775,0.13064713776111603,0.12384430781006812
de/abs_rel,32025,0.10055636614561081,0.12330423653125763
de/abs_rel,32025,0.11813349276781082,0.12284745559096337
de/abs_rel,32275,0.13036631047725677,0.12308832794427872
de/abs_rel,32275,0.12216202914714813,0.12271962136030197
de/abs_rel,32525,0.1039978638291359,0.12230898067355156
de/abs_rel,32525,0.140245720744133,0.12287422373890877
de/abs_rel,32775,0.09764812141656876,0.12152626752853393
de/abs_rel,32775,0.11860207468271255,0.12098411366343498
de/abs_rel,32946,0.1176099106669426,0.12060551613569259
de/abs_rel,32946,0.12285922467708588,0.12071354940533638
de/abs_rel,33196,0.13506291806697845,0.12059474363923073
de/abs_rel,33196,0.11652915179729462,0.12016997292637825
de/abs_rel,33446,0.09773192554712296,0.11969776108860969
de/abs_rel,33446,0.11115177720785141,0.1192228803038597
de/abs_rel,33696,0.15089114010334015,0.11982991978526115
de/abs_rel,33696,0.10231570154428482,0.1197210556268692
de/abs_rel,33723,0.14346937835216522,0.12050443768501282
de/abs_rel,33723,0.11606329679489136,0.12008972436189652
de/abs_rel,33946,0.10268490016460419,0.11960570037364959
de/abs_rel,33946,0.13598671555519104,0.12000912204384803
de/abs_rel,34117,0.11410526186227798,0.1197995112836361
de/abs_rel,34117,0.11663839966058731,0.11991328731179238
de/abs_rel,34367,0.13055363297462463,0.12049356833100319
de/abs_rel,34367,0.10702767968177795,0.11993992939591408
de/abs_rel,34617,0.1363479495048523,0.12004157558083534
de/abs_rel,34617,0.11663170903921127,0.12014774784445763
de/abs_rel,34867,0.1579516977071762,0.12109034180641175
de/abs_rel,34867,0.13309912383556366,0.1212854965031147
de/abs_rel,35117,0.11870558559894562,0.12136312246322632
de/abs_rel,35117,0.11698637157678604,0.12124045059084892
de/abs_rel,35288,0.11984927952289581,0.12119333609938622
de/abs_rel,35288,0.1248345747590065,0.12108763843774796
de/abs_rel,35538,0.11548230797052383,0.12122516021132469
de/abs_rel,35538,0.11380358785390854,0.12107082024216652
de/abs_rel,35723,0.13419681787490845,0.12142916083335877
de/abs_rel,35723,0.12291107326745987,0.12151128768920899
de/abs_rel,35788,0.15004761517047882,0.12181684881448746
de/abs_rel,35788,0.10870975255966187,0.12149477377533913
de/abs_rel,36038,0.11283529549837112,0.1215966472029686
de/abs_rel,36038,0.12456237524747849,0.12152746245265007
de/abs_rel,36288,0.1215100809931755,0.1219787748157978
de/abs_rel,36288,0.11662889271974564,0.12183573633432389
de/log_rms,0,0.6034610271453857,0.6034610271453857
de/log_rms,0,0.592914342880249,0.5981876850128174
de/log_rms,250,0.4275667667388916,0.5413140455881754
de/log_rms,250,0.36738282442092896,0.49783124029636383
de/log_rms,500,0.3645453155040741,0.4711740553379059
de/log_rms,500,0.318814218044281,0.44578074912230176
de/log_rms,750,0.30247974395751953,0.42530917695590426
de/log_rms,750,0.29852136969566345,0.4094607010483742
de/log_rms,1000,0.3017756938934326,0.39749570025338066
de/log_rms,1000,0.29967960715293884,0.3877140909433365
de/log_rms,1171,0.25396278500556946,0.3755548813126304
de/log_rms,1171,0.24459819495677948,0.36464182411630947
de/log_rms,1421,0.27304065227508545,0.357595580128523
de/log_rms,1421,0.272731214761734,0.35153383974518093
de/log_rms,1671,0.24849656224250793,0.34466468791166943
de/log_rms,1671,0.252533495426178,0.3389064883813262
de/log_rms,1921,0.2964964807033539,0.3364117820473278
de/log_rms,1921,0.23814724385738373,0.33095264103677535
de/log_rms,2000,0.2652803361415863,0.3274962039370286
de/log_rms,2000,0.22694866359233856,0.32246882691979406
de/log_rms,2171,0.24927981197834015,0.3189836357321058
de/log_rms,2171,0.20449323952198029,0.3137795268134637
de/log_rms,2342,0.2489985078573227,0.3109629607718924
de/log_rms,2342,0.2845669090747833,0.3098631252845128
de/log_rms,2592,0.24387787282466888,0.3072237151861191
de/log_rms,2592,0.25338253378868103,0.30515290051698685
de/log_rms,2842,0.21590349078178406,0.30184736682309043
de/log_rms,2842,0.21947212517261505,0.29890539390700205
de/log_rms,3092,0.23821057379245758,0.29681246907546605
de/log_rms,3092,0.2577783465385437,0.2955113316575686
de/log_rms,3342,0.21889658272266388,0.29303988814353943
de/log_rms,3342,0.20795167982578278,0.29038088163360953
de/log_rms,3513,0.25310367345809937,0.28925126926465466
de/log_rms,3513,0.20315253734588623,0.286718953619985
de/log_rms,3763,0.21339493989944458,0.28462398179939813
de/log_rms,3763,0.22335773706436157,0.28292214166786933
de/log_rms,4000,0.24336515367031097,0.28185303388415156
de/log_rms,4000,0.21081361174583435,0.27998357540682745
de/log_rms,4013,0.22152476012706757,0.2784846314252951
de/log_rms,4013,0.21667717397212982,0.276939444988966
de/log_rms,4263,0.23890496790409088,0.2760117748161642
de/log_rms,4263,0.2635594606399536,0.275715291145302
de/log_rms,4513,0.2361646592617035,0.2747955090084741
de/log_rms,4513,0.2220008224248886,0.2735956297679381
de/log_rms,4684,0.18606732785701752,0.27165055639213986
de/log_rms,4684,0.22445756196975708,0.2706246217307837
de/log_rms,4934,0.2189718335866928,0.26952562623835624
de/log_rms,4934,0.20113906264305115,0.26810090616345406
de/log_rms,5184,0.21116328239440918,0.2669389138416368
de/log_rms,5184,0.198459193110466,0.2655693194270134
de/log_rms,5434,0.26180317997932434,0.2587361624836922
de/log_rms,5434,0.21743932366371155,0.2512266620993614
de/log_rms,5684,0.2232656478881836,0.24714063972234726
de/log_rms,5684,0.25318095088005066,0.2448566022515297
de/log_rms,5855,0.23093461990356445,0.2421843883395195
de/log_rms,5855,0.2192898392677307,0.2401939007639885
de/log_rms,6000,0.20848700404167175,0.23831404596567154
de/log_rms,6000,0.22710420191287994,0.23688570261001587
de/log_rms,6105,0.22737422585487366,0.23539767324924468
de/log_rms,6105,0.16492457687854767,0.23270257264375688
de/log_rms,6355,0.2631349265575409,0.2328860154747963
de/log_rms,6355,0.22341327369213104,0.23246231704950332
de/log_rms,6605,0.19973218441009521,0.23099614769220353
de/log_rms,6605,0.2259795367717743,0.23006111413240432
de/log_rms,6855,0.2273419350385666,0.2296380215883255
de/log_rms,6855,0.20564819872379303,0.2287003156542778
de/log_rms,7026,0.19870366156101227,0.22674445927143097
de/log_rms,7026,0.22029250860214233,0.22638736456632613
de/log_rms,7276,0.21912498772144318,0.22546425759792327
de/log_rms,7276,0.23381006717681885,0.22560148566961288
de/log_rms,7526,0.22575081884860992,0.22513090580701828
de/log_rms,7526,0.19659656286239624,0.2249729722738266
de/log_rms,7776,0.24793261289596558,0.22495165437459946
de/log_rms,7776,0.204427570104599,0.22334886759519576
de/log_rms,8000,0.20696547627449036,0.2226106196641922
de/log_rms,8000,0.21235011518001556,0.22178997129201888
de/log_rms,8026,0.2151050567626953,0.22177400261163713
de/log_rms,8026,0.21415925025939941,0.2216677451133728
de/log_rms,8276,0.24231752753257751,0.2217498841881752
de/log_rms,8276,0.20109441876411438,0.2206162056326866
de/log_rms,8526,0.23408746719360352,0.22092002332210542
de/log_rms,8526,0.19050925970077515,0.22057117491960526
de/log_rms,8776,0.22878865897655487,0.22008487462997436
de/log_rms,8776,0.20504838228225708,0.2201227915287018
de/log_rms,9026,0.1877620816230774,0.21961013436317445
de/log_rms,9026,0.17670732736587524,0.2186771261692047
de/log_rms,9276,0.23928464949131012,0.2185955160856247
de/log_rms,9276,0.21041643619537354,0.21858757257461547
de/log_rms,9447,0.21990711987018585,0.21855521976947784
de/log_rms,9447,0.2553004324436188,0.2193276849389076
de/log_rms,9697,0.220134899020195,0.2189522835612297
de/log_rms,9697,0.17834040522575378,0.2172479024529457
de/log_rms,9947,0.22197559475898743,0.21696412116289138
de/log_rms,9947,0.21503828465938568,0.21682487040758133
de/log_rms,10197,0.23776717483997345,0.21785886734724044
de/log_rms,10197,0.20359207689762115,0.21744155764579773
de/log_rms,10276,0.21718572080135345,0.21740583539009095
de/log_rms,10276,0.2494954913854599,0.2183729639649391
de/log_rms,10447,0.22561527788639069,0.21866200387477874
de/log_rms,10447,0.22280831634998322,0.21914898633956909
de/log_rms,10618,0.235188826918602,0.21861669927835464
de/log_rms,10618,0.21020913124084473,0.21847209542989732
de/log_rms,10868,0.20103387534618378,0.21802745997905731
de/log_rms,10868,0.21006324887275696,0.21716510593891145
de/log_rms,11118,0.2015896737575531,0.2165782070159912
de/log_rms,11118,0.20261810719966888,0.21624477237462997
de/log_rms,11368,0.1948763132095337,0.21597255855798722
de/log_rms,11368,0.19113917648792267,0.21525325804948806
de/log_rms,11618,0.2285957783460617,0.21527768909931183
de/log_rms,11618,0.20264723896980286,0.21603214234113693
de/log_rms,11789,0.2198149710893631,0.21516574323177337
de/log_rms,11789,0.23749133944511414,0.21544730454683303
de/log_rms,12039,0.19924160838127136,0.21543749302625656
de/log_rms,12039,0.25129562616348267,0.21594381481409072
de/log_rms,12276,0.20305316150188446,0.21545803934335708
de/log_rms,12276,0.2306451052427292,0.2159579774737358
de/log_rms,12289,0.21917396783828735,0.21636738359928132
de/log_rms,12289,0.22841735184192657,0.216529880464077
de/log_rms,12539,0.19321073591709137,0.21601159542798995
de/log_rms,12539,0.1991637498140335,0.21531866908073424
de/log_rms,12789,0.2290107160806656,0.21538386702537538
de/log_rms,12789,0.21653008460998535,0.21578253746032716
de/log_rms,12960,0.20687972009181976,0.21496147960424422
de/log_rms,12960,0.24548262357711792,0.2157825806736946
de/log_rms,13210,0.23026888072490692,0.21624864876270294
de/log_rms,13210,0.22251790761947632,0.21645200461149217
de/log_rms,13460,0.19738319516181946,0.21609756737947464
de/log_rms,13460,0.21216623485088348,0.2160577070713043
de/log_rms,13710,0.21259453892707825,0.21546324729919433
de/log_rms,13710,0.20420993864536285,0.2155255576968193
de/log_rms,13960,0.24843518435955048,0.21581251204013824
de/log_rms,13960,0.2037181556224823,0.21607668995857238
de/log_rms,14131,0.23815637826919556,0.2162640443444252
de/log_rms,14131,0.2103574573993683,0.21637022584676743
de/log_rms,14276,0.23198409378528595,0.2172546660900116
de/log_rms,14276,0.20933642983436584,0.21790724813938142
de/log_rms,14381,0.19289468228816986,0.2169794487953186
de/log_rms,14381,0.1881452053785324,0.2165340241789818
de/log_rms,14631,0.23939916491508484,0.21692386507987976
de/log_rms,14631,0.19030258059501648,0.2156239080429077
de/log_rms,14881,0.21971657872200012,0.21561554163694382
de/log_rms,14881,0.2336185723543167,0.21672110497951508
de/log_rms,15131,0.1699465960264206,0.21568052500486373
de/log_rms,15131,0.19059327244758606,0.21519162476062775
de/log_rms,15302,0.19874319434165955,0.21441114515066148
de/log_rms,15302,0.2263714224100113,0.21486673206090928
de/log_rms,15552,0.24766214191913605,0.21547626048326493
de/log_rms,15552,0.22234411537647247,0.21493323296308517
de/log_rms,15802,0.23739853501319885,0.21516889810562134
de/log_rms,15802,0.22329801321029663,0.2151786920428276
de/log_rms,16052,0.2314196527004242,0.21510330855846405
de/log_rms,16052,0.21609602868556976,0.21522104650735854
de/log_rms,16276,0.19567079842090607,0.215113784968853
de/log_rms,16276,0.20055672526359558,0.21492365449666978
de/log_rms,16302,0.2227901667356491,0.21534766435623168
de/log_rms,16302,0.22723518311977386,0.21584000587463378
de/log_rms,16473,0.2085726261138916,0.21611393213272095
de/log_rms,16473,0.2532360851764679,0.21735587030649184
de/log_rms,16723,0.17716926336288452,0.2163273400068283
de/log_rms,16723,0.23737330734729767,0.2170218613743782
de/log_rms,16973,0.2040320485830307,0.21670620292425155
de/log_rms,16973,0.23808377981185913,0.21671805173158645
de/log_rms,17223,0.20501595735549927,0.21683353871107103
de/log_rms,17223,0.21276496350765228,0.2160629254579544
de/log_rms,17473,0.20155763626098633,0.21603301495313645
de/log_rms,17473,0.22544382512569427,0.21592898935079574
de/log_rms,17723,0.1994045525789261,0.2155336010456085
de/log_rms,17723,0.1937749832868576,0.21484075367450714
de/log_rms,17973,0.20176196098327637,0.21501177817583084
de/log_rms,17973,0.197016641497612,0.21496883600950242
de/log_rms,18223,0.17827752232551575,0.2139541721343994
de/log_rms,18223,0.20675252377986908,0.2137586209177971
de/log_rms,18473,0.20098628103733063,0.2136407521367073
de/log_rms,18473,0.2156199812889099,0.21304349929094316
de/log_rms,18723,0.17762647569179535,0.2119906511902809
de/log_rms,18723,0.23138761520385742,0.21216804534196854
de/log_rms,18894,0.20936065912246704,0.2124075946211815
de/log_rms,18894,0.2036161869764328,0.21223659366369246
de/log_rms,19144,0.2172568440437317,0.21232983976602554
de/log_rms,19144,0.22192053496837616,0.2126840516924858
de/log_rms,19394,0.19276612997055054,0.2115706706047058
de/log_rms,19394,0.231922447681427,0.2121347564458847
de/log_rms,19644,0.23712128400802612,0.21211405456066132
de/log_rms,19644,0.2449287623167038,0.21280548065900803
de/log_rms,19723,0.2375916838645935,0.21291763246059417
de/log_rms,19723,0.19785436987876892,0.21268799126148225
de/log_rms,19894,0.20978295803070068,0.21302575677633284
de/log_rms,19894,0.17105594277381897,0.2126839715242386
de/log_rms,20065,0.23618876934051514,0.2126197636127472
de/log_rms,20065,0.20225922763347626,0.2128588965535164
de/log_rms,20315,0.17732718586921692,0.21201110869646073
de/log_rms,20315,0.21542561054229736,0.21164724946022034
de/log_rms,20565,0.20668023824691772,0.21238192230463027
de/log_rms,20565,0.21740874648094177,0.2129182317852974
de/log_rms,20815,0.2075454592704773,0.21309427708387374
de/log_rms,20815,0.17515933513641357,0.2120700353384018
de/log_rms,21065,0.2220933735370636,0.21155865997076034
de/log_rms,21065,0.22188794612884521,0.2115495365858078
de/log_rms,21236,0.20441900193691254,0.21088994592428206
de/log_rms,21236,0.22608168423175812,0.21094561934471132
de/log_rms,21486,0.21107400953769684,0.21053870648145676
de/log_rms,21486,0.17039582133293152,0.209624702334404
de/log_rms,21723,0.2004019320011139,0.20971932500600815
de/log_rms,21723,0.18345604836940765,0.20937731146812438
de/log_rms,21736,0.18118537962436676,0.20854521572589874
de/log_rms,21736,0.20432603359222412,0.20808703273534776
de/log_rms,21986,0.17554853856563568,0.20742655098438262
de/log_rms,21986,0.20916423201560974,0.20654511392116548
de/log_rms,22236,0.22006477415561676,0.2074030241370201
de/log_rms,22236,0.19872736930847168,0.2066301053762436
de/log_rms,22407,0.18731097877025604,0.2062956839799881
de/log_rms,22407,0.18526534736156464,0.20523931533098222
de/log_rms,22657,0.22662575542926788,0.2056715112924576
de/log_rms,22657,0.2326314002275467,0.20606884002685547
de/log_rms,22907,0.25016266107559204,0.2070409405231476
de/log_rms,22907,0.20688144862651825,0.20666969299316407
de/log_rms,23157,0.2119983583688736,0.206921569108963
de/log_rms,23157,0.23565880954265594,0.207759245634079
de/log_rms,23407,0.1963714063167572,0.2076514345407486
de/log_rms,23407,0.22136040031909943,0.20813830971717834
de/log_rms,23578,0.21596552431583405,0.2088920697569847
de/log_rms,23578,0.2523110806941986,0.2098032408952713
de/log_rms,23723,0.1981440931558609,0.2097463971376419
de/log_rms,23723,0.23567621409893036,0.21014752179384233
de/log_rms,23828,0.17592452466487885,0.210113482773304
de/log_rms,23828,0.2157292515039444,0.20980031549930572
de/log_rms,24078,0.20286816358566284,0.20967046558856964
de/log_rms,24078,0.2233688235282898,0.2100655183196068
de/log_rms,24328,0.2544463276863098,0.21080930799245834
de/log_rms,24328,0.21129266917705536,0.21059675067663192
de/log_rms,24578,0.203896164894104,0.210819351375103
de/log_rms,24578,0.1794322431087494,0.20976954728364944
de/log_rms,24749,0.19257080554962158,0.20887853771448137
de/log_rms,24749,0.22954249382019043,0.20857081234455108
de/log_rms,24999,0.20316442847251892,0.2078822672367096
de/log_rms,24999,0.24767689406871796,0.2088787177205086
de/log_rms,25249,0.20549388229846954,0.20879293620586395
de/log_rms,25249,0.20088528096675873,0.20938952296972274
de/log_rms,25499,0.17918840050697327,0.2082495155930519
de/log_rms,25499,0.2190263420343399,0.20858485788106917
de/log_rms,25723,0.19632776081562042,0.20896486937999725
de/log_rms,25723,0.21228435635566711,0.20890204429626466
de/log_rms,25749,0.1969214230775833,0.20870686799287796
de/log_rms,25749,0.23323488235473633,0.20902339071035386
de/log_rms,25920,0.22974048554897308,0.20946729123592378
de/log_rms,25920,0.20281371474266052,0.2100203788280487
de/log_rms,26170,0.22176912426948547,0.21001389384269714
de/log_rms,26170,0.2376529723405838,0.21032919436693193
de/log_rms,26420,0.17446216940879822,0.20973005771636963
de/log_rms,26420,0.23533108830451965,0.20991504579782486
de/log_rms,26670,0.2221190631389618,0.21013594686985015
de/log_rms,26670,0.2581046521663666,0.21189012348651887
de/log_rms,26920,0.20826557278633118,0.21204739630222322
de/log_rms,26920,0.2253594547510147,0.21288546442985534
de/log_rms,27091,0.19335758686065674,0.21312890857458114
de/log_rms,27091,0.21719911694526672,0.213386370241642
de/log_rms,27341,0.21067291498184204,0.2140888577699661
de/log_rms,27341,0.1963881105184555,0.21383333534002305
de/log_rms,27591,0.2598631978034973,0.21462930381298065
de/log_rms,27591,0.2197946310043335,0.21505064904689788
de/log_rms,27723,0.21900144219398499,0.21568445831537247
de/log_rms,27723,0.205940842628479,0.21609796822071076
de/log_rms,27841,0.21769607067108154,0.21591937452554702
de/log_rms,27841,0.20030364394187927,0.21527281939983367
de/log_rms,28091,0.19667871296405792,0.214203140437603
de/log_rms,28091,0.24381738901138306,0.2149418592453003
de/log_rms,28262,0.20228233933448792,0.2147475388646126
de/log_rms,28262,0.19755715131759644,0.21398550570011138
de/log_rms,28512,0.20438306033611298,0.2141457387804985
de/log_rms,28512,0.23962277173995972,0.2145109862089157
de/log_rms,28762,0.2148653119802475,0.21448898196220398
de/log_rms,28762,0.19880567491054535,0.2134188738465309
de/log_rms,29012,0.1980033963918686,0.21341605991125107
de/log_rms,29012,0.1713842898607254,0.21213022142648696
de/log_rms,29262,0.18201392889022827,0.21225200951099396
de/log_rms,29262,0.21516627073287964,0.21224074989557265
de/log_rms,29433,0.1993565559387207,0.21217051774263382
de/log_rms,29433,0.2051648646593094,0.21180643856525422
de/log_rms,29683,0.17653897404670715,0.21024829149246216
de/log_rms,29683,0.2044314295053482,0.21011106669902802
de/log_rms,29723,0.2053411602973938,0.2101399666070938
de/log_rms,29723,0.20366953313350677,0.21062471240758895
de/log_rms,29933,0.2036742866039276,0.21084678202867507
de/log_rms,29933,0.2448846995830536,0.21115362614393235
de/log_rms,30183,0.17334987223148346,0.21055733501911164
de/log_rms,30183,0.20052103698253632,0.209614217877388
de/log_rms,30433,0.18425418436527252,0.20918942391872405
de/log_rms,30433,0.22172093391418457,0.20960613697767258
de/log_rms,30604,0.21978788077831268,0.21041812658309936
de/log_rms,30604,0.21113131940364838,0.21026022613048553
de/log_rms,30854,0.19084210693836212,0.21015051305294036
de/log_rms,30854,0.21148520708084106,0.21013453006744384
de/log_rms,31104,0.15631382167339325,0.20932237803936005
de/log_rms,31104,0.2143487185239792,0.2089446547627449
de/log_rms,31354,0.20150940120220184,0.2083800330758095
de/log_rms,31354,0.23253771662712097,0.20897451311349868
de/log_rms,31604,0.2585371434688568,0.20970987349748613
de/log_rms,31604,0.2189217060804367,0.20933524817228316
de/log_rms,31723,0.1903117150068283,0.20965223908424377
de/log_rms,31723,0.1813361495733261,0.2085723403096199
de/log_rms,31775,0.18164412677288055,0.20776284158229827
de/log_rms,31775,0.22828976809978485,0.20716654390096664
de/log_rms,32025,0.1787797212600708,0.20657682687044143
de/log_rms,32025,0.1922391653060913,0.20591442108154298
de/log_rms,32275,0.23282749950885773,0.206703819334507
de/log_rms,32275,0.20262236893177032,0.20641228437423706
de/log_rms,32525,0.18802057206630707,0.20595923751592637
de/log_rms,32525,0.21892023086547852,0.20640987992286683
de/log_rms,32775,0.1736067533493042,0.20468475103378295
de/log_rms,32775,0.19083471596240997,0.20410555273294448
de/log_rms,32946,0.1958514153957367,0.20364255219697952
de/log_rms,32946,0.21921609342098236,0.2039080572128296
de/log_rms,33196,0.22003714740276337,0.20395487874746324
de/log_rms,33196,0.19916191697120667,0.20393204420804978
de/log_rms,33446,0.1605033129453659,0.20320853620767593
de/log_rms,33446,0.20680338144302368,0.20246825605630875
de/log_rms,33696,0.25627800822257996,0.20354816943407059
de/log_rms,33696,0.2108476161956787,0.20381397873163223
de/log_rms,33723,0.23530727624893188,0.2044324630498886
de/log_rms,33723,0.18307363986968994,0.20330148041248322
de/log_rms,33946,0.16790245473384857,0.20236222326755524
de/log_rms,33946,0.22116099298000336,0.2028093296289444
de/log_rms,34117,0.18774797022342682,0.20260422110557555
de/log_rms,34117,0.21483317017555237,0.2034731987118721
de/log_rms,34367,0.20675185322761536,0.20396795719861985
de/log_rms,34367,0.21359027922153473,0.20393643736839295
de/log_rms,34617,0.2150913029909134,0.2042511323094368
de/log_rms,34617,0.20090574026107788,0.20416594982147218
de/log_rms,34867,0.26344889402389526,0.20590414822101594
de/log_rms,34867,0.22090022265911102,0.20623352408409118
de/log_rms,35117,0.18763072788715363,0.2058793154358864
de/log_rms,35117,0.2062862068414688,0.20593164891004562
de/log_rms,35288,0.1934906244277954,0.20572797566652298
de/log_rms,35288,0.2277633100748062,0.20538554787635804
de/log_rms,35538,0.19202692806720734,0.20575908899307252
de/log_rms,35538,0.18934498727321625,0.20553556799888612
de/log_rms,35723,0.21529893577098846,0.20615646302700041
de/log_rms,35723,0.2343624383211136,0.206409293115139
de/log_rms,35788,0.25235632061958313,0.20706066191196443
de/log_rms,35788,0.1704033613204956,0.20624610275030136
de/log_rms,36038,0.2000335454940796,0.2064299315214157
de/log_rms,36038,0.22023837268352509,0.2066049948334694
de/log_rms,36288,0.20399971306324005,0.20755871266126633
de/log_rms,36288,0.20661866664886475,0.20740411162376404
de/rms,0,11.35551643371582,11.35551643371582
de/rms,0,12.02587890625,11.69069766998291
de/rms,250,8.963217735290527,10.781537691752115
de/rms,250,7.991786956787109,10.084100008010864
de/rms,500,7.606298446655273,9.588539695739746
de/rms,500,7.3660478591918945,9.218124389648438
de/rms,750,6.404346466064453,8.816156114850726
de/rms,750,7.643887519836426,8.669622540473938
de/rms,1000,7.518525123596191,8.541722827487522
de/rms,1000,7.083418846130371,8.395892429351807
de/rms,1171,5.491382122039795,8.131846037777988
de/rms,1171,6.0167317390441895,7.955586512883504
de/rms,1421,6.888809680938721,7.873526756580059
de/rms,1421,6.08958625793457,7.746102435248239
de/rms,1671,5.005551815032959,7.56339906056722
de/rms,1671,5.58897590637207,7.439997613430023
de/rms,1921,6.083267688751221,7.3601899708018585
de/rms,1921,6.162283420562744,7.293639606899685
de/rms,2000,5.852611064910889,7.217795999426591
de/rms,2000,5.670077800750732,7.140410089492798
de/rms,2171,5.529249668121338,7.063688164665585
de/rms,2171,5.504600524902344,6.992820544676348
de/rms,2342,5.488840103149414,6.927430090696915
de/rms,2342,6.943807125091553,6.928112467130025
de/rms,2592,4.607943058013916,6.835305690765381
de/rms,2592,5.761834621429443,6.794018341944768
de/rms,2842,4.817602634429932,6.720817760184959
de/rms,2842,5.682745456695557,6.683743749346052
de/rms,3092,4.650893688201904,6.613645471375564
de/rms,3092,6.161293029785156,6.598567056655884
de/rms,3342,4.253960609436035,6.522934590616534
de/rms,3342,4.8031439781188965,6.469191133975983
de/rms,3513,5.630585193634033,6.443778832753499
de/rms,3513,4.881648063659668,6.3978338101330925
de/rms,3763,4.177806377410889,6.334404454912458
de/rms,3763,4.718504905700684,6.289518356323242
de/rms,4000,5.225195407867432,6.260752871229842
de/rms,4000,4.9269514083862305,6.2256528327339575
de/rms,4013,5.386020183563232,6.204123790447529
de/rms,4013,5.448904037475586,6.18524329662323
de/rms,4263,5.738168716430664,6.1743390385697525
de/rms,4263,6.543687343597412,6.183133045832316
de/rms,4513,4.584701061248779,6.145960208981536
de/rms,4513,5.2677836418151855,6.126001650636846
de/rms,4684,4.54573392868042,6.090884590148926
de/rms,4684,5.508615970611572,6.078226576680723
de/rms,4934,4.426716327667236,6.043088060744266
de/rms,4934,4.67659330368042,6.014619419972102
de/rms,5184,4.8170390129089355,5.990179003501425
de/rms,5184,4.48602819442749,5.960095987319947
de/rms,5434,5.19157600402832,5.836817178726196
de/rms,5434,5.237538814544678,5.7010503768920895
de/rms,5684,4.806808948516846,5.617922201156616
de/rms,5684,6.104826927185059,5.580183000564575
de/rms,5855,5.094462871551514,5.5299462890625
de/rms,5855,4.876374244689941,5.480152816772461
de/rms,6000,5.348275184631348,5.459031391143799
de/rms,6000,5.996947765350342,5.426092596054077
de/rms,6105,4.386031150817871,5.36344271659851
de/rms,6105,4.13646125793457,5.304503564834595
de/rms,6355,5.908873081207275,5.312853384017944
de/rms,6355,5.478348731994629,5.302085723876953
de/rms,6605,4.3298139572143555,5.250905809402465
de/rms,6605,5.558626651763916,5.240286617279053
de/rms,6855,4.548766613006592,5.231150913238525
de/rms,6855,4.347958564758301,5.20633056640625
de/rms,7026,3.9944822788238525,5.164554858207703
de/rms,7026,5.460283279418945,5.150514855384826
de/rms,7276,5.138812065124512,5.1362388753890995
de/rms,7276,5.887285232543945,5.140583024024964
de/rms,7526,4.45473051071167,5.11909264087677
de/rms,7526,4.8397417068481445,5.105795464515686
de/rms,7776,4.7582831382751465,5.091184325218201
de/rms,7776,4.692546844482422,5.046159119606018
de/rms,8000,4.816817283630371,5.050336604118347
de/rms,8000,5.23352575302124,5.0397704267501835
de/rms,8026,4.5132365226745605,5.033683104515076
de/rms,8026,5.1654276847839355,5.023336749076844
de/rms,8276,4.583493709564209,5.021988749504089
de/rms,8276,5.129481792449951,5.001352524757385
de/rms,8526,4.839423179626465,5.0130617761611935
de/rms,8526,4.67294979095459,5.010457892417907
de/rms,8776,4.680113792419434,4.991448464393616
de/rms,8776,5.469361305236816,5.003202729225158
de/rms,9026,4.748610019683838,5.0146188020706175
de/rms,9026,4.340222358703613,5.007053151130676
de/rms,9276,4.903345584869385,5.000616154670715
de/rms,9276,4.817829608917236,4.998433718681335
de/rms,9447,4.149407386779785,4.973701462745667
de/rms,9447,6.013009548187256,4.9849835729599
de/rms,9697,4.317410469055176,4.95656840801239
de/rms,9697,4.288506031036377,4.911464781761169
de/rms,9947,4.618401050567627,4.912138781547546
de/rms,9947,5.058773994445801,4.907958588600159
de/rms,10197,5.31445837020874,4.923333077430725
de/rms,10197,4.975745677947998,4.912675671577453
de/rms,10276,4.3423614501953125,4.910988574028015
de/rms,10276,5.622079372406006,4.929898295402527
de/rms,10447,4.508155345916748,4.9237206220626835
de/rms,10447,5.831314563751221,4.950626349449157
de/rms,10618,4.7504963874816895,4.941804757118225
de/rms,10618,5.039856433868408,4.9378511095047
de/rms,10868,4.951230049133301,4.940739531517028
de/rms,10868,5.400477409362793,4.926652541160584
de/rms,11118,4.365732669830322,4.91207793712616
de/rms,11118,5.235392093658447,4.919258294105529
de/rms,11368,4.695062160491943,4.906194033622742
de/rms,11368,4.460150718688965,4.875458092689514
de/rms,11618,5.048448085784912,4.888706431388855
de/rms,11618,4.943816184997559,4.904853529930115
de/rms,11789,3.991628885269165,4.8665086460113525
de/rms,11789,5.808711528778076,4.873115901947021
de/rms,12039,4.222019672393799,4.87096001625061
de/rms,12039,5.834273338317871,4.8764729499816895
de/rms,12276,4.4186320304870605,4.873870258331299
de/rms,12276,5.6343092918396,4.899597272872925
de/rms,12289,4.906316757202148,4.917833962440491
de/rms,12289,4.961329460144043,4.907854886054992
de/rms,12539,4.116571426391602,4.887410073280335
de/rms,12539,5.0242228507995605,4.870148825645447
de/rms,12789,4.7690300941467285,4.876434817314148
de/rms,12789,5.091681957244873,4.8814736223220825
de/rms,12960,4.774090766906738,4.881789774894714
de/rms,12960,6.2355499267578125,4.912649836540222
de/rms,13210,4.7567667961120605,4.911448826789856
de/rms,13210,5.131017684936523,4.909398665428162
de/rms,13460,4.645341396331787,4.912040762901306
de/rms,13460,5.733331680297852,4.923398842811585
de/rms,13710,3.9847822189331055,4.911424612998962
de/rms,13710,4.629742622375488,4.901429829597473
de/rms,13960,4.920274257659912,4.903046851158142
de/rms,13960,4.888066291809082,4.907349181175232
de/rms,14131,4.489346027374268,4.903533825874328
de/rms,14131,5.446532249450684,4.903077244758606
de/rms,14276,4.257265090942383,4.893250346183777
de/rms,14276,4.8983564376831055,4.904413027763367
de/rms,14381,4.469694137573242,4.895739998817444
de/rms,14381,4.748511791229248,4.894353642463684
de/rms,14631,4.6553497314453125,4.904472489356994
de/rms,14631,4.245532035827637,4.869122939109802
de/rms,14881,4.351140975952148,4.869797549247742
de/rms,14881,5.738346099853516,4.898794350624084
de/rms,15131,4.272082805633545,4.891867985725403
de/rms,15131,4.613501071929932,4.882962527275086
de/rms,15302,4.256237030029297,4.861798100471496
de/rms,15302,5.906618595123291,4.880415558815002
de/rms,15552,5.437787055969238,4.902324070930481
de/rms,15552,5.006497859954834,4.890012440681457
de/rms,15802,5.22112512588501,4.904271836280823
de/rms,15802,5.503286838531494,4.897711281776428
de/rms,16052,4.412837028503418,4.890958094596863
de/rms,16052,4.7138895988464355,4.884438757896423
de/rms,16276,4.785633563995361,4.881126828193665
de/rms,16276,4.855018615722656,4.870217652320862
de/rms,16302,4.785975933074951,4.878622517585755
de/rms,16302,5.337711334228516,4.880668902397156
de/rms,16473,4.0618181228637695,4.868004021644592
de/rms,16473,6.025851726531982,4.899318041801453
de/rms,16723,4.030970573425293,4.87896849155426
de/rms,16723,5.461784839630127,4.889327864646912
de/rms,16973,3.819490432739258,4.885885095596313
de/rms,16973,5.653467655181885,4.88278021812439
de/rms,17223,4.411523342132568,4.886570291519165
de/rms,17223,5.131036758422852,4.872505559921264
de/rms,17473,4.287680149078369,4.869886522293091
de/rms,17473,5.301837921142578,4.863237094879151
de/rms,17723,4.61375617980957,4.857385883331299
de/rms,17723,5.030997276306152,4.858779239654541
de/rms,17973,4.816549777984619,4.8727788066864015
de/rms,17973,4.8979644775390625,4.8702536392211915
de/rms,18223,4.102294921875,4.856918935775757
de/rms,18223,4.8686137199401855,4.852457571029663
de/rms,18473,4.498937129974365,4.846954498291016
de/rms,18473,5.335011959075928,4.828943738937378
de/rms,18723,4.017430782318115,4.814157018661499
de/rms,18723,5.371765613555908,4.818971977233887
de/rms,18894,4.538784980773926,4.8168408489227295
de/rms,18894,5.578242301940918,4.813739061355591
de/rms,19144,4.69210958480835,4.827885608673096
de/rms,19144,5.182173728942871,4.838934230804443
de/rms,19394,4.000541687011719,4.82053957939148
de/rms,19394,5.009335517883301,4.8229649639129635
de/rms,19644,5.032978057861328,4.833837604522705
de/rms,19644,6.129547119140625,4.847497901916504
de/rms,19723,4.896411895751953,4.860280838012695
de/rms,19723,4.910271644592285,4.860519142150879
de/rms,19894,4.466283798217773,4.86045093536377
de/rms,19894,4.109622478485107,4.8476731491088865
de/rms,20065,4.463470935821533,4.843835573196412
de/rms,20065,5.1741862297058105,4.862408657073974
de/rms,20315,3.9097464084625244,4.853580765724182
de/rms,20315,5.181432247161865,4.842442488670349
de/rms,20565,4.428491115570068,4.845570654869079
de/rms,20565,4.404759883880615,4.841395831108093
de/rms,20815,4.363621711730957,4.843543524742127
de/rms,20815,4.230119705200195,4.810013546943664
de/rms,21065,4.639487266540527,4.79404755115509
de/rms,21065,5.6553144454956055,4.807023882865906
de/rms,21236,4.668630599975586,4.795973992347717
de/rms,21236,5.549276351928711,4.796893782615662
de/rms,21486,4.843732833862305,4.80551169872284
de/rms,21486,4.210685729980469,4.79544762134552
de/rms,21723,5.146386623382568,4.802662682533264
de/rms,21723,4.411879062652588,4.7937998914718625
de/rms,21736,3.5787909030914307,4.769656190872192
de/rms,21736,4.726792335510254,4.7574378108978275
de/rms,21986,4.279685974121094,4.7617951679229735
de/rms,21986,4.976443290710449,4.740806999206543
de/rms,22236,5.373509883880615,4.76765778541565
de/rms,22236,5.022123336791992,4.758864555358887
de/rms,22407,4.427896022796631,4.771032667160034
de/rms,22407,4.544465065002441,4.748852615356445
de/rms,22657,5.117763519287109,4.762977418899536
de/rms,22657,5.82211446762085,4.776798973083496
de/rms,22907,4.373754501342773,4.778520460128784
de/rms,22907,4.887735843658447,4.770238418579101
de/rms,23157,4.447022438049316,4.766903743743897
de/rms,23157,5.529942035675049,4.776882638931275
de/rms,23407,4.007137775421143,4.760694398880005
de/rms,23407,5.187677383422852,4.766488656997681
de/rms,23578,4.320934772491455,4.77086145401001
de/rms,23578,6.157125473022461,4.796631689071655
de/rms,23723,4.279954433441162,4.792252035140991
de/rms,23723,5.705226421356201,4.799656324386596
de/rms,23828,3.787330389022827,4.795054316520691
de/rms,23828,5.315554618835449,4.793930096626282
de/rms,24078,4.614717960357666,4.795448756217956
de/rms,24078,5.35049295425415,4.790893769264221
de/rms,24328,5.249891757965088,4.802049412727356
de/rms,24328,5.058922290802002,4.799584383964539
de/rms,24578,5.120173931121826,4.8219770288467405
de/rms,24578,4.374749660491943,4.809285311698914
de/rms,24749,4.282315731048584,4.794272065162659
de/rms,24749,5.2680559158325195,4.777042241096496
de/rms,24999,4.488525867462158,4.768884520530701
de/rms,24999,6.101784706115723,4.79271478176117
de/rms,25249,4.064430236816406,4.784677710533142
de/rms,25249,4.5046186447143555,4.792577633857727
de/rms,25499,3.4299161434173584,4.7719065380096435
de/rms,25499,5.550674915313721,4.779436311721802
de/rms,25723,4.336595058441162,4.7879732847213745
de/rms,25723,5.276973247528076,4.789884104728698
de/rms,25749,4.374207496643066,4.788798432350159
de/rms,25749,5.882669448852539,4.818356623649597
de/rms,25920,4.294391632080078,4.8169720220565795
de/rms,25920,4.649344444274902,4.825356516838074
de/rms,26170,5.534544944763184,4.843257670402527
de/rms,26170,5.66898775100708,4.843531136512756
de/rms,26420,3.983638286590576,4.829831290245056
de/rms,26420,5.436914443969727,4.827584052085877
de/rms,26670,4.553990840911865,4.821789212226868
de/rms,26670,5.655776500701904,4.850691027641297
de/rms,26920,4.9684929847717285,4.84713315486908
de/rms,26920,4.8469743728637695,4.855835061073304
de/rms,27091,4.541919231414795,4.875097627639771
de/rms,27091,5.135221481323242,4.88326621055603
de/rms,27341,4.40773868560791,4.885827264785767
de/rms,27341,4.883576393127441,4.883969926834107
de/rms,27591,4.340681552886963,4.863313360214233
de/rms,27591,5.359370231628418,4.870058298110962
de/rms,27723,4.34462833404541,4.8683929443359375
de/rms,27723,4.995670318603516,4.877417049407959
de/rms,27841,4.262470245361328,4.8603111839294435
de/rms,27841,5.014089584350586,4.844150686264038
de/rms,28091,3.674335241317749,4.830162301063537
de/rms,28091,6.206279277801514,4.856533169746399
de/rms,28262,4.567905426025391,4.85895082950592
de/rms,28262,5.142850399017334,4.851208996772766
de/rms,28512,4.0667948722839355,4.852402138710022
de/rms,28512,5.413778781890869,4.8569241666793825
de/rms,28762,4.640110969543457,4.863307690620422
de/rms,28762,4.839272975921631,4.836950640678406
de/rms,29012,3.940612554550171,4.830163803100586
de/rms,29012,4.328039169311523,4.802620058059692
de/rms,29262,3.8765718936920166,4.804404888153076
de/rms,29262,4.820873737335205,4.7945112705230715
de/rms,29433,4.730119228363037,4.796819295883179
de/rms,29433,5.117279529571533,4.792155027389526
de/rms,29683,3.616553544998169,4.759488263130188
de/rms,29683,4.972219467163086,4.75775420665741
de/rms,29723,4.9387664794921875,4.754126057624817
de/rms,29723,4.806057453155518,4.762752213478088
de/rms,29933,3.7096376419067383,4.751298651695252
de/rms,29933,5.4660563468933105,4.755258660316468
de/rms,30183,4.403881072998047,4.753565764427185
de/rms,30183,5.160805702209473,4.73474618434906
de/rms,30433,4.413107395172119,4.741719727516174
de/rms,30433,5.196816444396973,4.755563683509827
de/rms,30604,4.1561360359191895,4.770088081359863
de/rms,30604,5.0216264724731445,4.7595071125030515
de/rms,30854,4.202048301696777,4.756816177368164
de/rms,30854,4.764285087585449,4.746562414169311
de/rms,31104,3.510767698287964,4.72929361820221
de/rms,31104,4.8130202293396,4.707900633811951
de/rms,31354,4.639349937438965,4.7147997999191285
de/rms,31354,5.284542083740234,4.727503752708435
de/rms,31604,4.859715461730957,4.714007163047791
de/rms,31604,4.951363563537598,4.699654679298401
de/rms,31723,3.7894487380981445,4.6957708883285525
de/rms,31723,4.443783283233643,4.67590826511383
de/rms,31775,4.198565483093262,4.6687997579574585
de/rms,31775,5.447844505310059,4.664641118049621
de/rms,32025,3.9424285888671875,4.6441198301315305
de/rms,32025,4.783039093017578,4.642841124534607
de/rms,32275,5.3215107917785645,4.658432955741882
de/rms,32275,4.9390058517456055,4.654508643150329
de/rms,32525,4.276058673858643,4.651875042915345
de/rms,32525,4.631714820861816,4.646837811470032
de/rms,32775,3.664306879043579,4.633310317993164
de/rms,32775,4.639184951782227,4.61890661239624
de/rms,32946,4.160470962524414,4.61522346496582
de/rms,32946,5.80830717086792,4.631476202011108
de/rms,33196,4.43705940246582,4.634967985153199
de/rms,33196,5.335909366607666,4.64140438079834
de/rms,33446,3.888150930404663,4.645680694580078
de/rms,33446,4.72476863861084,4.616050481796265
de/rms,33696,4.81017541885376,4.620895881652832
de/rms,33696,4.805810451507568,4.614155082702637
de/rms,33723,5.059778690338135,4.634014759063721
de/rms,33723,4.525747776031494,4.616254138946533
de/rms,33946,3.528249740600586,4.594016914367676
de/rms,33946,5.042859077453613,4.598088636398315
de/rms,34117,3.721727132797241,4.593710927963257
de/rms,34117,5.222848892211914,4.6116071224212645
de/rms,34367,4.199740409851074,4.618070492744446
de/rms,34367,5.223075866699219,4.626114535331726
de/rms,34617,4.722080707550049,4.625953764915466
de/rms,34617,5.100132465362549,4.625610823631287
de/rms,34867,5.488536357879639,4.663050479888916
de/rms,34867,5.184931755065918,4.667304725646972
de/rms,35117,3.6304640769958496,4.641138677597046
de/rms,35117,4.405882835388184,4.6331351852416995
de/rms,35288,4.035442352294922,4.639651279449463
de/rms,35288,5.670058727264404,4.6437313270568845
de/rms,35538,4.140100955963135,4.638455724716186
de/rms,35538,4.693179607391357,4.629103202819824
de/rms,35723,4.785431861877441,4.636549692153931
de/rms,35723,4.95269775390625,4.631667318344117
de/rms,35788,5.643338203430176,4.661411361694336
de/rms,35788,4.301048278808594,4.646999797821045
de/rms,36038,4.293729782104492,4.648833427429199
de/rms,36038,4.833674430847168,4.650221214294434
de/rms,36288,4.787916660308838,4.675764193534851
de/rms,36288,5.445766925811768,4.688419127464295
de/sq_rel,0,4.555805206298828,4.555805206298828
de/sq_rel,0,4.672026634216309,4.613915920257568
de/sq_rel,250,3.082310199737549,4.1033806800842285
de/sq_rel,250,2.3614580631256104,3.667900025844574
de/sq_rel,500,2.3170688152313232,3.397733783721924
de/sq_rel,500,1.7761865854263306,3.127475917339325
de/sq_rel,750,1.4894965887069702,2.8934788703918457
de/sq_rel,750,1.582631230354309,2.7296229153871536
de/sq_rel,1000,1.5333853960037231,2.5967076354556613
de/sq_rel,1000,1.5369689464569092,2.490733766555786
de/sq_rel,1171,1.1001192331314087,2.3643142635172065
de/sq_rel,1171,1.146971344947815,2.2628690203030906
de/sq_rel,1421,1.2757933139801025,2.1869401198167067
de/sq_rel,1421,1.3061708211898804,2.1240280270576477
de/sq_rel,1671,1.1487457752227783,2.0590092102686564
de/sq_rel,1671,1.2019134759902954,2.005440726876259
de/sq_rel,1921,1.2990543842315674,1.96388858907363
de/sq_rel,1921,1.0413508415222168,1.9126364919874403
de/sq_rel,2000,1.1120154857635498,1.8704985442914461
de/sq_rel,2000,0.9624796509742737,1.8250975996255874
de/sq_rel,2171,1.1644755601882935,1.7936394072714306
de/sq_rel,2171,0.8980440497398376,1.7529305273836309
de/sq_rel,2342,1.2650994062423706,1.7317204786383587
de/sq_rel,2342,1.6449275016784668,1.7281041045983632
de/sq_rel,2592,0.8886657357215881,1.6945265698432923
de/sq_rel,2592,1.1094225645065308,1.6720225696380322
de/sq_rel,2842,0.7699010968208313,1.6386106632373951
de/sq_rel,2842,0.9851590991020203,1.6152731073754174
de/sq_rel,3092,0.8639012575149536,1.589363733242298
de/sq_rel,3092,1.0542134046554565,1.5715253889560699
de/sq_rel,3342,0.7079383134841919,1.543667741360203
de/sq_rel,3342,0.809109628200531,1.5207128003239632
de/sq_rel,3513,1.142069935798645,1.5092387741262263
de/sq_rel,3513,0.8525558114051819,1.4899245693403131
de/sq_rel,3763,0.6918193101882935,1.4671215619359697
de/sq_rel,3763,0.9312124252319336,1.4522351970275242
de/sq_rel,4000,0.9221125841140747,1.4379075588406742
de/sq_rel,4000,0.7883003950119019,1.4208126334767592
de/sq_rel,4013,0.8987699151039124,1.4074269227492504
de/sq_rel,4013,0.9032308459281921,1.3948220208287239
de/sq_rel,4263,1.1101536750793457,1.3878788904445927
de/sq_rel,4263,1.2732908725738525,1.3851506043048132
de/sq_rel,4513,0.8312291502952576,1.3722687100255213
de/sq_rel,4513,0.8743005990982056,1.3609512529589913
de/sq_rel,4684,0.7755536437034607,1.3479424171977572
de/sq_rel,4684,0.9464977979660034,1.3392153602579366
de/sq_rel,4934,0.8049260377883911,1.3278475023330527
de/sq_rel,4934,0.7878413796424866,1.3165973747769992
de/sq_rel,5184,0.7695746421813965,1.3054336455403541
de/sq_rel,5184,0.7154409289360046,1.2936337912082672
de/sq_rel,5434,1.1500109434127808,1.2255179059505463
de/sq_rel,5434,0.9662407040596008,1.151402187347412
de/sq_rel,5684,0.7859410047531128,1.1054748034477233
de/sq_rel,5684,1.0975996255874634,1.0801976346969604
de/sq_rel,5855,1.0970237255096436,1.0557967329025268
de/sq_rel,5855,0.7864683270454407,1.036002367734909
de/sq_rel,6000,0.8867976665496826,1.0239483892917634
de/sq_rel,6000,1.0823709964752197,1.0139431846141815
de/sq_rel,6105,0.740999698638916,0.9980954706668854
de/sq_rel,6105,0.5305245518684387,0.977966582775116
de/sq_rel,6355,1.1497427225112915,0.9789590525627136
de/sq_rel,6355,0.9662884473800659,0.9753453946113586
de/sq_rel,6605,0.6735491752624512,0.9633005118370056
de/sq_rel,6605,0.9338756799697876,0.9558546090126038
de/sq_rel,6855,0.8951423764228821,0.9507825410366059
de/sq_rel,6855,0.760533332824707,0.9419549381732941
de/sq_rel,7026,0.6140371561050415,0.9282545936107636
de/sq_rel,7026,0.8990867137908936,0.9254093110561371
de/sq_rel,7276,0.8326493501663208,0.9198219883441925
de/sq_rel,7276,1.1064847707748413,0.9227020907402038
de/sq_rel,7526,0.8191747069358826,0.9157960736751556
de/sq_rel,7526,0.7642804980278015,0.9131208026409149
de/sq_rel,7776,0.9005656838417053,0.9058301281929017
de/sq_rel,7776,0.7817710638046265,0.8885669994354248
de/sq_rel,8000,0.9694398641586304,0.8901824820041656
de/sq_rel,8000,0.8397373557090759,0.8847887778282165
de/sq_rel,8026,0.6672396659851074,0.8827355492115021
de/sq_rel,8026,0.8147081732749939,0.8793265306949616
de/sq_rel,8276,0.885560929775238,0.8797597241401672
de/sq_rel,8276,0.8015256524085999,0.8747059690952301
de/sq_rel,8526,0.883992612361908,0.8782270550727844
de/sq_rel,8526,0.7159864902496338,0.8763645923137665
de/sq_rel,8776,0.8277916312217712,0.870079026222229
de/sq_rel,8776,0.8226034641265869,0.8694799792766571
de/sq_rel,9026,0.6591345071792603,0.8688262832164765
de/sq_rel,9026,0.642871081829071,0.8630594563484192
de/sq_rel,9276,0.8896422386169434,0.8624100494384765
de/sq_rel,9276,0.8299574255943298,0.8632431900501252
de/sq_rel,9447,0.7736914753913879,0.8607416212558746
de/sq_rel,9447,1.080910086631775,0.8642952060699463
de/sq_rel,9697,0.7525701522827148,0.8571435356140137
de/sq_rel,9697,0.6093180179595947,0.8438640785217285
de/sq_rel,9947,0.8220031261444092,0.8436795580387115
de/sq_rel,9947,0.8737623691558838,0.8436687934398651
de/sq_rel,10197,1.0298261642456055,0.848754243850708
de/sq_rel,10197,0.776965856552124,0.8453636050224305
de/sq_rel,10276,0.7909355163574219,0.845083794593811
de/sq_rel,10276,1.2135438919067383,0.8535978448390961
de/sq_rel,10447,0.7935293316841125,0.8540769386291504
de/sq_rel,10447,0.8874959945678711,0.8575180399417878
de/sq_rel,10618,0.8797996640205383,0.8521138143539428
de/sq_rel,10618,0.8549753427505493,0.8498885071277619
de/sq_rel,10868,0.7531138062477112,0.8492319631576538
de/sq_rel,10868,0.8386052846908569,0.8440520763397217
de/sq_rel,11118,0.8548144698143005,0.8392078912258149
de/sq_rel,11118,0.7326577305793762,0.8381316792964936
de/sq_rel,11368,0.6738139986991882,0.8338720059394836
de/sq_rel,11368,0.6555856466293335,0.8253362989425659
de/sq_rel,11618,0.871283233165741,0.8279419696331024
de/sq_rel,11618,0.7051113843917847,0.8314337062835694
de/sq_rel,11789,0.7350491881370544,0.8231398355960846
de/sq_rel,11789,0.9559667110443115,0.8229334008693695
de/sq_rel,12039,0.6162224411964417,0.8217868661880493
de/sq_rel,12039,1.0663225650787354,0.8244358038902283
de/sq_rel,12276,0.8124911189079285,0.8227827787399292
de/sq_rel,12276,0.9358677864074707,0.8262894678115845
de/sq_rel,12289,0.768585741519928,0.8293804395198822
de/sq_rel,12289,0.8342230319976807,0.828083165884018
de/sq_rel,12539,0.5977928042411804,0.8233860349655151
de/sq_rel,12539,0.7428580522537231,0.8161135005950928
de/sq_rel,12789,0.9357670545578003,0.8184453475475312
de/sq_rel,12789,0.7995749115943909,0.819151235818863
de/sq_rel,12960,0.7247965931892395,0.8156358540058136
de/sq_rel,12960,1.0287401676177979,0.820575236082077
de/sq_rel,13210,0.9451432228088379,0.8200893032550812
de/sq_rel,13210,0.9151049256324768,0.8215966546535491
de/sq_rel,13460,0.6517030596733093,0.8212859225273133
de/sq_rel,13460,0.9085018634796143,0.8231617963314056
de/sq_rel,13710,0.6787348985671997,0.8190252757072449
de/sq_rel,13710,0.7576471567153931,0.8181477057933807
de/sq_rel,13960,0.9540308117866516,0.8195484697818756
de/sq_rel,13960,0.7577568888664246,0.8203838777542114
de/sq_rel,14131,0.832587480545044,0.8204797947406769
de/sq_rel,14131,0.837657630443573,0.8207808780670166
de/sq_rel,14276,0.76069176197052,0.8228120231628417
de/sq_rel,14276,0.7989145517349243,0.8259328925609588
de/sq_rel,14381,0.6922614574432373,0.8219852769374847
de/sq_rel,14381,0.7307093739509583,0.8200003159046173
de/sq_rel,14631,0.8571550846099854,0.8216695880889893
de/sq_rel,14631,0.5913437604904175,0.8118782615661622
de/sq_rel,14881,0.7282584309577942,0.8113920271396637
de/sq_rel,14881,0.9735098481178284,0.8186758637428284
de/sq_rel,15131,0.6145693063735962,0.8145271873474121
de/sq_rel,15131,0.7086396813392639,0.8112247335910797
de/sq_rel,15302,0.6622875928878784,0.8038739621639251
de/sq_rel,15302,0.9171159863471985,0.8066769647598266
de/sq_rel,15552,0.9372453689575195,0.8096031618118286
de/sq_rel,15552,1.0918447971343994,0.8071691799163818
de/sq_rel,15802,0.8969635963439941,0.8092378652095795
de/sq_rel,15802,0.8937671184539795,0.8093632876873016
de/sq_rel,16052,0.809187650680542,0.8079510474205017
de/sq_rel,16052,0.9716335535049438,0.8102842116355896
de/sq_rel,16276,0.9822497963905334,0.814866931438446
de/sq_rel,16276,0.7331624627113342,0.8127580749988556
de/sq_rel,16302,0.9817423820495605,0.8152966332435608
de/sq_rel,16302,1.0380736589431763,0.8214049518108368
de/sq_rel,16473,0.6410443186759949,0.8207495582103729
de/sq_rel,16473,1.2400263547897339,0.832438372373581
de/sq_rel,16723,0.5447244048118591,0.8259071958065033
de/sq_rel,16723,0.9556973576545715,0.830918915271759
de/sq_rel,16973,0.5981980562210083,0.8281818926334381
de/sq_rel,16973,1.0419763326644897,0.8299020850658416
de/sq_rel,17223,0.7956372499465942,0.8334903812408447
de/sq_rel,17223,0.8127066493034363,0.8284180629253387
de/sq_rel,17473,0.7623602151870728,0.8274154448509217
de/sq_rel,17473,0.8746309280395508,0.8261907076835633
de/sq_rel,17723,0.7794435024261475,0.8264078629016877
de/sq_rel,17723,0.7753050923347473,0.825229504108429
de/sq_rel,17973,0.7072716951370239,0.8274190819263458
de/sq_rel,17973,0.6833251118659973,0.8262284231185913
de/sq_rel,18223,0.602257251739502,0.8195582270622254
de/sq_rel,18223,0.8347555994987488,0.8202618408203125
de/sq_rel,18473,0.6714924573898315,0.8191957581043243
de/sq_rel,18473,1.0994988679885864,0.8206109321117401
de/sq_rel,18723,0.6041054725646973,0.8137901771068573
de/sq_rel,18723,0.869264543056488,0.8128733694553375
de/sq_rel,18894,0.7856049537658691,0.8155514073371887
de/sq_rel,18894,1.0054166316986084,0.8174897027015686
de/sq_rel,19144,0.8730368614196777,0.8213757419586182
de/sq_rel,19144,0.8215317726135254,0.8226534342765808
de/sq_rel,19394,0.6940198540687561,0.8174532151222229
de/sq_rel,19394,0.9089071154594421,0.8204762196540832
de/sq_rel,19644,0.8709027767181396,0.8212425255775452
de/sq_rel,19644,1.0723299980163574,0.8259359729290009
de/sq_rel,19723,1.0170384645462036,0.8310629069805145
de/sq_rel,19723,0.8289400339126587,0.8316634166240692
de/sq_rel,19894,0.7839214205741882,0.8334966158866882
de/sq_rel,19894,0.5672734975814819,0.8302278983592987
de/sq_rel,20065,0.995581328868866,0.8329964232444763
de/sq_rel,20065,0.823070228099823,0.8376309525966644
de/sq_rel,20315,0.550421953201294,0.8340742230415344
de/sq_rel,20315,0.9116126298904419,0.8328362786769867
de/sq_rel,20565,0.7537185549736023,0.8356192636489869
de/sq_rel,20565,0.8026622533798218,0.8374997150897979
de/sq_rel,20815,0.7626333236694336,0.8395066297054291
de/sq_rel,20815,0.6473233699798584,0.8341107773780823
de/sq_rel,21065,0.8446270227432251,0.8322584104537963
de/sq_rel,21065,0.916587233543396,0.8287532591819763
de/sq_rel,21236,0.8052970767021179,0.8269199287891388
de/sq_rel,21236,0.9744532108306885,0.828533650636673
de/sq_rel,21486,0.825287938117981,0.8288556563854218
de/sq_rel,21486,0.5621423125267029,0.8206658315658569
de/sq_rel,21723,0.9291419982910156,0.8196036756038666
de/sq_rel,21723,0.658092200756073,0.8181022703647614
de/sq_rel,21736,0.5028212070465088,0.8085238468647004
de/sq_rel,21736,0.8327739834785461,0.8044178533554077
de/sq_rel,21986,0.6235434412956238,0.8040678358078003
de/sq_rel,21986,0.8169787526130676,0.7956068837642669
de/sq_rel,22236,0.9809384346008301,0.8043311643600464
de/sq_rel,22236,0.7405998706817627,0.8000292146205902
de/sq_rel,22407,0.6967771053314209,0.8020007956027985
de/sq_rel,22407,0.654204249382019,0.794245353937149
de/sq_rel,22657,1.052093744277954,0.7993744838237763
de/sq_rel,22657,1.007131576538086,0.8032629823684693
de/sq_rel,22907,0.8606840968132019,0.8052294600009918
de/sq_rel,22907,0.9045382738113403,0.8058276069164276
de/sq_rel,23157,0.7315459847450256,0.8048696565628052
de/sq_rel,23157,1.0136300325393677,0.8096361553668976
de/sq_rel,23407,0.7397626638412476,0.8102859747409821
de/sq_rel,23407,0.8139605522155762,0.8128986835479737
de/sq_rel,23578,0.7010733485221863,0.8148750054836273
de/sq_rel,23578,1.2416982650756836,0.823013858795166
de/sq_rel,23723,0.6649471521377563,0.8228829526901245
de/sq_rel,23723,1.0424052476882935,0.8217410802841186
de/sq_rel,23828,0.6237897872924805,0.8221347665786743
de/sq_rel,23828,0.8436987996101379,0.8216234517097473
de/sq_rel,24078,0.7996377944946289,0.8219041085243225
de/sq_rel,24078,1.0551097393035889,0.8228979706764221
de/sq_rel,24328,1.0498498678207397,0.8264342308044433
de/sq_rel,24328,1.0901776552200317,0.8318071484565734
de/sq_rel,24578,0.7853158712387085,0.8336330687999726
de/sq_rel,24578,0.6308611035346985,0.8280721485614777
de/sq_rel,24749,0.7648438215255737,0.8259509694576264
de/sq_rel,24749,1.113802433013916,0.8267804181575775
de/sq_rel,24999,0.8091645240783691,0.8226229393482208
de/sq_rel,24999,1.1862404346466064,0.8297689473628997
de/sq_rel,25249,0.7169008255004883,0.8284285354614258
de/sq_rel,25249,0.7603709697723389,0.8322904849052429
de/sq_rel,25499,0.5208094120025635,0.8227950465679169
de/sq_rel,25499,0.9179850816726685,0.8246933436393737
de/sq_rel,25723,0.6319015622138977,0.8263229358196259
de/sq_rel,25723,0.8371244072914124,0.8248331713676452
de/sq_rel,25749,0.6617679595947266,0.8229941594600677
de/sq_rel,25749,1.1152106523513794,0.8292451274394989
de/sq_rel,25920,0.8257890939712524,0.8305082428455353
de/sq_rel,25920,0.8244631886482239,0.8340510392189026
de/sq_rel,26170,1.0277851819992065,0.8377142024040222
de/sq_rel,26170,1.1482130289077759,0.8423467183113098
de/sq_rel,26420,0.5981043577194214,0.8382028639316559
de/sq_rel,26420,1.1269820928573608,0.8412534415721893
de/sq_rel,26670,0.8315243124961853,0.8413781690597534
de/sq_rel,26670,1.265112042427063,0.8554375636577606
de/sq_rel,26920,0.926560640335083,0.8553859364986419
de/sq_rel,26920,0.9039432406425476,0.8603029572963714
de/sq_rel,27091,0.6235812902450562,0.8627181589603424
de/sq_rel,27091,0.8642249703407288,0.863347178697586
de/sq_rel,27341,0.839102029800415,0.8676583504676819
de/sq_rel,27341,0.7371827363967896,0.8660624301433564
de/sq_rel,27591,0.8785948753356934,0.8640155589580536
de/sq_rel,27591,1.0188015699386597,0.8695795929431915
de/sq_rel,27723,0.7708150744438171,0.8710603523254394
de/sq_rel,27723,0.7979545593261719,0.8739353585243225
de/sq_rel,27841,0.7260584235191345,0.8674146521091461
de/sq_rel,27841,0.8758525252342224,0.8647890710830688
de/sq_rel,28091,0.5821702480316162,0.8592187941074372
de/sq_rel,28091,1.1709648370742798,0.864547325372696
de/sq_rel,28262,0.6632930040359497,0.8631822657585144
de/sq_rel,28262,0.7513293027877808,0.8579362511634827
de/sq_rel,28512,0.6492594480514526,0.8561261868476868
de/sq_rel,28512,1.129884958267212,0.8624446749687195
de/sq_rel,28762,0.8959261178970337,0.8663417303562164
de/sq_rel,28762,0.8007712960243225,0.8575231909751893
de/sq_rel,29012,0.6748664975166321,0.8577215778827667
de/sq_rel,29012,0.5929151773452759,0.8487317764759064
de/sq_rel,29262,0.5727575421333313,0.8477111315727234
de/sq_rel,29262,0.8527893424034119,0.8478929424285888
de/sq_rel,29433,0.9120572209358215,0.8501413309574127
de/sq_rel,29433,0.834878146648407,0.845736699104309
de/sq_rel,29683,0.5576682090759277,0.8358930659294128
de/sq_rel,29683,0.8402197360992432,0.8308939075469971
de/sq_rel,29723,0.8866812586784363,0.8329212152957917
de/sq_rel,29723,0.9141819477081299,0.8385876321792602
de/sq_rel,29933,0.5943261384963989,0.8351772785186767
de/sq_rel,29933,0.9721994996070862,0.8323452198505401
de/sq_rel,30183,0.6095202565193176,0.8283523344993591
de/sq_rel,30183,0.8352139592170715,0.8213318049907684
de/sq_rel,30433,0.7880846261978149,0.822755481004715
de/sq_rel,30433,0.8788109421730042,0.8251242804527282
de/sq_rel,30604,0.7437627911567688,0.8295833480358124
de/sq_rel,30604,0.8214563727378845,0.8276527738571167
de/sq_rel,30854,0.5913459062576294,0.8268416607379914
de/sq_rel,30854,0.8393560647964478,0.8268862938880921
de/sq_rel,31104,0.45203903317451477,0.8226917153596878
de/sq_rel,31104,0.7957387566566467,0.8163022774457932
de/sq_rel,31354,0.8710649013519287,0.8172077935934067
de/sq_rel,31354,0.947032630443573,0.8196591824293137
de/sq_rel,31604,0.9978308081626892,0.8190600949525834
de/sq_rel,31604,0.9454046487808228,0.8150039273500442
de/sq_rel,31723,0.5834980010986328,0.8147118002176285
de/sq_rel,31723,0.6127495169639587,0.8044271486997604
de/sq_rel,31775,0.5880751609802246,0.7995581656694413
de/sq_rel,31775,0.9851912260055542,0.7939597493410111
de/sq_rel,32025,0.5894274711608887,0.7872170859575272
de/sq_rel,32025,0.8477350473403931,0.7860929220914841
de/sq_rel,32275,1.0850306749343872,0.7953219097852707
de/sq_rel,32275,0.9487282633781433,0.797011975646019
de/sq_rel,32525,0.6142683029174805,0.7925153011083603
de/sq_rel,32525,0.8235369920730591,0.7942423862218857
de/sq_rel,32775,0.4991895258426666,0.7866542792320251
de/sq_rel,32775,0.7063363790512085,0.7804049754142761
de/sq_rel,32946,0.6311476826667786,0.7776116275787354
de/sq_rel,32946,0.9747040867805481,0.7811466181278228
de/sq_rel,33196,0.7937177419662476,0.7824998044967652
de/sq_rel,33196,0.8222931027412415,0.7814286160469055
de/sq_rel,33446,0.47115692496299744,0.7792083495855331
de/sq_rel,33446,0.6811938285827637,0.7694129294157028
de/sq_rel,33696,0.944230854511261,0.775031686425209
de/sq_rel,33696,0.7518768906593323,0.7750426381826401
de/sq_rel,33723,1.072291612625122,0.7835032814741134
de/sq_rel,33723,0.7131979465484619,0.7751695412397385
de/sq_rel,33946,0.47184446454048157,0.7666879081726075
de/sq_rel,33946,0.8866370916366577,0.7684052240848541
de/sq_rel,34117,0.5390387177467346,0.7656886684894562
de/sq_rel,34117,0.8387718200683594,0.7706058013439179
de/sq_rel,34367,0.6788519620895386,0.772727689743042
de/sq_rel,34367,0.7804446816444397,0.7712807965278625
de/sq_rel,34617,0.9315536022186279,0.7716707241535187
de/sq_rel,34617,0.8078578114509583,0.7711303174495697
de/sq_rel,34867,1.2591419219970703,0.7851597917079925
de/sq_rel,34867,0.9285473227500916,0.7869263434410095
de/sq_rel,35117,0.5885533690452576,0.7809637856483459
de/sq_rel,35117,0.7140191197395325,0.776960529088974
de/sq_rel,35288,0.5852869153022766,0.7767797446250916
de/sq_rel,35288,0.9768111705780029,0.7768719780445099
de/sq_rel,35538,0.6240333318710327,0.7771622395515442
de/sq_rel,35538,0.8289492130279541,0.7770369446277618
de/sq_rel,35723,0.9740580916404724,0.780756413936615
de/sq_rel,35723,0.8712103962898254,0.7806044030189514
de/sq_rel,35788,1.2348089218139648,0.7904253256320953
de/sq_rel,35788,0.676825225353241,0.7875327026844025
de/sq_rel,36038,0.7723969221115112,0.7911537230014801
de/sq_rel,36038,0.8407778739929199,0.7911821591854096
de/sq_rel,36288,0.7944802641868591,0.7980309838056564
de/sq_rel,36288,0.9497875571250916,0.8011119598150254
loss,0,0.15365639328956604,0.15365639328956604
loss,0,0.11173130571842194,0.132693849503994
loss,250,0.12995165586471558,0.13177978495756784
loss,250,0.08946271985769272,0.12120051868259907
loss,500,0.1252772957086563,0.12201587408781052
loss,500,0.12293922901153564,0.12216976657509804
loss,750,0.10737921297550201,0.12005683034658432
loss,750,0.12581966817378998,0.12077718507498503
loss,1000,0.13712146878242493,0.1225932165980339
loss,1000,0.07341273874044418,0.11767516881227494
loss,1171,0.11333243548870087,0.1172803748737682
loss,1171,0.09654837846755981,0.11555270850658417
loss,1421,0.10840809345245361,0.11500312273318951
loss,1421,0.10063882917165756,0.11397710176450866
loss,1671,0.10041631758213043,0.11307304948568345
loss,1671,0.10642238706350327,0.11265738308429718
loss,1921,0.1202915608882904,0.11310645236688502
loss,1921,0.09919716417789459,0.11233371413416332
loss,2000,0.0982193797826767,0.1115908544314535
loss,2000,0.11882911622524261,0.11195276752114296
loss,2171,0.09198685735464096,0.11100200989416667
loss,2171,0.12363522499799728,0.11157624694434079
loss,2342,0.08810977637767792,0.11055596561535545
loss,2342,0.10881265252828598,0.1104833275700609
loss,2592,0.10478010028600693,0.11025519847869873
loss,2592,0.10725829005241394,0.11013993276999547
loss,2842,0.08238668739795685,0.10911203479325329
loss,2842,0.06681609153747559,0.10760146539126124
loss,3092,0.08678367733955383,0.10688361063085754
loss,3092,0.1071416586637497,0.10689221223195394
loss,3342,0.10134133696556091,0.10671315173948964
loss,3342,0.07361932843923569,0.10567896976135671
loss,3513,0.06992893666028976,0.10459563542496074
loss,3513,0.07654483616352081,0.10377061191727133
loss,3763,0.08667522668838501,0.10328217233930315
loss,3763,0.10995051264762878,0.10346740401453441
loss,4000,0.09927266836166382,0.10335403278067305
loss,4000,0.09990593045949936,0.10326329324590533
loss,4013,0.08580322563648224,0.10281559920463806
loss,4013,0.08555063605308533,0.10238397512584925
loss,4263,0.09411440789699554,0.10218227836416989
loss,4263,0.08412247896194458,0.10175228314030738
loss,4513,0.0993061363697052,0.10169539600610733
loss,4513,0.1064877137541771,0.10180431231856346
loss,4684,0.08406456559896469,0.1014100957247946
loss,4684,0.09242063015699387,0.10121467256027719
loss,4934,0.09261634945869446,0.10103172951556266
loss,4934,0.08588903397321701,0.1007162566917638
loss,5184,0.07781928032636642,0.10024897145981691
loss,5184,0.1019306480884552,0.10028260499238968
loss,5434,0.07602643221616745,0.09873000577092171
loss,5434,0.09456197917461395,0.09838661924004555
loss,5684,0.0864611566066742,0.09751680925488472
loss,5684,0.07633068412542343,0.09725416854023933
loss,5855,0.1084592342376709,0.09691780731081963
loss,5855,0.09984670579433441,0.09645595684647561
loss,6000,0.07348715513944626,0.09577811568975449
loss,6000,0.07479477673768997,0.09475761786103248
loss,6105,0.09128372371196747,0.09384086295962334
loss,6105,0.10342629998922348,0.09444113418459893
loss,6355,0.08238564431667328,0.09382219836115838
loss,6355,0.0938272774219513,0.0937677763402462
loss,6605,0.08390790224075317,0.09327777251601219
loss,6605,0.06137065216898918,0.09249240897595883
loss,6855,0.07211384177207947,0.0919263594597578
loss,6855,0.08545506000518799,0.0915070129185915
loss,7026,0.0857984870672226,0.09081715144217015
loss,7026,0.09705593436956406,0.09077432684600353
loss,7276,0.08728229999542236,0.09055558525025845
loss,7276,0.09776418656110764,0.09013428665697575
loss,7526,0.07997927069664001,0.08989413492381573
loss,7526,0.08465723693370819,0.08911457516252995
loss,7776,0.09700000286102295,0.08929237969219685
loss,7776,0.09100030362606049,0.08893613271415234
loss,8000,0.07451823353767395,0.08833089537918568
loss,8000,0.08845499157905579,0.08795482940971851
loss,8026,0.09916810691356659,0.08829045780003071
loss,8026,0.0999084860086441,0.08895230568945407
loss,8276,0.0803314596414566,0.08882326133549213
loss,8276,0.0875248834490776,0.08843092583119869
loss,8526,0.08810316026210785,0.08816616229712963
loss,8526,0.08091381192207336,0.08831205196678639
loss,8776,0.08405383676290512,0.0885945499688387
loss,8776,0.072895348072052,0.08852156020700931
loss,9026,0.0740133747458458,0.08826832316815852
loss,9026,0.1185285896062851,0.08843988470733166
loss,9276,0.09756417572498322,0.08840571485459804
loss,9276,0.10350247472524643,0.08847764573991299
loss,9447,0.08044342696666718,0.08837044976651669
loss,9447,0.0767611712217331,0.08819466046988964
loss,9697,0.07821516692638397,0.08787667565047741
loss,9697,0.08101850003004074,0.08781459607183933
loss,9947,0.08468860387802124,0.08752224542200565
loss,9947,0.09280263632535934,0.0872485438734293
loss,10197,0.08118991553783417,0.08719105087220669
loss,10197,0.07662956416606903,0.08687522955238819
loss,10276,0.06384295225143433,0.08629976160824299
loss,10276,0.0984349399805069,0.08655067972838879
loss,10447,0.07085192203521729,0.0864113325625658
loss,10447,0.07849679887294769,0.08594265557825566
loss,10618,0.07778790593147278,0.08597788505256176
loss,10618,0.08322636783123016,0.08575117282569408
loss,10868,0.07080045342445374,0.08543795876204968
loss,10868,0.08188044279813766,0.08554895393550396
loss,11118,0.08885368704795837,0.08515684299170971
loss,11118,0.08650469779968262,0.08489000283181668
loss,11368,0.09978753328323364,0.08541601039469242
loss,11368,0.10025988519191742,0.08592531256377697
loss,11618,0.09913831204175949,0.08608240433037281
loss,11618,0.0890522226691246,0.08579492278397083
loss,11789,0.08759452402591705,0.08589910037815571
loss,11789,0.10960640758275986,0.08621468298137187
loss,12039,0.0822163075208664,0.08618085108697414
loss,12039,0.05434417724609375,0.08604032158851624
loss,12276,0.07133970409631729,0.08602483883500099
loss,12276,0.0675233006477356,0.08566620364785195
loss,12289,0.08815845102071762,0.08571340292692184
loss,12289,0.09991574287414551,0.08577059909701347
loss,12539,0.09609066694974899,0.08594676643610001
loss,12539,0.10070531815290451,0.08600558906793594
loss,12789,0.08754879236221313,0.0861569795012474
loss,12789,0.0896424651145935,0.08625668406486511
loss,12960,0.08991238474845886,0.08611493170261383
loss,12960,0.09200805425643921,0.08613508671522141
loss,13210,0.07908117026090622,0.08622634544968605
loss,13210,0.09858840703964233,0.08642901375889778
loss,13460,0.07847718894481659,0.08601519539952278
loss,13460,0.08942098915576935,0.08580544546246528
loss,13710,0.07560428977012634,0.08571090206503867
loss,13710,0.10905876010656357,0.0861415795981884
loss,13960,0.08628526329994202,0.08610522165894509
loss,13960,0.0949767529964447,0.08638648048043251
loss,14131,0.10962620377540588,0.08689792782068252
loss,14131,0.09098055958747864,0.08725963205099106
loss,14276,0.07128509879112244,0.0872050665318966
loss,14276,0.09727834910154343,0.08678006172180176
loss,14381,0.07530255615711212,0.08633482933044434
loss,14381,0.09013926237821579,0.08606756508350372
loss,14631,0.06734567880630493,0.08580561012029647
loss,14631,0.09744226932525635,0.08621923208236694
loss,14881,0.07582897692918777,0.08617150828242302
loss,14881,0.08268356323242188,0.08620480954647064
loss,15131,0.06826053559780121,0.08587624818086624
loss,15131,0.12591245770454407,0.08653844460844994
loss,15302,0.07843481004238129,0.08648334249854088
loss,15302,0.10763920843601227,0.08710353538393974
loss,15552,0.0842626616358757,0.08751192957162857
loss,15552,0.07060419023036957,0.08695531457662582
loss,15802,0.07781573385000229,0.08709459081292152
loss,15802,0.08992265164852142,0.087323107868433
loss,16052,0.0981893241405487,0.08773113623261451
loss,16052,0.09446030110120773,0.08795581489801407
loss,16276,0.07198374718427658,0.08797948077321052
loss,16276,0.09886075556278229,0.08831908702850341
loss,16302,0.07632231712341309,0.08806845963001252
loss,16302,0.06493484973907471,0.08763706266880035
loss,16473,0.0989009290933609,0.0876193305850029
loss,16473,0.11678342521190643,0.08794980138540268
loss,16723,0.07427220046520233,0.08745247915387154
loss,16723,0.06622900813817978,0.08699601486325265
loss,16973,0.07644956558942795,0.08677311569452285
loss,16973,0.09050540626049042,0.08639109566807747
loss,17223,0.0858611911535263,0.08646399334073067
loss,17223,0.06930199265480042,0.0867631496489048
loss,17473,0.08381661027669907,0.08701268777251243
loss,17473,0.06398317962884903,0.0869418853521347
loss,17723,0.06602724641561508,0.08649926126003266
loss,17723,0.07290541380643845,0.08595905467867851
loss,17973,0.07214008271694183,0.08548004299402237
loss,17973,0.1020381897687912,0.08550670042634011
loss,18223,0.06791269779205322,0.08511397853493691
loss,18223,0.0906967744231224,0.08513506472110749
loss,18473,0.08418777585029602,0.08502057254314423
loss,18473,0.08454763144254684,0.08487136408686638
loss,18723,0.08177647739648819,0.08492527022957802
loss,18723,0.07868268340826035,0.08452715575695038
loss,18894,0.07214763015508652,0.08440056458115577
loss,18894,0.08575284481048584,0.0843272016942501
loss,19144,0.07312643527984619,0.08427764460444451
loss,19144,0.08410277217626572,0.08377852484583855
loss,19394,0.07282786816358566,0.08350937694311142
loss,19394,0.09618313610553741,0.08353350460529327
loss,19644,0.07545439898967743,0.08285006850957871
loss,19644,0.06359855085611343,0.0823024283349514
loss,19723,0.06857238709926605,0.08224817410111428
loss,19723,0.08795817196369171,0.08206177055835724
loss,19894,0.08838548511266708,0.08232342913746833
loss,19894,0.09371157735586166,0.08239487543702126
loss,20065,0.0700574740767479,0.08244911134243012
loss,20065,0.07616856694221497,0.08202363729476929
loss,20315,0.07818669080734253,0.08207079157233238
loss,20315,0.1045432910323143,0.08250798612833023
loss,20565,0.08544298261404037,0.08285163506865502
loss,20565,0.06566296517848969,0.08164664521813393
loss,20815,0.06699361652135849,0.08141782134771347
loss,20815,0.08777523040771484,0.08102054178714752
loss,21065,0.0850512683391571,0.08103631392121315
loss,21065,0.11023246496915817,0.08182887941598892
loss,21236,0.07823339104652405,0.08183723255991936
loss,21236,0.08755515515804291,0.08178988263010979
loss,21486,0.08569427579641342,0.08153998166322708
loss,21486,0.07728081941604614,0.08119639202952385
loss,21723,0.07692363858222961,0.08129518985748291
loss,21723,0.0920560359954834,0.08115909546613694
loss,21736,0.08369980752468109,0.08130664527416229
loss,21736,0.07405170798301697,0.08148898243904114
loss,21986,0.057974498718976974,0.08067045383155345
loss,21986,0.07592485100030899,0.07985328234732152
loss,22236,0.07244013994932175,0.0798166411370039
loss,22236,0.06659498065710068,0.07982396058738232
loss,22407,0.08975130319595337,0.08008999533951283
loss,22407,0.07155264914035797,0.07971094019711017
loss,22657,0.08682496845722198,0.07973021574318409
loss,22657,0.08593384921550751,0.08006285287439824
loss,22907,0.0719989687204361,0.07982650004327298
loss,22907,0.08938957750797272,0.08033462800085545
loss,23157,0.07472428679466248,0.08050856880843639
loss,23157,0.06644332408905029,0.08037932701408863
loss,23407,0.0757221132516861,0.08045096762478351
loss,23407,0.07922099530696869,0.07999462373554707
loss,23578,0.06804056465625763,0.07999718107283116
loss,23578,0.057069163769483566,0.07932462885975838
loss,23723,0.07523425668478012,0.07914555847644805
loss,23723,0.08798027038574219,0.07921421125531197
loss,23828,0.07801008969545364,0.07913888350129128
loss,23828,0.08577130734920502,0.07928065598011017
loss,24078,0.07600630074739456,0.07935782939195633
loss,24078,0.09404665231704712,0.07952370554208756
loss,24328,0.06198929250240326,0.07930096268653869
loss,24328,0.07363708317279816,0.07909164890646934
loss,24578,0.0704684853553772,0.07904446125030518
loss,24578,0.12761211395263672,0.07967304080724716
loss,24749,0.07638759911060333,0.07969170480966568
loss,24749,0.0859418511390686,0.08013857081532479
loss,24999,0.06453220546245575,0.08005776718258857
loss,24999,0.0629751905798912,0.07955810755491256
loss,25249,0.05772101506590843,0.0789448181539774
loss,25249,0.09276917576789856,0.07892597012221814
loss,25499,0.07657517492771149,0.07905632413923741
loss,25499,0.08127088844776154,0.07915837056934834
loss,25723,0.06637481600046158,0.07892213307321072
loss,25723,0.08334246277809143,0.07849811650812626
loss,25749,0.07105278968811035,0.07821031264960766
loss,25749,0.07554608583450317,0.07840797506272792
loss,25920,0.06701302528381348,0.07840836323797702
loss,25920,0.08325834572315216,0.07831802554428577
loss,26170,0.06863456964492798,0.0779896915704012
loss,26170,0.09044008702039719,0.07759384401142597
loss,26420,0.07827559113502502,0.077594688013196
loss,26420,0.07509022951126099,0.07734538950026035
loss,26670,0.0699375569820404,0.0770302551239729
loss,26670,0.06416404247283936,0.07676791958510876
loss,26920,0.07416081428527832,0.07671266309916973
loss,26920,0.09797781705856323,0.07683109872043133
loss,27091,0.06474842876195908,0.07645207114517688
loss,27091,0.08094170689582825,0.07658987112343311
loss,27341,0.08671920746564865,0.07716476529836655
loss,27341,0.0886102244257927,0.07741847276687622
loss,27591,0.07908715307712555,0.0775514130294323
loss,27591,0.09333984553813934,0.07808631032705307
loss,27723,0.07378004491329193,0.07776688516139985
loss,27723,0.0847075879573822,0.07802998393774033
loss,27841,0.06640121340751648,0.07762150883674622
loss,27841,0.08802276849746704,0.07766328722238541
loss,28091,0.06525251269340515,0.07752835810184479
loss,28091,0.07116790860891342,0.0771639247238636
loss,28262,0.05974240228533745,0.0768642870336771
loss,28262,0.06585165858268738,0.07685245372354985
loss,28512,0.07432469725608826,0.07682450540363789
loss,28512,0.08771218359470367,0.07699432916939258
loss,28762,0.06652263551950455,0.07696397058665752
loss,28762,0.08858276903629303,0.07759424269199372
loss,29012,0.06535688787698746,0.07739669531583786
loss,29012,0.10318206250667572,0.07770073115825653
loss,29262,0.07354574650526047,0.07761144429445267
loss,29262,0.08404304832220078,0.07757687911391259
loss,29433,0.07213635742664337,0.07749948024749756
loss,29433,0.0905197486281395,0.0774289421737194
loss,29683,0.0704006552696228,0.07759716942906379
loss,29683,0.08725760877132416,0.07786957994103431
loss,29723,0.07772590965032578,0.07801472842693329
loss,29723,0.06460386514663696,0.07675456345081329
loss,29933,0.07080759108066559,0.07664296329021454
loss,29933,0.08256980776786804,0.07657552242279053
loss,30183,0.0706532746553421,0.07669794380664825
loss,30183,0.08479444682598114,0.07713432893157006
loss,30433,0.07505283504724503,0.07748096533119679
loss,30433,0.05752798914909363,0.07677614159882068
loss,30604,0.05761890113353729,0.0763970161229372
loss,30604,0.08724375814199448,0.07651647351682186
loss,30854,0.07494242489337921,0.07668782569468022
loss,30854,0.09104081243276596,0.0768417926877737
loss,31104,0.06237104535102844,0.07666815780103206
loss,31104,0.08981528878211975,0.0769535418599844
loss,31354,0.07804115116596222,0.07717410437762737
loss,31354,0.08672153949737549,0.07724336825311184
loss,31604,0.07373639941215515,0.07734540484845638
loss,31604,0.07952429354190826,0.07712708897888661
loss,31723,0.07732170820236206,0.07710801132023334
loss,31723,0.08051931858062744,0.07721659310162067
loss,31775,0.06728799641132355,0.07716360189020634
loss,31775,0.0705735981464386,0.07729179300367832
loss,32025,0.06923674046993256,0.07719331152737141
loss,32025,0.07347217202186584,0.07670319862663746
loss,32275,0.05705142766237259,0.07654925860464573
loss,32275,0.08649475872516632,0.07666031964123249
loss,32525,0.07951374351978302,0.07651621036231518
loss,32525,0.11015842854976654,0.07694717444479465
loss,32775,0.07248161733150482,0.07681506372988224
loss,32775,0.08845406770706177,0.07671734817326069
loss,32946,0.07301077246665955,0.07670196272432804
loss,32946,0.07129298150539398,0.07643367059528827
loss,33196,0.07573892176151276,0.0766204247623682
loss,33196,0.07022444903850555,0.07626445837318897
loss,33446,0.06651952117681503,0.07628979854285717
loss,33446,0.09310808777809143,0.07672860212624073
loss,33696,0.07908444106578827,0.07711544290184974
loss,33696,0.07725618779659271,0.07734353348612785
loss,33723,0.06679274141788483,0.07719289436936379
loss,33723,0.10675281286239624,0.07757370695471763
loss,33946,0.06125326082110405,0.07746831946074963
loss,33946,0.08797696232795715,0.07745620332658291
loss,34117,0.06936485320329666,0.07753636263310909
loss,34117,0.07517338544130325,0.07697618909180165
loss,34367,0.07325509190559387,0.07697037599980831
loss,34367,0.07677148282527924,0.07682494468986988
loss,34617,0.07751154154539108,0.07693244837224483
loss,34617,0.09620516002178192,0.07704615660011768
loss,34867,0.07877936959266663,0.07721373088657855
loss,34867,0.07173660397529602,0.076903310790658
loss,35117,0.07913752645254135,0.0769315431267023
loss,35117,0.07917704433202744,0.07722300671041012
loss,35288,0.08903314918279648,0.07758751787245273
loss,35288,0.08128561079502106,0.0775618339329958
loss,35538,0.06679695844650269,0.07748470760881901
loss,35538,0.07254862040281296,0.07723979108035564
loss,35723,0.07202020287513733,0.07717913843691349
loss,35723,0.08435644954442978,0.07771570764482022
loss,35788,0.06598936021327972,0.07788311682641506
loss,35788,0.08099470287561417,0.07775813572108746
loss,36038,0.07364771515130997,0.07773224152624607
loss,36038,0.07301011681556702,0.0773716276139021
loss,36288,0.07756081223487854,0.07767542295157909
loss,36288,0.08753260970115662,0.07762976936995983
loss/0,0,0.1539458930492401,0.1539458930492401
loss/0,0,0.11167298257350922,0.13280943781137466
loss/0,250,0.1304401308298111,0.13201966881752014
loss/0,250,0.0893540158867836,0.121353255584836
loss/0,500,0.12560546398162842,0.12220369726419449
loss/0,500,0.12289536744356155,0.12231897562742233
loss/0,750,0.1072983592748642,0.1201731732913426
loss/0,750,0.12586863338947296,0.1208851058036089
loss/0,1000,0.1369217336177826,0.12266695333851708
loss/0,1000,0.07343270629644394,0.11774352863430977
loss/0,1171,0.11315701901912689,0.1173265732147477
loss/0,1171,0.09649628400802612,0.11559071578085423
loss/0,1421,0.1086169183254242,0.11505426982274422
loss/0,1421,0.1007910668849945,0.11403546961290496
loss/0,1671,0.10045689344406128,0.11313023120164871
loss/0,1671,0.1065172329545021,0.11271691881120205
loss/0,1921,0.12038972973823547,0.1131682606304393
loss/0,1921,0.09938286244869232,0.11240240517589781
loss/0,2000,0.09848345071077347,0.11166982862510179
loss/0,2000,0.11884783208370209,0.1120287287980318
loss/0,2171,0.09215723723173141,0.11108246729487464
loss/0,2171,0.12375994771718979,0.11165871640497987
loss/0,2342,0.08797242492437363,0.11062887764495352
loss/0,2342,0.10901904106140137,0.11056180112063885
loss/0,2592,0.10476171225309372,0.11032979756593704
loss/0,2592,0.10755689442157745,0.11022314744500014
loss/0,2842,0.08232627809047699,0.10918993006149928
loss/0,2842,0.06688977032899857,0.10767921007105283
loss/0,3092,0.08691255003213882,0.10696311834557302
loss/0,3092,0.10723047703504562,0.10697203030188879
loss/0,3342,0.10126915574073792,0.10678806660636779
loss/0,3342,0.07368393242359161,0.10575356241315603
loss/0,3513,0.07006233930587769,0.10467201019778397
loss/0,3513,0.07647547870874405,0.10384270044810631
loss/0,3763,0.08671950548887253,0.10335346630641393
loss/0,3763,0.11062031239271164,0.10355532314214441
loss/0,4000,0.09932595491409302,0.10344101589273762
loss/0,4000,0.09991411864757538,0.10334820280733861
loss/0,4013,0.08592138439416885,0.10290136130956504
loss/0,4013,0.08549939095973969,0.1024663120508194
loss/0,4263,0.0943283662199974,0.10226782556714081
loss/0,4263,0.08407840877771378,0.1018347442150116
loss/0,4513,0.09938868135213852,0.10177785903215408
loss/0,4513,0.10642735660076141,0.10188352943144062
loss/0,4684,0.08471168577671051,0.10150193290577994
loss/0,4684,0.09265117347240448,0.10130952509201091
loss/0,4934,0.09273247420787811,0.10112703464766766
loss/0,4934,0.08597031235694885,0.10081126959994435
loss/0,5184,0.07786376029253006,0.10034295308346651
loss/0,5184,0.10200859606266022,0.10037626594305038
loss/0,5434,0.07601235061883926,0.09881759509444236
loss/0,5434,0.09465982019901276,0.09847733184695244
loss/0,5684,0.08634734153747559,0.09759547606110573
loss/0,5684,0.07629869133234024,0.09733436957001686
loss/0,5855,0.10823103785514832,0.09698688104748726
loss/0,5855,0.0997263565659523,0.09652350082993508
loss/0,6000,0.07336525619029999,0.09584483876824379
loss/0,6000,0.07495937496423721,0.09482665359973907
loss/0,6105,0.09126178175210953,0.09391345456242561
loss/0,6105,0.10359436273574829,0.0945166876912117
loss/0,6355,0.08253293484449387,0.09390420600771904
loss/0,6355,0.09376947581768036,0.09384966984391213
loss/0,6605,0.0838916078209877,0.0933551636338234
loss/0,6605,0.061526913195848465,0.09256988056004048
loss/0,6855,0.07222697138786316,0.09200528211891651
loss/0,6855,0.08530572056770325,0.09158105187118054
loss/0,7026,0.08566531538963318,0.09088656358420849
loss/0,7026,0.09712708741426468,0.09084144808351993
loss/0,7276,0.08721499145030975,0.09061607889831066
loss/0,7276,0.09767542034387589,0.09019263066351414
loss/0,7526,0.08011594414710999,0.0899518048018217
loss/0,7526,0.08454938232898712,0.08916759349405766
loss/0,7776,0.0969594269990921,0.08934733353555202
loss/0,7776,0.09078097343444824,0.08898257218301296
loss/0,8000,0.07445420324802399,0.08837642200291157
loss/0,8000,0.08839916437864304,0.08799326740205288
loss/0,8026,0.09909763187170029,0.08832869447767734
loss/0,8026,0.09997759759426117,0.0889904510229826
loss/0,8276,0.08013938367366791,0.08885498769581318
loss/0,8276,0.0876605436205864,0.08846358902752399
loss/0,8526,0.08804026246070862,0.08819901116192341
loss/0,8526,0.08106115460395813,0.08834655560553074
loss/0,8776,0.08436351269483566,0.0886325790733099
loss/0,8776,0.07300488650798798,0.08856316722929478
loss/0,9026,0.07393571734428406,0.088307491466403
loss/0,9026,0.11872709542512894,0.08846962712705135
loss/0,9276,0.09753865003585815,0.08843388102948666
loss/0,9276,0.10398819297552109,0.08851536251604557
loss/0,9447,0.0806368961930275,0.08840967275202274
loss/0,9447,0.0767640471458435,0.08823496587574482
loss/0,9697,0.07804688811302185,0.08790933631360531
loss/0,9697,0.0810496136546135,0.0878487604111433
loss/0,9947,0.08497829735279083,0.08756055273115634
loss/0,9947,0.09293320775032043,0.08729066975414752
loss/0,10197,0.08101657778024673,0.08721676759421826
loss/0,10197,0.07656168192625046,0.08689497776329518
loss/0,10276,0.06379365921020508,0.08631620146334171
loss/0,10276,0.09841503947973251,0.08656509600579738
loss/0,10447,0.07091838121414185,0.08642618842422962
loss/0,10447,0.07839500159025192,0.08595391653478146
loss/0,10618,0.07784221321344376,0.08599051378667355
loss/0,10618,0.08318246901035309,0.08576096676290035
loss/0,10868,0.07097151130437851,0.08545345015823841
loss/0,10868,0.08191078901290894,0.08556569211184978
loss/0,11118,0.08904706686735153,0.08518201269209386
loss/0,11118,0.08659255504608154,0.08491933666169643
loss/0,11368,0.1000543162226677,0.08545311786234379
loss/0,11368,0.1004495695233345,0.08596292175352574
loss/0,11618,0.09912378340959549,0.08612016178667545
loss/0,11618,0.08902326971292496,0.08582873992621899
loss/0,11789,0.08771060407161713,0.08593229331076145
loss/0,11789,0.10972027480602264,0.0862513092905283
loss/0,12039,0.08253755420446396,0.08622422821819782
loss/0,12039,0.05432219058275223,0.0860801337659359
loss/0,12276,0.07132940739393234,0.08606218248605728
loss/0,12276,0.06742289662361145,0.08570452600717544
loss/0,12289,0.0882362648844719,0.08575594499707222
loss/0,12289,0.10017144680023193,0.08581683218479157
loss/0,12539,0.09611645340919495,0.08599486142396927
loss/0,12539,0.1008576825261116,0.08605850666761398
loss/0,12789,0.08760762959718704,0.08620834037661552
loss/0,12789,0.08973007649183273,0.08631195425987244
loss/0,12960,0.08988378942012787,0.08617044150829316
loss/0,12960,0.09220495074987411,0.08619892105460167
loss/0,13210,0.0792868509888649,0.0862955740094185
loss/0,13210,0.09875786304473877,0.08650274798274041
loss/0,13460,0.07831668108701706,0.08608712896704673
loss/0,13460,0.0895671546459198,0.0858789201080799
loss/0,13710,0.07550668716430664,0.08578626617789269
loss/0,13710,0.10896836221218109,0.08621242254972458
loss/0,13960,0.08603158593177795,0.08617224901914597
loss/0,13960,0.09483522176742554,0.08644773036241532
loss/0,14131,0.10938867926597595,0.08694823369383813
loss/0,14131,0.09078333526849747,0.0873038026690483
loss/0,14276,0.07104749232530594,0.08724603816866874
loss/0,14276,0.09710114449262619,0.0868135191500187
loss/0,14381,0.07515021413564682,0.08636575043201447
loss/0,14381,0.09009186178445816,0.0860878238081932
loss/0,14631,0.06719333678483963,0.08581895262002945
loss/0,14631,0.09732812643051147,0.0862302342057228
loss/0,14881,0.07586927711963654,0.08618668198585511
loss/0,14881,0.08278044313192368,0.08622129857540131
loss/0,15131,0.067936010658741,0.08588045284152031
loss/0,15131,0.12589842081069946,0.08653975710272789
loss/0,15302,0.07833115011453629,0.08648604854941368
loss/0,15302,0.10755512118339539,0.08710591733455658
loss/0,15552,0.08418497443199158,0.08751374363899231
loss/0,15552,0.07056981325149536,0.08695683911442757
loss/0,15802,0.07769478112459183,0.08709236711263657
loss/0,15802,0.08984944224357605,0.08732145592570305
loss/0,16052,0.09807366132736206,0.08772608488798142
loss/0,16052,0.09436637163162231,0.0879497629404068
loss/0,16276,0.07185443490743637,0.08796742141246795
loss/0,16276,0.0987095907330513,0.08830339744687081
loss/0,16302,0.07616858184337616,0.0880458277463913
loss/0,16302,0.06486769020557404,0.08761133044958115
loss/0,16473,0.09859693050384521,0.0875821827352047
loss/0,16473,0.11673793941736221,0.08790795013308525
loss/0,16723,0.07411247491836548,0.08740772396326064
loss/0,16723,0.0663476213812828,0.08695421099662781
loss/0,16973,0.07641524076461792,0.08672830373048783
loss/0,16973,0.09029577672481537,0.08633981376886368
loss/0,17223,0.0856834277510643,0.08640273123979568
loss/0,17223,0.06924942135810852,0.08670127585530281
loss/0,17473,0.08361155539751053,0.08694691881537438
loss/0,17473,0.06396995484828949,0.08687785997986794
loss/0,17723,0.06597927212715149,0.08643272012472153
loss/0,17723,0.07278308272361755,0.08588495284318924
loss/0,17973,0.07183758914470673,0.08539937555789948
loss/0,17973,0.10175348818302155,0.08541729167103768
loss/0,18223,0.06781189888715744,0.08502137705683709
loss/0,18223,0.09064572304487228,0.08503968998789788
loss/0,18473,0.08404827862977982,0.08492297977209091
loss/0,18473,0.08446768671274185,0.08476823449134827
loss/0,18723,0.08139818906784058,0.08481046125292778
loss/0,18723,0.07862628251314163,0.08440782964229583
loss/0,18894,0.07199481874704361,0.08428139239549637
loss/0,18894,0.0856158658862114,0.0842023666203022
loss/0,19144,0.07297364622354507,0.08415170580148697
loss/0,19144,0.08412802219390869,0.08365489900112152
loss/0,19394,0.07281237095594406,0.08339051470160484
loss/0,19394,0.09628300368785858,0.0834194703400135
loss/0,19644,0.07524649053812027,0.08273662656545638
loss/0,19644,0.06364354491233826,0.08219383075833321
loss/0,19723,0.06838542222976685,0.08214058935642242
loss/0,19723,0.08790967613458633,0.08195675998926162
loss/0,19894,0.0885089784860611,0.08222393527626991
loss/0,19894,0.09371735900640488,0.08229644522070885
loss/0,20065,0.06991541385650635,0.08235088676214218
loss/0,20065,0.07592510432004929,0.08192282631993293
loss/0,20315,0.07801799476146698,0.08196580067276954
loss/0,20315,0.10440659523010254,0.08239832371473313
loss/0,20565,0.0850021168589592,0.08273964583873748
loss/0,20565,0.06573238223791122,0.08153632506728173
loss/0,20815,0.06668481230735779,0.08130339831113816
loss/0,20815,0.08769943565130234,0.08090628460049629
loss/0,21065,0.08488207310438156,0.0809202265739441
loss/0,21065,0.11019431799650192,0.08171271666884422
loss/0,21236,0.07798467576503754,0.08171851456165313
loss/0,21236,0.087428018450737,0.08167008608579636
loss/0,21486,0.08545432984828949,0.08141769945621491
loss/0,21486,0.07716816663742065,0.08107373535633088
loss/0,21723,0.0768262967467308,0.08117317259311677
loss/0,21723,0.09199434518814087,0.08103886768221855
loss/0,21736,0.08358010649681091,0.08118709817528724
loss/0,21736,0.07399220019578934,0.08136958837509155
loss/0,21986,0.05780526250600815,0.08055375501513481
loss/0,21986,0.07604711502790451,0.07973993852734566
loss/0,22236,0.0722387358546257,0.07970246374607086
loss/0,22236,0.06656602770090103,0.07970683187246323
loss/0,22407,0.08957553654909134,0.07997003778815269
loss/0,22407,0.0715724378824234,0.07959557101130485
loss/0,22657,0.08671706914901733,0.07961624383926391
loss/0,22657,0.08590546250343323,0.07994936466217041
loss/0,22907,0.07196523994207382,0.07971643835306168
loss/0,22907,0.08928188681602478,0.08022267699241638
loss/0,23157,0.07446840405464172,0.08039245963096618
loss/0,23157,0.06630915403366089,0.08026298105716706
loss/0,23407,0.07565844804048538,0.08033939823508263
loss/0,23407,0.07911744713783264,0.07988667741417885
loss/0,23578,0.0677814856171608,0.07988606914877891
loss/0,23578,0.05702400207519531,0.07921363472938538
loss/0,23723,0.07501334697008133,0.0790329360961914
loss/0,23723,0.0879141241312027,0.07910186484456062
loss/0,23828,0.0778084546327591,0.079030070155859
loss/0,23828,0.08579149097204208,0.079173374325037
loss/0,24078,0.07596934586763382,0.07925286486744881
loss/0,24078,0.0940813347697258,0.07942217424511909
loss/0,24328,0.06194072216749191,0.07920151576399803
loss/0,24328,0.07356347143650055,0.07899022474884987
loss/0,24578,0.07021414488554001,0.07893826022744178
loss/0,24578,0.12767229974269867,0.07956604614853859
loss/0,24749,0.07626298815011978,0.07958637610077858
loss/0,24749,0.08606088161468506,0.08003472283482552
loss/0,24999,0.06445833295583725,0.07995618104934693
loss/0,24999,0.06283781677484512,0.0794547438621521
loss/0,25249,0.057679709047079086,0.07883815847337246
loss/0,25249,0.09264025092124939,0.07881661631166935
loss/0,25499,0.0761607363820076,0.07894152276217938
loss/0,25499,0.08121757954359055,0.0790473722666502
loss/0,25723,0.06620357185602188,0.0788110838085413
loss/0,25723,0.08336059749126434,0.07839016385376453
loss/0,25749,0.07095023989677429,0.07810912631452084
loss/0,25749,0.07546751946210861,0.07830382905900478
loss/0,25920,0.0668247789144516,0.07830662839114666
loss/0,25920,0.08320765197277069,0.07821679271757603
loss/0,26170,0.0684056431055069,0.07788726411759854
loss/0,26170,0.09034499526023865,0.07749027766287327
loss/0,26420,0.07822335511445999,0.07749505124986172
loss/0,26420,0.07500521838665009,0.07724659524857998
loss/0,26670,0.06959420442581177,0.07692939274013043
loss/0,26670,0.06411077082157135,0.07666824482381344
loss/0,26920,0.07371963560581207,0.07660611160099506
loss/0,26920,0.09780286252498627,0.07672228194773197
loss/0,27091,0.06460335105657578,0.07634274683892726
loss/0,27091,0.08098822832107544,0.07648266740143299
loss/0,27341,0.08632831275463104,0.07705312840640545
loss/0,27341,0.08850516378879547,0.07730228938162327
loss/0,27591,0.07885325700044632,0.07743457980453967
loss/0,27591,0.09323637932538986,0.07796798683702946
loss/0,27723,0.07355789840221405,0.0776476340740919
loss/0,27723,0.08461251109838486,0.07790843553841115
loss/0,27841,0.0662117600440979,0.07749832935631275
loss/0,27841,0.08809137344360352,0.07754204757511615
loss/0,28091,0.06502609699964523,0.07740326471626759
loss/0,28091,0.07109519094228745,0.07703953079879283
loss/0,28262,0.05962507054209709,0.07674266412854194
loss/0,28262,0.06574693322181702,0.07673141971230507
loss/0,28512,0.07453437894582748,0.07670893833041191
loss/0,28512,0.08776592463254929,0.07688190788030624
loss/0,28762,0.06605768948793411,0.07684743195772172
loss/0,28762,0.08853615075349808,0.07747767493128777
loss/0,29012,0.06504421681165695,0.07727829232811928
loss/0,29012,0.10294856876134872,0.0775789812207222
loss/0,29262,0.07328319549560547,0.07748847603797912
loss/0,29262,0.08396079391241074,0.0774518620967865
loss/0,29433,0.07171496748924255,0.07736677452921867
loss/0,29433,0.09040088951587677,0.0772931656241417
loss/0,29683,0.07015139609575272,0.0774573791027069
loss/0,29683,0.0871523916721344,0.07772915750741959
loss/0,29723,0.07752977311611176,0.07787547007203102
loss/0,29723,0.06449767202138901,0.07661197751760483
loss/0,29933,0.07039640843868256,0.07649464592337608
loss/0,29933,0.08250141143798828,0.07642345651984214
loss/0,30183,0.07029338926076889,0.07654015764594078
loss/0,30183,0.08453330397605896,0.07697406738996505
loss/0,30433,0.07483530044555664,0.07731717921793461
loss/0,30433,0.05744402855634689,0.07661325477063656
loss/0,30604,0.05738066881895065,0.07623765341937543
loss/0,30604,0.08717275410890579,0.07635675691068172
loss/0,30854,0.07444454729557037,0.0765215764194727
loss/0,30854,0.09107355028390884,0.07667583547532558
loss/0,31104,0.0622083805501461,0.07650099828839302
loss/0,31104,0.08976120501756668,0.07678687199950218
loss/0,31354,0.07768756151199341,0.07700412765145302
loss/0,31354,0.08659132570028305,0.07707180112600326
loss/0,31604,0.07355891168117523,0.07717486649751663
loss/0,31604,0.07947973906993866,0.07695756137371063
loss/0,31723,0.07735073566436768,0.07694010898470878
loss/0,31723,0.08063571155071259,0.07705271884799003
loss/0,31775,0.06758802384138107,0.07701259523630143
loss/0,31775,0.07050501555204391,0.07714048013091088
loss/0,32025,0.06884529441595078,0.07704299330711364
loss/0,32025,0.07339117676019669,0.07655475959181786
loss/0,32275,0.05677931010723114,0.07639827877283097
loss/0,32275,0.08648093789815903,0.07650813296437263
loss/0,32525,0.07919102162122726,0.07636538714170456
loss/0,32525,0.11007608473300934,0.07679680556058884
loss/0,32775,0.07210122793912888,0.07666176497936249
loss/0,32775,0.0884435623884201,0.0765659086406231
loss/0,32946,0.07260994613170624,0.07654694959521294
loss/0,32946,0.07124365121126175,0.07627957239747048
loss/0,33196,0.07568131387233734,0.07646896347403526
loss/0,33196,0.07013344019651413,0.07610980480909348
loss/0,33446,0.0662546455860138,0.07613437578082084
loss/0,33446,0.09310553222894669,0.07657458260655403
loss/0,33696,0.07880126684904099,0.07695810653269292
loss/0,33696,0.07725100964307785,0.07718818806111813
loss/0,33723,0.0665908083319664,0.0770293166488409
loss/0,33723,0.10671848803758621,0.07740836791694164
loss/0,33946,0.060982596129179,0.07730686604976654
loss/0,33946,0.08790629357099533,0.07729426890611649
loss/0,34117,0.06910672038793564,0.07737551897764205
loss/0,34117,0.07510329782962799,0.07681861355900764
loss/0,34367,0.07287836074829102,0.07681051686406136
loss/0,34367,0.0767313539981842,0.07666592806577682
loss/0,34617,0.07722108066082001,0.07677605032920837
loss/0,34617,0.0960288718342781,0.0768886099755764
loss/0,34867,0.0787939578294754,0.07706146121025086
loss/0,34867,0.07167663425207138,0.0767519460618496
loss/0,35117,0.0788831040263176,0.07677901268005372
loss/0,35117,0.0789736956357956,0.07706853315234184
loss/0,35288,0.08857884258031845,0.07743218183517456
loss/0,35288,0.08120376616716385,0.07740622892975807
loss/0,35538,0.06653385609388351,0.07733103826642036
loss/0,35538,0.07237403839826584,0.0770878529548645
loss/0,35723,0.07169584929943085,0.07702506393194199
loss/0,35723,0.08427564799785614,0.07756169632077217
loss/0,35788,0.06578408181667328,0.07772976458072663
loss/0,35788,0.08085091412067413,0.07760332778096199
loss/0,36038,0.0734119638800621,0.07758267611265182
loss/0,36038,0.07307647913694382,0.07722273468971252
loss/0,36288,0.07719364762306213,0.07752244003117084
loss/0,36288,0.08738905191421509,0.07747499696910382
loss/1,0,0.153946653008461,0.153946653008461
loss/1,0,0.11169763654470444,0.13282214477658272
loss/1,250,0.13027095794677734,0.13197174916664758
loss/1,250,0.08932296186685562,0.1213095523416996
loss/1,500,0.12513655424118042,0.12207495272159577
loss/1,500,0.12294688075780869,0.12222027406096458
loss/1,750,0.10746711492538452,0.12011267989873886
loss/1,750,0.1258828043937683,0.12083394546061754
loss/1,1000,0.13675709068775177,0.12260318381918801
loss/1,1000,0.07342730462551117,0.11768559589982033
loss/1,1171,0.11320716142654419,0.11727846549315886
loss/1,1171,0.09654836356639862,0.11555095699926217
loss/1,1421,0.10840238630771637,0.11500106694606635
loss/1,1421,0.10062351077795029,0.11397409864834376
loss/1,1671,0.10043931752443314,0.11307177990674973
loss/1,1671,0.10644824057817459,0.11265780869871378
loss/1,1921,0.12025301158428192,0.11310458533904132
loss/1,1921,0.09920454770326614,0.1123323610259427
loss/1,2000,0.09830718487501144,0.1115941938601042
loss/1,2000,0.11886259913444519,0.11195761412382126
loss/1,2171,0.09192272275686264,0.11100357167777561
loss/1,2171,0.12359214574098587,0.11157577958973972
loss/1,2342,0.08796058595180511,0.1105490320402643
loss/1,2342,0.10883340984582901,0.11047754778216283
loss/1,2592,0.10467738658189774,0.11024554133415222
loss/1,2592,0.10728317499160767,0.11013160416713128
loss/1,2842,0.08236576616764069,0.10910323979677977
loss/1,2842,0.0668901726603508,0.10759563025619302
loss/1,3092,0.08687914907932281,0.10688126883630095
loss/1,3092,0.1071174368262291,0.10688914110263188
loss/1,3342,0.10140807926654816,0.1067123326563066
loss/1,3342,0.07358817011117935,0.10567720257677138
loss/1,3513,0.06995218992233276,0.10459462643572778
loss/1,3513,0.07653640955686569,0.10376938476282008
loss/1,3763,0.08654212206602097,0.10327717725719725
loss/1,3763,0.10983474552631378,0.10345933193133937
loss/1,4000,0.0991499051451683,0.10334286093711853
loss/1,4000,0.09983699768781662,0.10325060137792637
loss/1,4013,0.08580358326435089,0.10280324193911675
loss/1,4013,0.08550549298524857,0.10237079821527004
loss/1,4263,0.09408292919397354,0.10216865506840915
loss/1,4263,0.08412393927574158,0.10173901897810754
loss/1,4513,0.09924100339412689,0.10168092559243358
loss/1,4513,0.10657250136137009,0.10179209776900032
loss/1,4684,0.08404799550771713,0.10139778438541625
loss/1,4684,0.09234872460365295,0.10120106569450835
loss/1,4934,0.09252513200044632,0.10101647136059214
loss/1,4934,0.08574613183736801,0.10069833928719163
loss/1,5184,0.07776424288749695,0.10023029650352439
loss/1,5184,0.10184413194656372,0.10026257321238517
loss/1,5434,0.07585645467042923,0.09870076924562454
loss/1,5434,0.09459981322288513,0.09835881277918816
loss/1,5684,0.08629809319972992,0.0974793554842472
loss/1,5684,0.07628161460161209,0.09721852853894233
loss/1,5855,0.10816571861505508,0.09687911182641983
loss/1,5855,0.09992914646863937,0.09641875714063644
loss/1,6000,0.07337848097085953,0.09573698446154594
loss/1,6000,0.07475235313177109,0.094714375436306
loss/1,6105,0.09118884056806564,0.09380301043391227
loss/1,6105,0.10339824855327606,0.09440242931246758
loss/1,6355,0.08216239511966705,0.09378153398633003
loss/1,6355,0.09378374367952347,0.09372624158859252
loss/1,6605,0.08384349942207336,0.09323506385087967
loss/1,6605,0.0613548569381237,0.09244969077408313
loss/1,6855,0.07206273078918457,0.09188215903937817
loss/1,6855,0.08538420498371124,0.09146087832748889
loss/1,7026,0.08559004217386246,0.09076761893928051
loss/1,7026,0.0969885066151619,0.09072329811751842
loss/1,7276,0.08728748559951782,0.09050290413200855
loss/1,7276,0.09782803803682327,0.09008221291005611
loss/1,7526,0.0799928605556488,0.08984361566603184
loss/1,7526,0.08460432291030884,0.0890638592094183
loss/1,7776,0.09706123918294907,0.08924587227404118
loss/1,7776,0.09092142432928085,0.08888763256371021
loss/1,8000,0.07449352741241455,0.08828395538032055
loss/1,8000,0.08831436932086945,0.08790457926690579
loss/1,8026,0.09907440096139908,0.08823875196278096
loss/1,8026,0.099897600710392,0.08889890052378177
loss/1,8276,0.080197274684906,0.08876526303589344
loss/1,8276,0.0875784307718277,0.08837448291480542
loss/1,8526,0.08797398954629898,0.08810580112040042
loss/1,8526,0.08085040003061295,0.0882510457187891
loss/1,8776,0.08339319378137589,0.08851986579596996
loss/1,8776,0.07295463234186172,0.08844823025166988
loss/1,9026,0.0738789439201355,0.08819496668875218
loss/1,9026,0.1183774396777153,0.0883658205717802
loss/1,9276,0.09728388488292694,0.08832850016653537
loss/1,9276,0.10329028218984604,0.08839756585657596
loss/1,9447,0.0802917331457138,0.08828732885420322
loss/1,9447,0.07674264162778854,0.08811207182705402
loss/1,9697,0.07813002914190292,0.08779301382601261
loss/1,9697,0.08090611547231674,0.08772865734994412
loss/1,9947,0.0847165435552597,0.08743816815316677
loss/1,9947,0.09259435534477234,0.08715860523283482
loss/1,10197,0.08113152533769608,0.0871002758294344
loss/1,10197,0.07659665495157242,0.08678523443639279
loss/1,10276,0.06371615082025528,0.08620905481278897
loss/1,10276,0.0982763022184372,0.08645965822041035
loss/1,10447,0.07080325484275818,0.08632043845951558
loss/1,10447,0.07851820439100266,0.08585391990840435
loss/1,10618,0.0777689516544342,0.08589216984808445
loss/1,10618,0.0832134261727333,0.0856644421070814
loss/1,10868,0.07068585604429245,0.08535219736397266
loss/1,10868,0.0818411186337471,0.08546338744461536
loss/1,11118,0.08862072974443436,0.08507248766720295
loss/1,11118,0.08640055358409882,0.08480191580951214
loss/1,11368,0.09942583739757538,0.08532286293804646
loss/1,11368,0.10035499185323715,0.08583491571247577
loss/1,11618,0.09905217587947845,0.08599218241870403
loss/1,11618,0.08895978331565857,0.08570341311395169
loss/1,11789,0.08758709579706192,0.08581190712749959
loss/1,11789,0.10964202135801315,0.08612907268106937
loss/1,12039,0.08219344913959503,0.08609607167541981
loss/1,12039,0.05430774763226509,0.08595512948930263
loss/1,12276,0.07133817672729492,0.08594063840806485
loss/1,12276,0.06742147356271744,0.08558138377964497
loss/1,12289,0.08809563517570496,0.08563149563968181
loss/1,12289,0.0998520627617836,0.08568876676261425
loss/1,12539,0.09592204540967941,0.08586145795881749
loss/1,12539,0.100600466132164,0.0859169065207243
loss/1,12789,0.08743005990982056,0.08606565050780773
loss/1,12789,0.08960496634244919,0.08616566337645054
loss/1,12960,0.08980602771043777,0.08602055914700031
loss/1,12960,0.09181292355060577,0.0860383891314268
loss/1,13210,0.0789095088839531,0.08612670876085758
loss/1,13210,0.09852830320596695,0.08633098743855953
loss/1,13460,0.07836408913135529,0.08591678120195866
loss/1,13460,0.0894463062286377,0.08570775531232357
loss/1,13710,0.0754389837384224,0.0856125894933939
loss/1,13710,0.10901972651481628,0.08604141540825366
loss/1,13960,0.0861561968922615,0.08600505955517292
loss/1,13960,0.09485159814357758,0.0862850835174322
loss/1,14131,0.10951490700244904,0.08680751778185368
loss/1,14131,0.09086158126592636,0.08716565676033497
loss/1,14276,0.07102195173501968,0.08710851691663266
loss/1,14276,0.09714677184820175,0.08668390356004238
loss/1,14381,0.07516460120677948,0.08624151788651943
loss/1,14381,0.09020278602838516,0.08597976796329021
loss/1,14631,0.06731822341680527,0.08572029776871204
loss/1,14631,0.09736540168523788,0.08613275296986103
loss/1,14881,0.07574956864118576,0.08608514375984669
loss/1,14881,0.08267912268638611,0.08612060390412807
loss/1,15131,0.06804638355970383,0.08578720070421696
loss/1,15131,0.12592162191867828,0.08645374603569507
loss/1,15302,0.07842256128787994,0.08639956675469876
loss/1,15302,0.1076742559671402,0.0870211187750101
loss/1,15552,0.08419328927993774,0.08743066154420376
loss/1,15552,0.07046269625425339,0.08687438942492008
loss/1,15802,0.07773000001907349,0.08701292432844639
loss/1,15802,0.08988865464925766,0.08724033333361149
loss/1,16052,0.09807246923446655,0.08764640368521213
loss/1,16052,0.09435755759477615,0.087869286313653
loss/1,16276,0.07183517515659332,0.08789227269589901
loss/1,16276,0.0987710952758789,0.08823087222874165
loss/1,16302,0.0761292427778244,0.08798104248940945
loss/1,16302,0.06497582793235779,0.08755254797637463
loss/1,16473,0.09868191927671432,0.08753766961395741
loss/1,16473,0.11673035472631454,0.08786517687141895
loss/1,16723,0.07409287244081497,0.08736599080264568
loss/1,16723,0.06615966558456421,0.08690998844802379
loss/1,16973,0.07643447071313858,0.08668693594634533
loss/1,16973,0.09053465723991394,0.08630478866398335
loss/1,17223,0.08561857044696808,0.08637329109013081
loss/1,17223,0.06932244449853897,0.08667358502745628
loss/1,17473,0.08359729498624802,0.08691876739263535
loss/1,17473,0.06390202790498734,0.08684837847948074
loss/1,17723,0.06591463834047318,0.08640475854277611
loss/1,17723,0.07288794219493866,0.0858654761314392
loss/1,17973,0.07193887233734131,0.08538581266999244
loss/1,17973,0.10194514691829681,0.08541270628571511
loss/1,18223,0.06788946688175201,0.08502189442515373
loss/1,18223,0.09070612490177155,0.08504391759634018
loss/1,18473,0.08396945893764496,0.08492718622088433
loss/1,18473,0.08447295427322388,0.08478038683533669
loss/1,18723,0.08159388601779938,0.08483407437801362
loss/1,18723,0.07867325842380524,0.08443697348237038
loss/1,18894,0.0719456598162651,0.08430860489606858
loss/1,18894,0.08560856431722641,0.08423185005784034
loss/1,19144,0.07290199398994446,0.08418111026287078
loss/1,19144,0.08402901887893677,0.0836812961101532
loss/1,19394,0.0727851390838623,0.08341387495398521
loss/1,19394,0.09612156450748444,0.08343927428126335
loss/1,19644,0.07528943568468094,0.08275476485490799
loss/1,19644,0.06361065804958344,0.08220974639058114
loss/1,19723,0.06835690140724182,0.08215644538402557
loss/1,19723,0.0879121646285057,0.08197175323963166
loss/1,19894,0.08827657252550125,0.08223399266600609
loss/1,19894,0.09345519542694092,0.0822990408539772
loss/1,20065,0.06987641006708145,0.08235020458698272
loss/1,20065,0.07601165026426315,0.08192312955856323
loss/1,20315,0.07808652520179749,0.08196986868977546
loss/1,20315,0.10441092401742935,0.08240450471639633
loss/1,20565,0.08517146110534668,0.08274700626730919
loss/1,20565,0.06553447246551514,0.08153926327824593
loss/1,20815,0.06687795370817184,0.08130837112665176
loss/1,20815,0.08773394674062729,0.08090956494212151
loss/1,21065,0.08486490696668625,0.08092299729585647
loss/1,21065,0.11021436005830765,0.08171803057193756
loss/1,21236,0.07809832692146301,0.08172539710998535
loss/1,21236,0.08745313435792923,0.08167668670415879
loss/1,21486,0.0854979157447815,0.08142519563436508
loss/1,21486,0.07713870704174042,0.08108081862330437
loss/1,21723,0.07683861255645752,0.08118088737130165
loss/1,21723,0.09207261353731155,0.0810469177365303
loss/1,21736,0.08367542177438736,0.08119784131646156
loss/1,21736,0.07392492890357971,0.081376823335886
loss/1,21986,0.05784260854125023,0.08056003712117672
loss/1,21986,0.07586994022130966,0.07974282883107663
loss/1,22236,0.07229594141244888,0.0797068902105093
loss/1,22236,0.06662624329328537,0.07971622176468372
loss/1,22407,0.08969566226005554,0.07998144559562206
loss/1,22407,0.0716131404042244,0.07960301525890827
loss/1,22657,0.08666887879371643,0.07962402142584324
loss/1,22657,0.08582895249128342,0.07995415158569813
loss/1,22907,0.07195878028869629,0.07972138129174709
loss/1,22907,0.08922097086906433,0.08022776015102863
loss/1,23157,0.07454494386911392,0.08040036626160145
loss/1,23157,0.06638678908348083,0.08027034319937229
loss/1,23407,0.07562262564897537,0.08034401826560497
loss/1,23407,0.07916721701622009,0.07988845966756344
loss/1,23578,0.067916139960289,0.07988899312913418
loss/1,23578,0.057050205767154694,0.07921587474644184
loss/1,23723,0.07513697445392609,0.07903922505676747
loss/1,23723,0.08799850940704346,0.07910973615944386
loss/1,23828,0.07779992371797562,0.07903385691344739
loss/1,23828,0.08582156896591187,0.07917682312428952
loss/1,24078,0.07586634904146194,0.07925523690879345
loss/1,24078,0.09392774850130081,0.07942162059247494
loss/1,24328,0.061906587332487106,0.0792017124593258
loss/1,24328,0.07360939681529999,0.07899332001805305
loss/1,24578,0.07027345895767212,0.07894308641552925
loss/1,24578,0.12764619290828705,0.0795735789835453
loss/1,24749,0.0762510821223259,0.07959281191229821
loss/1,24749,0.08596187084913254,0.08003983616828919
loss/1,24999,0.0645231306552887,0.07996316075325012
loss/1,24999,0.06293021887540817,0.07946352183818817
loss/1,25249,0.05764728784561157,0.07885093614459038
loss/1,25249,0.09262490272521973,0.07883433029055595
loss/1,25499,0.0762089192867279,0.07896098047494889
loss/1,25499,0.08119076490402222,0.07906456276774407
loss/1,25723,0.06630036979913712,0.07882883965969086
loss/1,25723,0.08324416726827621,0.07840550452470779
loss/1,25749,0.07093406468629837,0.07812075659632683
loss/1,25749,0.07557403296232224,0.07832154780626296
loss/1,25920,0.06684129685163498,0.07832081466913224
loss/1,25920,0.08322612196207047,0.07823065817356109
loss/1,26170,0.0684259906411171,0.07790187984704972
loss/1,26170,0.09038707613945007,0.07750533416867256
loss/1,26420,0.07823880761861801,0.07750814378261567
loss/1,26420,0.07503142207860947,0.07725970953702926
loss/1,26670,0.0698012039065361,0.07694577530026436
loss/1,26670,0.0641462579369545,0.07668592631816865
loss/1,26920,0.07387294620275497,0.07662661299109459
loss/1,26920,0.09781743586063385,0.07674150943756103
loss/1,27091,0.06468118727207184,0.07636162474751472
loss/1,27091,0.08091378211975098,0.07650140181183815
loss/1,27341,0.08652926981449127,0.07707513503730297
loss/1,27341,0.08862382173538208,0.07733021266758441
loss/1,27591,0.07881492376327515,0.07746059231460095
loss/1,27591,0.09332402050495148,0.07799454785883426
loss/1,27723,0.07360873371362686,0.0776728092879057
loss/1,27723,0.08477804809808731,0.07793610744178295
loss/1,27841,0.06630151718854904,0.07752876020967961
loss/1,27841,0.08796393871307373,0.0775714599341154
loss/1,28091,0.06516944617033005,0.07743567325174809
loss/1,28091,0.07114864140748978,0.07707422666251659
loss/1,28262,0.0596432201564312,0.07677619218826294
loss/1,28262,0.0657678171992302,0.07676381275057792
loss/1,28512,0.07401677966117859,0.076731695830822
loss/1,28512,0.08764287084341049,0.07690120890736579
loss/1,28762,0.06618602573871613,0.07686660662293435
loss/1,28762,0.08854502439498901,0.07749650299549103
loss/1,29012,0.06527186930179596,0.07729920089244842
loss/1,29012,0.10301554948091507,0.07759954169392586
loss/1,29262,0.07323652505874634,0.07750827372074127
loss/1,29262,0.0839649885892868,0.07747114211320877
loss/1,29433,0.07171190530061722,0.07738805323839187
loss/1,29433,0.0904548242688179,0.07731859475374221
loss/1,29683,0.0702124536037445,0.07748471207916736
loss/1,29683,0.08724211901426315,0.07775736652314663
loss/1,29723,0.07761833071708679,0.07790426395833493
loss/1,29723,0.06452775746583939,0.07664189524948598
loss/1,29933,0.07060032337903976,0.07652888007462025
loss/1,29933,0.08255182951688766,0.07646067924797535
loss/1,30183,0.07038947194814682,0.07657800607383251
loss/1,30183,0.08462758362293243,0.077011953368783
loss/1,30433,0.07487748563289642,0.07735655732452869
loss/1,30433,0.0574682243168354,0.07665342375636101
loss/1,30604,0.05756349116563797,0.0762805151939392
loss/1,30604,0.08727815002202988,0.07640226289629937
loss/1,30854,0.07468825578689575,0.07657002061605453
loss/1,30854,0.09105037152767181,0.07672614470124245
loss/1,31104,0.06225330010056496,0.07655252940952778
loss/1,31104,0.08986252546310425,0.07683829925954341
loss/1,31354,0.07784456014633179,0.07705836452543735
loss/1,31354,0.08665681630373001,0.07712697841227055
loss/1,31604,0.07364089041948318,0.07723127640783786
loss/1,31604,0.07950817048549652,0.07701369829475879
loss/1,31723,0.07706616073846817,0.0769902453571558
loss/1,31723,0.08045145124197006,0.07709864594042301
loss/1,31775,0.06678161770105362,0.07703825421631336
loss/1,31775,0.07056634873151779,0.07716665603220463
loss/1,32025,0.06904178857803345,0.0770700328797102
loss/1,32025,0.07338929176330566,0.07658146999776363
loss/1,32275,0.056946318596601486,0.07642677262425422
loss/1,32275,0.08637023717164993,0.0765359017252922
loss/1,32525,0.07927466928958893,0.07639080971479416
loss/1,32525,0.11009209603071213,0.07682017520070077
loss/1,32775,0.07219825685024261,0.07668784186244011
loss/1,32775,0.08846820145845413,0.07659072548151016
loss/1,32946,0.07274474948644638,0.07657344579696655
loss/1,32946,0.07116635888814926,0.0763012120127678
loss/1,33196,0.07568191736936569,0.07648882001638413
loss/1,33196,0.0701582133769989,0.07613270550966263
loss/1,33446,0.06630539894104004,0.07615542456507683
loss/1,33446,0.09310288727283478,0.07659450948238372
loss/1,33696,0.07892674207687378,0.07698017992079258
loss/1,33696,0.07722456753253937,0.07720931492745876
loss/1,33723,0.066583052277565,0.0770606403797865
loss/1,33723,0.10671554505825043,0.0774420938640833
loss/1,33946,0.06103013455867767,0.07733897604048252
loss/1,33946,0.08796345442533493,0.07732734464108944
loss/1,34117,0.06919878721237183,0.07740588299930096
loss/1,34117,0.07507236301898956,0.07684701927006245
loss/1,34367,0.0730641782283783,0.07684357233345508
loss/1,34367,0.07675860822200775,0.07669944472610951
loss/1,34617,0.07733196020126343,0.07681184582412243
loss/1,34617,0.09614632278680801,0.07692567579448223
loss/1,34867,0.07874304056167603,0.07709628753364087
loss/1,34867,0.07167075574398041,0.07678486026823521
loss/1,35117,0.07892322540283203,0.0768109581619501
loss/1,35117,0.07905808091163635,0.07710156463086605
loss/1,35288,0.08876390755176544,0.07746483631432056
loss/1,35288,0.08123563975095749,0.07743851251900197
loss/1,35538,0.06670616567134857,0.077364846393466
loss/1,35538,0.07243549823760986,0.07712100468575954
loss/1,35723,0.0718870609998703,0.07706119619309902
loss/1,35723,0.08431204408407211,0.07759807258844376
loss/1,35788,0.06585206836462021,0.0777638441324234
loss/1,35788,0.08090892434120178,0.07763645961880684
loss/1,36038,0.07347461581230164,0.07761218681931496
loss/1,36038,0.07295055687427521,0.07725019052624703
loss/1,36288,0.07744980603456497,0.07755412064492702
loss/1,36288,0.08743666857481003,0.07750560350716114
loss/2,0,0.15307661890983582,0.15307661890983582
loss/2,0,0.11182328313589096,0.1324499510228634
loss/2,250,0.1291438788175583,0.13134792695442835
loss/2,250,0.08971115946769714,0.12093873508274555
loss/2,500,0.1250898540019989,0.12176895886659622
loss/2,500,0.12297545373439789,0.12197004134456317
loss/2,750,0.10737215727567673,0.11988462933472224
loss/2,750,0.12570758163928986,0.1206124983727932
loss/2,1000,0.13768552243709564,0.12250950104660457
loss/2,1000,0.07337820529937744,0.11759637147188187
loss/2,1171,0.11363309621810913,0.1172360737215389
loss/2,1171,0.0966004878282547,0.11551644156376521
loss/2,1421,0.10820499062538147,0.11495402226081261
loss/2,1421,0.1005018949508667,0.11392172745295934
loss/2,1671,0.10035273432731628,0.11301712791124979
loss/2,1671,0.1063016951084137,0.11259741336107254
loss/2,1921,0.12023194134235382,0.11304650324232438
loss/2,1921,0.09900405257940292,0.1122663670943843
loss/2,2000,0.09786749631166458,0.11150853179003063
loss/2,2000,0.11877691745758057,0.11187195107340812
loss/2,2171,0.09188059717416763,0.11091998184011095
loss/2,2171,0.12355358153581619,0.11149423637173393
loss/2,2342,0.08839632570743561,0.11048997938632965
loss/2,2342,0.10858549177646637,0.11041062573591869
loss/2,2592,0.10490120947360992,0.11019024908542634
loss/2,2592,0.1069348007440567,0.11006503953383519
loss/2,2842,0.08246800303459167,0.10904292707090024
loss/2,2842,0.06666833162307739,0.10752954866204943
loss/2,3092,0.08655932545661926,0.1068064375170346
loss/2,3092,0.10707705467939377,0.10681545808911323
loss/2,3342,0.10134676843881607,0.10663904874555526
loss/2,3342,0.0735858753323555,0.10560613707639277
loss/2,3513,0.06977227330207825,0.10452026241656506
loss/2,3513,0.07662259787321091,0.10369974287117228
loss/2,3763,0.08676405251026154,0.1032158660037177
loss/2,3763,0.10939648747444153,0.10338754993346003
loss/2,4000,0.09934212267398834,0.10327821406158241
loss/2,4000,0.09996667504310608,0.1031910682979383
loss/2,4013,0.08568467944860458,0.10274218653257076
loss/2,4013,0.08564700931310654,0.10231480710208415
loss/2,4263,0.09393192082643509,0.10211034646121467
loss/2,4263,0.08416509628295898,0.10168307859982763
loss/2,4513,0.09928872436285019,0.10162739594315373
loss/2,4513,0.10646327584981918,0.10173730230466886
loss/2,4684,0.08343401551246643,0.10133056259817547
loss/2,4684,0.09226198494434357,0.10113341960570087
loss/2,4934,0.09259142726659775,0.10095167508784761
loss/2,4934,0.08595064282417297,0.10063915358235438
loss/2,5184,0.07782983034849167,0.10017365718982657
loss/2,5184,0.10193920880556107,0.10020896822214126
loss/2,5434,0.07621049135923386,0.09867164567112922
loss/2,5434,0.09442627429962158,0.09832370549440383
loss/2,5684,0.08673804253339767,0.09747558876872063
loss/2,5684,0.07641174644231796,0.09720960050821305
loss/2,5855,0.1089809462428093,0.09688742235302925
loss/2,5855,0.09988460689783096,0.09642560541629791
loss/2,6000,0.07371772080659866,0.09575251668691635
loss/2,6000,0.07467259466648102,0.09473181694746018
loss/2,6105,0.09140054136514664,0.09380611732602119
loss/2,6105,0.1032862663269043,0.09440427854657173
loss/2,6355,0.08246161043643951,0.09378084883093835
loss/2,6355,0.09392859786748886,0.09372741103172302
loss/2,6605,0.08398861438035965,0.09324308350682259
loss/2,6605,0.06123018264770508,0.09245764926075935
loss/2,6855,0.07205182313919067,0.09189163103699684
loss/2,6855,0.08567526191473007,0.09147910237312316
loss/2,7026,0.08614008128643036,0.0907972651720047
loss/2,7026,0.09705221652984619,0.09075822845101357
loss/2,7276,0.08734443038702011,0.09054776713252068
loss/2,7276,0.09778910130262375,0.09012801080942154
loss/2,7526,0.07982899248600006,0.08988697871565819
loss/2,7526,0.08481798321008682,0.0891122667491436
loss/2,7776,0.09697934240102768,0.08928392708301544
loss/2,7776,0.09129848331212997,0.08893818691372872
loss/2,8000,0.07460697740316391,0.0883323022723198
loss/2,8000,0.08865145593881607,0.08796663537621498
loss/2,8026,0.09933226555585861,0.08830392062664032
loss/2,8026,0.09985022991895676,0.08896755859255791
loss/2,8276,0.0806577131152153,0.08884952634572983
loss/2,8276,0.08733567595481873,0.08845469877123832
loss/2,8526,0.08829522132873535,0.08819366782903672
loss/2,8526,0.08082988113164902,0.08833854794502258
loss/2,8776,0.08440480381250381,0.08863119855523109
loss/2,8776,0.0727265253663063,0.088553277105093
loss/2,9026,0.07422544807195663,0.0883025050163269
loss/2,9026,0.11848122626543045,0.08848419979214668
loss/2,9276,0.09786997735500336,0.08845475688576698
loss/2,9276,0.10322893410921097,0.08852000206708908
loss/2,9447,0.08040164411067963,0.08841434136033058
loss/2,9447,0.07677679508924484,0.08823693707585335
loss/2,9697,0.07846857607364655,0.08792767018079757
loss/2,9697,0.08109976351261139,0.08786636352539062
loss/2,9947,0.08437095582485199,0.08756800815463066
loss/2,9947,0.09288033843040466,0.08729634940624237
loss/2,10197,0.08142164349555969,0.08725610196590423
loss/2,10197,0.07673034071922302,0.08694546908140183
loss/2,10276,0.06401905417442322,0.08637402161955833
loss/2,10276,0.09861346334218979,0.08662727802991867
loss/2,10447,0.07083412259817123,0.08648736387491227
loss/2,10447,0.0785771831870079,0.0860201233625412
loss/2,10618,0.07775254547595978,0.08605096444487571
loss/2,10618,0.0832831934094429,0.08582810282707215
loss/2,10868,0.07074397802352905,0.08550822153687478
loss/2,10868,0.08188942819833755,0.08561777517199516
loss/2,11118,0.08889326453208923,0.08521602153778077
loss/2,11118,0.0865209698677063,0.08494874879717827
loss/2,11368,0.09988244622945786,0.08547204330563546
loss/2,11368,0.09997507184743881,0.0859780928492546
loss/2,11618,0.09923895448446274,0.08613486111164093
loss/2,11618,0.08917361497879028,0.08585260808467865
loss/2,11789,0.08748585730791092,0.08595309302210807
loss/2,11789,0.10945694148540497,0.0862636598944664
loss/2,12039,0.08191792666912079,0.08622224614024163
loss/2,12039,0.054402582347393036,0.08608569413423538
loss/2,12276,0.07135151326656342,0.08607168793678284
loss/2,12276,0.0677255317568779,0.0857126933336258
loss/2,12289,0.08814343065023422,0.08575276032090187
loss/2,12289,0.09972371906042099,0.08580619037151337
loss/2,12539,0.09623349457979202,0.08598397165536881
loss/2,12539,0.10065779834985733,0.08604134559631348
loss/2,12789,0.0876086875796318,0.08619693949818612
loss/2,12789,0.0895923599600792,0.08629242703318596
loss/2,12960,0.09004733711481094,0.08615378692746162
loss/2,12960,0.09200628101825714,0.08616794288158416
loss/2,13210,0.07904713600873947,0.08625674605369568
loss/2,13210,0.09847907721996307,0.08645329847931862
loss/2,13460,0.07875079661607742,0.086041669100523
loss/2,13460,0.08924948424100876,0.08582965418696403
loss/2,13710,0.07586719840765,0.08573384389281273
loss/2,13710,0.10918819904327393,0.08617089435458183
loss/2,13960,0.08666800707578659,0.08613835006952286
loss/2,13960,0.0952434316277504,0.08642662107944489
loss/2,14131,0.10997503250837326,0.08693802565336227
loss/2,14131,0.09129675477743149,0.08730943024158477
loss/2,14276,0.07178585976362228,0.0872606384754181
loss/2,14276,0.09758711606264114,0.0868427562713623
loss/2,14381,0.07559284567832947,0.08639721363782883
loss/2,14381,0.09012313932180405,0.08613509774208068
loss/2,14631,0.0675254836678505,0.0858775745332241
loss/2,14631,0.0976332575082779,0.08629470378160477
loss/2,14881,0.07586808502674103,0.08624269396066665
loss/2,14881,0.08259110897779465,0.08627252086997032
loss/2,15131,0.06879919022321701,0.08596108555793762
loss/2,15131,0.12591734528541565,0.08662182569503785
loss/2,15302,0.07855068892240524,0.08656440660357476
loss/2,15302,0.10768824070692062,0.08718356460332871
loss/2,15552,0.08440970629453659,0.08759137764573097
loss/2,15552,0.07078005373477936,0.08703470945358277
loss/2,15802,0.07802241295576096,0.08717847526073456
loss/2,15802,0.09002982079982758,0.08740752801299095
loss/2,16052,0.0984218493103981,0.08782091408967972
loss/2,16052,0.09465698152780533,0.08804838985204697
loss/2,16276,0.07226163893938065,0.088078743070364
loss/2,16276,0.09910156577825546,0.08842298582196235
loss/2,16302,0.0766691267490387,0.08817850306630134
loss/2,16302,0.0649610385298729,0.08774730443954468
loss/2,16473,0.09942390769720078,0.08773813366889954
loss/2,16473,0.11688198149204254,0.08807627186179161
loss/2,16723,0.07461126148700714,0.0875837180018425
loss/2,16723,0.06617972254753113,0.08712384015321732
loss/2,16973,0.07649899274110794,0.08690410286188126
loss/2,16973,0.09068576991558075,0.08652867943048477
loss/2,17223,0.08628156036138535,0.08661595210433007
loss/2,17223,0.06933411955833435,0.08691458284854889
loss/2,17473,0.08424098044633865,0.0871723721921444
loss/2,17473,0.06407754123210907,0.08709941238164902
loss/2,17723,0.06618782132863998,0.08666030019521713
loss/2,17723,0.07304521650075912,0.08612673014402389
loss/2,17973,0.07264377176761627,0.08565493568778038
loss/2,17973,0.10241592675447464,0.08569009825587273
loss/2,18223,0.06803674250841141,0.08529865935444832
loss/2,18223,0.0907384604215622,0.08532158136367798
loss/2,18473,0.0845455750823021,0.0852115461230278
loss/2,18473,0.0847022607922554,0.08506546571850776
loss/2,18723,0.08233734965324402,0.08513126999139786
loss/2,18723,0.07874848693609238,0.08473665818572045
loss/2,18894,0.07250239700078964,0.08461169019341469
loss/2,18894,0.08603411167860031,0.08454738274216651
loss/2,19144,0.07350365817546844,0.08450011193752288
loss/2,19144,0.08415127545595169,0.08399937346577645
loss/2,19394,0.07288607209920883,0.0837237347662449
loss/2,19394,0.09614481776952744,0.08374176248908043
loss/2,19644,0.07582724839448929,0.08305880680680275
loss/2,19644,0.06354144215583801,0.08250370055437088
loss/2,19723,0.06897483766078949,0.08244748011231423
loss/2,19723,0.0880526602268219,0.08225679099559784
loss/2,19894,0.08837088942527771,0.08251235187053681
loss/2,19894,0.09396214783191681,0.08258913204073906
loss/2,20065,0.07038060575723648,0.08264623448252678
loss/2,20065,0.07656895369291306,0.08222494840621948
loss/2,20315,0.07845555245876312,0.08227669775485992
loss/2,20315,0.10481233894824982,0.08272112235426902
loss/2,20565,0.08615536242723465,0.08306824579834939
loss/2,20565,0.0657220184803009,0.08186433926224708
loss/2,20815,0.06741807609796524,0.08164168700575829
loss/2,20815,0.08789229393005371,0.08124576807022095
loss/2,21065,0.0854068174958229,0.08126571029424667
loss/2,21065,0.11028871685266495,0.08205588355660438
loss/2,21236,0.07861717790365219,0.08206777885556221
loss/2,21236,0.0877843052148819,0.0820228685438633
loss/2,21486,0.08613058924674988,0.08177704334259034
loss/2,21486,0.07753558456897736,0.08143461540341378
loss/2,21723,0.07710598409175873,0.08153150230646133
loss/2,21723,0.09210115671157837,0.08139149412512779
loss/2,21736,0.083843894302845,0.08153498947620391
loss/2,21736,0.07423800975084305,0.08172052890062333
loss/2,21986,0.05827561765909195,0.08089756309986114
loss/2,21986,0.0758574903011322,0.08007707327604294
loss/2,22236,0.07278573513031006,0.080040562748909
loss/2,22236,0.06659265607595444,0.08004882141947746
loss/2,22407,0.08998271077871323,0.08031849578022957
loss/2,22407,0.07147234678268433,0.07993422731757165
loss/2,22657,0.08708894997835159,0.07995037510991096
loss/2,22657,0.0860670953989029,0.08028503462672233
loss/2,22907,0.07207286357879639,0.0800416722893715
loss/2,22907,0.08966585248708725,0.08055343851447105
loss/2,23157,0.07515951991081238,0.08073287248611451
loss/2,23157,0.06663403660058975,0.08060464888811111
loss/2,23407,0.07588525861501694,0.08066947862505913
loss/2,23407,0.07937829941511154,0.08020872607827187
loss/2,23578,0.0684240460395813,0.08021647214889527
loss/2,23578,0.0571332722902298,0.07954436838626862
loss/2,23723,0.07555243372917175,0.079364505559206
loss/2,23723,0.08802817016839981,0.07943102374672889
loss/2,23828,0.07842187583446503,0.07935271427035331
loss/2,23828,0.08570083975791931,0.07949176132678985
loss/2,24078,0.07618319988250732,0.07956537738442421
loss/2,24078,0.09413086622953415,0.07972731247544289
loss/2,24328,0.06212057173252106,0.07949965074658394
loss/2,24328,0.07373836636543274,0.07929139256477356
loss/2,24578,0.07091785222291946,0.07925202816724777
loss/2,24578,0.12751783430576324,0.0798794884979725
loss/2,24749,0.07664870470762253,0.07989591762423515
loss/2,24749,0.08580279350280762,0.08034114465117455
loss/2,24999,0.0646151453256607,0.08025395080447197
loss/2,24999,0.06315753608942032,0.07975604832172394
loss/2,25249,0.05783603712916374,0.07914535127580166
loss/2,25249,0.09304237365722656,0.07912695579230786
loss/2,25499,0.07735585421323776,0.07926646076142788
loss/2,25499,0.08140429854393005,0.07936316765844822
loss/2,25723,0.06662049889564514,0.07912646658718586
loss/2,25723,0.08342263847589493,0.07869867257773876
loss/2,25749,0.07127407193183899,0.07840104676783084
loss/2,25749,0.07559669762849808,0.07859854035079479
loss/2,25920,0.06737299263477325,0.07859763868153095
loss/2,25920,0.08334123343229294,0.07850661747157574
loss/2,26170,0.06907207518815994,0.07817992262542248
loss/2,26170,0.09058818221092224,0.07778591193258762
loss/2,26420,0.07836461812257767,0.07778086073696613
loss/2,26420,0.07523404806852341,0.07752985559403897
loss/2,26670,0.07041724771261215,0.07721558876335621
loss/2,26670,0.06423509120941162,0.0769495788961649
loss/2,26920,0.07488985359668732,0.07690525628626346
loss/2,26920,0.09831315279006958,0.0770294962078333
loss/2,27091,0.06496075540781021,0.07665183342993259
loss/2,27091,0.08092311769723892,0.07678553558886052
loss/2,27341,0.08730003982782364,0.07736602403223515
loss/2,27341,0.08870168775320053,0.07762290798127651
loss/2,27591,0.07959327846765518,0.07775905884802342
loss/2,27591,0.09345914423465729,0.07829638861119748
loss/2,27723,0.0741734728217125,0.07798020385205745
loss/2,27723,0.08473221212625504,0.07824540115892888
loss/2,27841,0.0666903629899025,0.07783742941915989
loss/2,27841,0.08801299333572388,0.07787634737789631
loss/2,28091,0.06556198745965958,0.07774612985551357
loss/2,28091,0.07125988602638245,0.07737801052629947
loss/2,28262,0.05995890498161316,0.07707399822771549
loss/2,28262,0.06604022532701492,0.077062122002244
loss/2,28512,0.0744229182600975,0.07703287519514561
loss/2,28512,0.08772774040699005,0.07719986401498317
loss/2,28762,0.06732417643070221,0.0771778666228056
loss/2,28762,0.0886671245098114,0.07780854366719722
loss/2,29012,0.06575457751750946,0.07761258654296398
loss/2,29012,0.10358205437660217,0.07792366422712803
loss/2,29262,0.0741175040602684,0.0778375767916441
loss/2,29262,0.08420335501432419,0.07780762709677219
loss/2,29433,0.07298219949007034,0.07774360708892346
loss/2,29433,0.09070350974798203,0.07767505995929241
loss/2,29683,0.07083813101053238,0.07784941114485264
loss/2,29683,0.08737827837467194,0.07812220938503742
loss/2,29723,0.07802962511777878,0.07826444484293461
loss/2,29723,0.0647861659526825,0.07700981147587299
loss/2,29933,0.07142603397369385,0.07690535806119442
loss/2,29933,0.08265617489814758,0.07684242568910121
loss/2,30183,0.0712769627571106,0.07697566203773022
loss/2,30183,0.08522242307662964,0.0774169597774744
loss/2,30433,0.07544571161270142,0.07776915326714516
loss/2,30433,0.05767170339822769,0.07706173986196518
loss/2,30604,0.057912539690732956,0.07667287357151509
loss/2,30604,0.08728035539388657,0.07679039470851422
loss/2,30854,0.07569445669651031,0.07697187386453151
loss/2,30854,0.09099849313497543,0.07712339095771313
loss/2,31104,0.06265145540237427,0.07695093862712384
loss/2,31104,0.08982213586568832,0.07723544739186763
loss/2,31354,0.07859131693840027,0.07745981387794018
loss/2,31354,0.0869164764881134,0.07753131873905658
loss/2,31604,0.07400938868522644,0.07763006500899791
loss/2,31604,0.07958496361970901,0.07741000063717365
loss/2,31723,0.07754822075366974,0.0773936726897955
loss/2,31723,0.08047080785036087,0.07749840788543225
loss/2,31775,0.06749433279037476,0.0774399495869875
loss/2,31775,0.0706494152545929,0.07756823606789112
loss/2,32025,0.06982310861349106,0.0774669011682272
loss/2,32025,0.07363604754209518,0.0769733590632677
loss/2,32275,0.05742863938212395,0.07682271674275398
loss/2,32275,0.08663308620452881,0.07693691611289978
loss/2,32525,0.08007553964853287,0.07679242610931397
loss/2,32525,0.11030710488557816,0.07722453445196152
loss/2,32775,0.07314535975456238,0.07709557607769967
loss/2,32775,0.08845041692256927,0.0769954015314579
loss/2,32946,0.07367762178182602,0.07698548451066017
loss/2,32946,0.07146893441677094,0.07672021895647049
loss/2,33196,0.07585352659225464,0.07690348222851753
loss/2,33196,0.07038167119026184,0.07655085578560829
loss/2,33446,0.06699851900339127,0.07657958641648292
loss/2,33446,0.09311584383249283,0.07701670557260513
loss/2,33696,0.07952530682086945,0.07740803360939026
loss/2,33696,0.07729299366474152,0.07763308897614479
loss/2,33723,0.06720437109470367,0.07748871803283691
loss/2,33723,0.10682438313961029,0.07787065088748932
loss/2,33946,0.061747051775455475,0.07775910839438438
loss/2,33946,0.0880611464381218,0.07774698883295059
loss/2,34117,0.06978903710842133,0.07782767802476882
loss/2,34117,0.07534448802471161,0.07726292669773102
loss/2,34367,0.0738227441906929,0.07725703150033951
loss/2,34367,0.07682447135448456,0.07710945382714271
loss/2,34617,0.07798157632350922,0.0772094413638115
loss/2,34617,0.09644027054309845,0.07732417657971383
loss/2,34867,0.07880111783742905,0.07748343631625175
loss/2,34867,0.07186243683099747,0.07717311948537826
loss/2,35117,0.07960623502731323,0.07720465168356895
loss/2,35117,0.07949934154748917,0.07749891519546509
loss/2,35288,0.08975670486688614,0.07786552861332893
loss/2,35288,0.08141742646694183,0.07784075364470482
loss/2,35538,0.06715086847543716,0.07775823175907134
loss/2,35538,0.07283630967140198,0.0775105094909668
loss/2,35723,0.07247768342494965,0.07745114892721176
loss/2,35723,0.08448164165019989,0.0779873476922512
loss/2,35788,0.06633192300796509,0.07815573535859585
loss/2,35788,0.08122426271438599,0.07803461350500583
loss/2,36038,0.07405655086040497,0.07800185538828373
loss/2,36038,0.07300331443548203,0.07764195181429386
loss/2,36288,0.07803899049758911,0.07794970251619816
loss/2,36288,0.08777210116386414,0.07790870182216167
